X1,X2,X3,X4,X5,X6,X7,X8,X9,X10,X11
201,1,12  31 23111114121413133111 5 7 5 5 5 5 5 5 7 8 7 71101 5 5 8 3 5 3 8 7 7 8 8 7 844421333332,NA,110 9,211112 11 1      3 3111111444414443 3694512,NJ,0090015010010875412E,1,NA,10.911
201,1,12  1  111222253 1023233333 3 7 5 5 4 5 2 3 6 7 7 72  2   3 7 4 5 5 3 2 5 6 7 8 712121122222,NA,2,111112 11 2      141221111334424441275575111,NJ,0090015010015640212E,1,NA,8.991
201,3,21 21  2311444411 423323323 69797 8 6 8 6 4 797 7 61 42   597 4 597 6 5 4 7 7 5 344321311112,NA,1 4,221122211 22     112111111442214242163232411,NJ,0090015010010875412E,1,3,1.001
201,1,22  321131111113 98 1111111 8 5 6 6 6 6 8 8 8 8 8 72  2   8 7 8 5 6 7 8 7 8 7 1 834422222222,NA,1 9,121212 11 1      6 2111111434413442 5208442,NJ,0090015010013640212E,1,NA,1.001
201,1,22  1  2312222211 9922233239797979797979710979797102  19698989898989898989898989841331123132,NA,116,121122 21 2      4 411111948433444913684512,NJ,0090015010015640312E,1,NA,14.241
201,2,122 1  231144443 1033222323 7 2 5 5 6 7 7 3 3 3 3 31 61 7 610 5 2 5 5 5 4 8 9 3 344411112222,NA,2,211122 11 1      4 422222244442444322194522,NJ,0090015010015640212E,1,3,3.431
201,1,22  322,NA,NA,999999 999                          325 52,NJ,0090015010015640212E,1,NA,4.571
201,1,22  1  911111113 98 1111111 6 9 4 6 3 4 5 5 6 6 6 42  2   6 5 5 6 5 5 5 6 5 5 5 544432339232,NA,110,121121 11 1      13211111143334234116415512,NJ,0090015010010875412E,1,NA,8.241
201,3,22 21  9311444411 9933383831010101010101010101010108  2  981097 1 1 1 1 19797979844421122122,NA,1 6,221122 21 2      4 1111111444434442162752111,NJ,0090015010010875412E,1,1,3.571
201,2,112 2  131324443  923833333 7 5 2 5 5 5 7 2 2 2 2 21101 9 110 2 2 1 1 2 7 5 8 2 514411111122,NA,2,211122211 22     11111111142422444226557522,NJ,0090015010015640312E,1,1,6.491
201,1,22  2  2322344412 813331333 6 598 598 4 6 4 4 4 4982  2   5 5 5 598 5 5 5 5 5 59822431133331 7,NA,9,111122 11 2      14311111144422444225385522,NJ,0090015010015640112E,1,NA,9.521
201,1,12  1  131144443 97 3333333 610 8 6 8 5 5 8 8 8 8 82  2   5 8 8 5 5 3 5 8 8 8 5 544421122211 512,NA,2,111112 11 2      142999999333314442265445111,NJ,0090015010015640312E,1,NA,11.721
201,1,12  2  311111113  221333133 5 5 5 5 5 5 5 5 5 5 5 51 29   8 79797979797979797979744413331112,NA,2,221112 11 1      19111111144444444227596512,NJ,0090015010015640112E,1,NA,8.991
201,1,12  1  231914443 1723333313 7 7 6 7 6 5 7 7 7 8 6 72  2   5 8 4 4 4 3 5 6 6 498 44442113122112,NA,9,211192 11 1      111111111444222243272465111,NJ,0090015010013640212E,1,NA,4.161
201,1,21  1  3323323411 923233333 8 7 8 8 7 7 6 6 8 8 7 81 51 7 6 7 6 6 6 7 3 6 7 7 7 722431123231 7,NA,2,999999999 29     11311111144441444323232522,NJ,0090015010015640212E,1,NA,2.941
201,1,12  1  11112411111733133131 7 9 7 6 7 8 6 8 7 7 7 81101 4 5 8 3 2 3 3 3 4 4 6 5 44441113312112 8,NA,116,211111 11 1      13211111144442344126213312,NJ,0090015010010875412E,1,NA,1.851
201,1,22  2  11111111111732133133 5 5 5 5 5 5 5 5 5 6 5 68  8   597 3 3 4 5 3 5 5 5 5 544431333331 6,NA,1 8,999999 99 1      112111111444234443245295111,NJ,0090015010010875412E,1,NA,12.641
201,1,22  1  111229949 98 8888888 5 5 5 5 5 5 5 5 5 5 5 58  8   1 1 1 1 1 3 3 3 3 2 1 133311333312,NA,2,211112 11 2      23311111131411444913628512,NJ,0090015010013640212E,1,NA,6.221
201,1,12  933,NA,NA,999999 999                          423 14,NJ,0090015010013640212E,1,NA,1.001
201,3,11 42  23114444111093332333 5 5 5 5 8 610 4 5 597 52  2   1 5 1 1 5 1 4 5 1 1 1 144412231222,NA,1 8,211112111 11 5131143111111444424442152934411,NJ,0090015010010875412E,1,2,1.001
201,1,12  322,NA,NA,999999 999                          319 53,NJ,0090015010013640112E,1,NA,1.001
201,1,22  1  21199111111033131118 8 7 8989898 5 8 598 7982  11098989898989898989897989844433293931 6 2,NA,1 6 3,999999 99 1      24311111144444444925255512,NJ,0090015010013640212E,1,NA,6.781
201,1,12  322,NA,NA,999999 999                          636 51,NJ,0090015010013640212E,1,NA,4.701
202,1,22  1  231234451197 2832323 59797 9 597 597 397 5 48  8   210 5 1 6 5 198 6 597 612431111212,NA,2,111112 11 2      13311999944444444226504522,DC,0190075110078840115E,1,NA,2.973
202,1,22  1  2211111413 921333121 5 5 5 5 5 5 597 5 5 5 51 98   510 1 5 5 5 1 51010 5 533411111112,NA,2,119222 11 1      11322211144442444216524522,DC,0190075110078840115E,1,NA,2.973
202,2,122 2  212222223 1232222222 1 4 2 2 2 1 3 4 2 5 3 21 8112 1 2 3 1 2 1 2 2 2 3 1 144421112112,NA,2,211112 22 1      3 311111144444444227749522,DC,0190075110078840115E,1,3,1.423
202,2,212 1  232224343  313232122 89797 79797 7 3101010101 91 31097 2 5 1 1 1 5 6 6 6 531411191112,NA,2,221112111 19     143111111444314442223545211,DC,0190075110078840115E,1,3,13.973
202,1,22  2  331344449  923333833 5 597 5 5 5 5 5 5 5 5 52  2  97979797979797979797979744433333322,NA,9,299192 91 2      142111111444428342175875111,DC,0190075110078840115E,1,NA,8.333
202,1,12  2  231111149  491832331 2 3 4 5 2 4 2 2 3 4 4 42  1 1 2 5 3 4 2 3 2 3 3 4 3 344412112232,NA,2,221122 11 2      3 411111144442444227999522,DC,0190075110078840115E,1,NA,3.613
203,1,22  2  1311111112 521333113 7 8 7 8 8 8 8 8 9 9 8 91121 4 5 7 6 6 6 7 6 7 7 9 7 844212221122,NA,2,121111 11 1      241111111444424441274575111,CT,0090015010015483211E,1,NA,8.541
203,1,22  1  921324443 171383213397 5 5979797 3 5 8 497 42  1 8 79797979797 7979797979734219122121 9 8,5,2,211112 11 1      11311111144442444326636512,CT,0250245330275483221E,1,NA,11.091
203,1,21  2  131131113 1731113313 1 1 1 1 1 1 1 1 1 1 1 12  1 5 5 5 5 5 5 5 5 5 5 5 5 54443212332110,NA,116,122121111 12     11111111144144444126493512,CT,0090015010015483211E,1,NA,8.541
203,3,21 431 191199991297 318313898 8 310 6 810 7 7 698981 41 4 5 598 9 7 61098 598 6 844433399112,NA,2,121211111 12     142199191444144449 23224211,CT,0090015010015483111E,1,1,15.671
203,1,21  2  131191119  5213338381010 51010981010101010102  2   5 5 1 2 3 1 2 3 8 8 5 533412122221 2,NA,1 5,121121111 11 53334 211111144441244326367512,CT,0090015010015483211E,1,NA,8.241
205,1,21  2  9133232511 933331318 7 897 4979797 2 8 810 81111 8 8 8 2 6 4 2 997 9 910 744411123332,NA,2,211112111 12     14311111144434344123417512,AL,1850816910813440346C,1,NA,20.663
205,1,11  1  2122333311 923323323 9 1 6 297 8 8 7 8 8 8 72  196 1 8 1 1 1 1 8 3 3 5 7 343431333232,NA,1 4,911122211 2116331131111111444414441232845111,AL,1850816910812650336C,1,NA,16.643
205,2,122 2  191114449  131823888 9 5 5 6 898 8 9 7 798 82  8  98989898989898989898989844412231232,NA,2,111122 11 2      24211111144433444313239522,AL,1850816910813440126C,1,2,1.043
205,1,22  2  2322433212 493332333109898 498989898 5 4 4982  1 4 7 5 4 5 5 5 5 5 7 4 4 323299999992,NA,2,211222 22 2      29311111143242344223194512,AL,2210496300512880236C,1,NA,21.523
205,1,21  1  319944443 98 2333333 3 49798 6 4 4 3 2 2 1 42  2  9797979797979797979797 883311111132,NA,9,121221111 29     13322222242344331388988992,AL,221049630051    526C,1,NA,20.163
205,2,222 1  1111244412 833333133 5 5 1 4 5 5 6 6 3 1 5 12  1 9 6 5 1 5 5 5 8 5 1 1 1 133333133332,NA,2,211111 11 1      3 3111111434334342266245211,AL,2210496300511000126C,1,3,2.253
205,1,11  2  9221293413 411383333 7 2 3 3 5 5 2 4 5 5 6 22  1 7 5 5 2 4 5 5 3 5 7 6 4 322331131132,NA,2,221112921 12     3 222122244443344223553522,AL,2210496300511000126C,1,NA,18.603
205,1,21  1  2213294411 423223283 4 6 1 5 5 3 1 3 8 8 7 71 91 497 7 3 3 3 2 2 6 7 6 5 52211121111112,NA,2,122122122 11123334 111111122111244125358519,AL,2210496300511000326C,1,NA,23.753
206,1,22  2  3111191111 221321113 910 8 997 8 9 9 9 9 9 91102   9 4 3 2 2 4 8 997 6 4 744412332121 2,NA,1 2,999999 99 1      112111111443334342262635111,WA,1050148190127600119P,1,NA,14.584
206,1,11  31 111141551396         6 6 6 6 6 6 6 6 6 6 6 62  8  9898989898989898989898984443333313116,NA,2,111111111 1116111114111111444444443 65335311,WA,1050148190127600119P,1,NA,3.274
206,1,11  31 13114444121123333333 6 6 6 6 6 6 6 6 6 6 6 62  2   6 6 6 6 6 6 6 6 6 6 6 64443333333112,NA,1 910,111111111 11 3331144111111444444443 55335311,WA,1050148190127600119P,1,NA,5.164
206,1,21  1  121124443 1623233333 5 8 5 3 5 5 4 7 5 5 5 51 91 4 3 6 2 297 3 3 4 4 897 44441212212116,NA,112,999999999 12     11211111121121224125345512,WA,1050148190128200119P,1,NA,19.584
206,1,12  2  91139999111123828818 2 8 5 3 5 2 2 4 5 4 4 61 21 4 2 8 3 1 4 2 2 4 3 5 4 224311223111 9,NA,1 9,111112 11 1      3 322222222222444127759512,WA,1050148190127600119P,1,NA,7.574
206,1,12  332,NA,NA,999999 999                          899 24,WA,1050148190127600119P,1,NA,3.284
206,2,122 2  233329921116128222231010101010101010101010108  2   5 797 2 5 1 8 2 5 5 2 111411112112 1 2,3,1 4,211112 11 1      23211111133131414323254522,WA,1050148190127600219P,1,1,8.154
206,3,12 31  13134144121123233111 5 6 5 6 6 6 4 6 6 6 6 62  2   3 6 3 3 5 4 6 5 7 7 5 41112113112111 9,2,1 8,211111 11 1      112111111444114243263253111,WA,1050148190127600219P,1,1,4.904
206,1,12  2  191144443 1223838333 7 898989898 998 8 8 8 88  2  97 798 598 79898 7 7989733112222992,NA,2,221111 12 1      3 2111111333322333236795111,WA,1050148190127600219P,1,NA,12.914
207,1,21  1  939294553 96        9797979797979797979797102  1 6 5 8 3 3 3 3 898 9 9 5 544211112192,NA,2,222212122 22     29311911122112224323368512,ME,161203552207    531E,1,NA,18.331
207,1,12  2  22124444121633832833 698 6 597 5 4 8 8 898 62  2   5989798 6 5 598 6 698 54342113313116,NA,2,999999 99 2      21211111144443444323373512,ME,123075500080    531E,1,NA,21.131
207,1,12  2  131334553 99 9333333 2 9 7 5 5 6 2 8 810 6 41121 4 310 6 1 5 2 3 5 6 8 5 443211139112,NA,2,222222 2221      11211211144442444226777512,ME,357155537155    541E,1,NA,9.611
207,1,22  2  131144443 1133323333 5 5 5 5 5 5 5 5 5 5 5 52  2   3 5 5 5 5 5 3 5 5 5 5 544433333332,NA,2,222122 21 2      24311111144422444325273512,ME,1230755000806403121E,1,NA,24.871
207,1,11  1  111334553 96         5 7 5 4 5 4 4 4 4 5 5 52  8   4 5 4 3 4 4 4 4 4 4 4 444433113332,NA,2,121122211 22     142111111444444443133875111,ME,3571555371550733231E,1,NA,21.131
207,1,12  1  13123445121023333133 6 6 6 4 5 4 5 5 6 7 8 61 91 4 6 8 6 5 797 7 6 7 6 7 543321221112,NA,2,222122 11 2      14311111123331324326263512,ME,1230755000806403221E,1,NA,15.961
208,1,21  2  2311934412 929223131 7 7 4 4 497 51010 8 897110196 6 7 2 4 5 1 39797 7 5 63221232222111,NA,2,221112122 11161314 111111131221334327547512,ID,4451337571271080338M,1,NA,15.184
208,1,22  1  232234331297 3222233 2 2 1 5 9 297 2 2 2 5 22  1 5 2 2 2 2 2 297 2 2 2 2 231911113111 5 2,NA,2,112992 22 1      4 211111143441114323191512,ID,295157758168    538M,1,NA,22.584
208,1,22  2  912232229 99 8882888 5 5 5 1 5 1 5 5 5 5 5 58  8  10101010101010101010101044439133312,NA,2,222112 21 1      3 411111144444444113581512,ID,295157758168    538M,1,NA,25.004
208,1,12  2  2122222211 922233299 1 2 1 1 1 1 1 1 1 2 3 12  1 499999999999999999999999911211212132,NA,2,121121 11 1      4 222222241411431926997542,ID,295157758168    548M,1,NA,4.134
208,1,12  1  131133333  433213333 4 6 5 3 5 4 3 6 6 7 6 41101 4 2 7 5 2 3 3 2 2 6 7 5 443421233112,NA,1 4,121122 11 2      23311111144441414123188512,ID,293201760190    548M,1,NA,11.154
208,1,12  1  231131443  723113133 910 7 8 5 7 7 81010 8 81101 61010 7 7 79710101010 7 744421122211 3,NA,1 4,111111 11 1      132111111444444443261945111,ID,293201760190    548M,1,NA,18.104
208,1,22  2  291144443  433232133 7 8 5 6 6 5 8 5 5 7 8 51102   5 9 2 1 4 3 5 3 6 5 4 333311231211 1,NA,1 7,211212 11 1      114111111342423342252035111,ID,337080881073    548P,1,NA,18.064
209,1,12  2  931392229  4222238289798989898989898989898988  2  98989897989898989898989844431333332,NA,9,222222 2229      4 999999933333434926999519,CA,0710568660552840129P,1,NA,11.644
209,1,11  1  112129443  431132183 810 7 81098 510101010 51 11 3 5 5 5 3 5 397 5 5 5 5 523411313212,NA,2,121122111 22     113111111423424241233115111,CA,0670198620208120129P,1,NA,11.634
209,1,12  2  231292231315122232229797 7 6 5979710 910 6 38  8   210 1 4 1 1 9 3 1 8 4 644321112222,NA,118,222222 21 1      24311111144311344325219142,CA,0670198620208120129P,1,NA,2.374
209,3,21 22  32222444111713213332 7 6 710 8 7 8 9 8 8 8 81 8110 7 6 810 7 8 7 9 9 9 8 942113111112,NA,2,222112211 29     4 312111144343434913216212,CA,0670198620205170129P,1,2,5.194
209,1,12  332,NA,NA,999999 999                          739 52,CA,0670198620205170229P,1,NA,3.394
209,1,22  2  2112224412 422222122 6 7 6 4 6 4 4 6 6 6 6 62  2   7 5 4 4 4 4 4 5 4 4 5 433221113122,NA,2,121192 12 1      212111111442424441231875111,CA,0710568660558780129P,1,NA,15.034
209,1,12  1  2222113412 922222122 510 8 9 9 2 2 7 8 8 8 22  2   210 2 2 2 5 5 2 5 5 2 233421133112,NA,2,121111 11 1      23311111133312443313195112,CA,0710568660558780129P,1,NA,7.344
209,1,21  2  2122324413 423223332 5 5 5 5 5 5 5 5 5 5 5 58  2   5989798979898979798989833311221112,NA,2,221912121 29     14211111144424444924407512,CA,0670198620208120229P,1,NA,14.434
209,1,21  2  2322222412 322322382 197 1 3 1 1 1 1 9 9 7 52  1 6 7 9 3 4 5 3 7 5 5 5 5 541131121132,NA,2,221212111 21111314 321192942422444223419512,CA,0670198620205170229P,1,NA,14.434
209,3,12 131 131144413  423333113 9 8 7 9 1 8 7 19999 1 12  2   4 7 4 497 39797 5 4 3 244421132222,NA,9,211121 11 2      192111111433424443 42341411,CA,0710568660552840229P,1,3,1.124
209,1,21  1  2122222213 922222222 2 4 3 1 1 1 1 3 3 2 2 12  1 5 3 5 5 1 5 3 3 4 5 5 5 411111322112,NA,1 5,211122111 21 522314122222243332444325459512,CA,0710568660552840229P,1,NA,17.184
210,1,21  1  221122223  43332333397 4 51097 6 597979897972  1 6 5 3 4 897 6 69797 597 544431111121 6,NA,2,221122211 21 43334 411111144441114322531142,TX,2710366410387240127C,1,NA,4.763
210,1,12  2  131144443  4213331881010 510 9 9 8 91010 8 8196196 5 9 2 6 4 5 5 6 8 8 3 544411333132,NA,9,929121 11 9      212111111443433342244534411,TX,2710366410387240127C,1,NA,1.723
210,3,12 11  221243443  433232323 5 9 5 6 4 3 2 610 9 8 51101 4 1 8 4 1 4 1 4 8 3 2 3 313311112111 4,NA,2,121112 11 1      24311111132221224213202142,TX,4351146361041240137C,1,3,1.003
210,1,21  1  2312222411 422222323 3 5 6 1 2 1 2 3 4 4 4 41 11 1 4 5 3 1 4 1 3 6 6 6 5 411211113112,NA,2,221212111 21 133314311111144441444925505142,TX,4351146361041240137C,1,NA,2.253
210,3,12 1321113121113  433888883 4 8 4 5 5 3 3 498 8 5 38  8  9797 1 1 1 19797 5 7 4 144411111112,NA,9,229212 11 2      143221222444434442 1551142,TX,4351146361044880227C,1,3,7.103
210,3,22 21  9391232211 422233333 598 3 3979897 2 5 5 5 52  2   898989898989898 9 998 544831333112,NA,1 4,222122 22 2      4 211111124442444423474242,TX,2710366410387240127C,1,3,1.243
210,3,22 11  3333332212 438222121 5 597 9 6 5 797979897978  8   510 7 1 1 1 197 8 9979744499999991 4,NA,1 4,111112 11 2      132111111999999993162651112,TX,2710366410387240127C,1,2,2.123
210,3,22 11  2312222412 422223323 8 9 5 5 7 6 4 5 897 6 71 21 4 810 8 7 5 8 9 9 9 8 6 932411333132,NA,2,121121 11 1      3 121211144441444226635112,TX,2710366410387240127C,1,2,1.523
210,1,12  2  911144449  493833833 6 7 6 6 5 6 6 5 5 6 7 58  2   5 6 5 5 5 5 5 5 5 5 6 534321222212,NA,2,221122 11 2      3 211111144444444323654512,TX,2710366410387240327C,1,NA,18.493
210,3,12 42  2322223411 432223333 8 5 7 3 3 3 3 3 9 8 5 61 11 41010 510 5 5 2 4 4 7 3 322321113112,NA,1 4,111111 11 1      23411111133331334222186412,TX,4351146361044880127C,1,3,7.283
210,1,22  1  131144343  421131113 8 8 7 9 9 9 8 8 6 6 8 72  2  9797 3 997 3979797 397 344411112222,NA,111,111111 11 2      112111111428224242263061411,TX,4351146361044880127C,1,NA,1.003
210,1,12  2  2213344412 423323333 5 597 6 5 5 5 5 5 5 5 52  8  979897 3 3 3 2989898989844421222212,NA,2,122122 21 2      3 311111133331333215534212,TX,2710366410387240127C,1,NA,9.523
210,1,12  2  231144443  923121111979797 7979797 897 897971 1196 8 7 6 4 4 4 39797 697 644411333112,NA,2,111112 11 1      112211111444434441235055111,TX,271036641038    547C,1,NA,16.193
210,1,11  2  1312141412 423322113 3 3 4 9 7 3 2 4 2 2 4 31 8196 2 1 2 3 4 1 4 2 1 1 3 544421212121 4,NA,2,112112111 12     133111111444422142253044411,TX,2710366410387240127C,1,NA,1.793
210,1,12  1  911129291298 2221811 510 1 8 51010 5 5 5 5 52  8   1 1 110 1 1 1 1 1 1 1 111219131212,NA,2,222222 2212      3 322222222222322323693512,TX,2710366410387240127C,1,NA,12.303
210,1,12  1  2122222212 932222222 8 4 8 8 7 7 7 8 8 8 8 82  1 4 6 6 5 6 6 6 7 5 6 6 6 722211111212,NA,2,221212 11 2      3 322222232213442226768512,TX,4351146361044880127C,1,NA,7.213
210,1,22  2  231124443  423233323 7 7 4 7 7 7 7 5 5 5 7 51101 3 3 6 2 4 5 4 4 5 6 6 6 534431133132,NA,2,212112 11 1      14311111144442444323225412,TX,2710366410387240127C,1,NA,6.553
210,3,22 11  2133222211 923223333 597 2 5 59797 1 3 3 3 31 91 3 5 9 2 1 3 1 4 7 4 4 4 432431311112,NA,2,222221 21 2      143111111144414442255591411,TX,2710366410387240127C,1,3,2.423
210,1,21  1  131144949 1811222388 6 398 5 5 3 6 1 1 3 1 31962  989898 198 197 1 1 1 1984443133323116,NA,2,212992119 12     11411111144442444223304442,TX,271036641038    547C,1,NA,2.343
210,1,12  322,NA,NA,999999 999                          220 14,TX,4351146361044880227C,1,NA,2.673
210,1,12  2  3122244412 432182223 710 6 3 4 5 8 1 9 9 8 91 21 1 810 4 7 5 5 7 3 4 3 3 444221112112,NA,1 4,211112 11 1      133111111222444243132521411,TX,4351146361044880227C,1,NA,1.313
212,3,11 4332,NA,NA,9999999999                          638 44,NY,0090015010015600112E,1,3,1.001
212,1,22  2  93133222111092222322 3 3 3 3 3 3 3 3 3 3 3 38  198 5 5 5 5 5 5 5 5 5 5 5 522113111111 5,NA,2,999999 99 1      9 3999999444418241269935112,NY,0090015010015600112E,1,NA,3.601
212,1,12  31 331131411197 1223113 8 6 8 8 9 8 9 8 8 8 8 81 42   5 2 2 4 4 2 2 2 2 8 2 344433333311 7,NA,1 1,111111 11 1      123111111444414443 5193412,NY,0090015010015600112E,1,NA,2.031
212,1,22  1  13111111121231832113 8 9 5 8 8 7 6 7 7 9 9 91102   3 7 1 2 3 2 2 3 2 4 3 444399999991 5 8,4,118,211122 11 1      143111111443414442274045111,NY,0090015010015600112E,1,NA,3.371
212,1,22  3213111411113 821331111 8 8 8 8 8 8 8 8 8 8 8 81 92  9810 5 4 5 6 6 6 810 6 644421222212,NA,2,211122 11 1      112111111444444443 6284512,NY,0090015010015600112E,1,NA,5.041
212,1,12  2  331111113  823333132 7 6 6 8 8 6 8 8 7 8 8 71122   4 5 3 4 4 4 4 5 5 3 4 444411131222,NA,1 7 1,221191 11 1      133111111444423443275055111,NY,0090015010015600112E,1,NA,4.791
212,1,11  2  1212411113 731323112 6 1 6 6 6 5 5 6 1 6 6 62  2   5 5 5 5 6 1 5 5 5 5 5 511113112331 4,NA,1 6,111211111 11 422213311111144431121325354512,NY,0090015010015600112E,1,NA,7.401
212,1,12  1  231344443 1723333333 6 8 5 6 7 4 7 5 5 7 7 71101 3 5 7 4 4 5 4 5 5 6 5 5 54331113111112,NA,118,111111 11 1      112111111444414441152745111,NY,0090015010015600112E,1,NA,5.421
212,1,22  2  3213222211 322212323 810 197 597 5 5 8 997971968  97109797 197 5979797979744111123311 310,2,1 9 8,111111 11 1      12111111144441444327525512,NY,0090015010015600112E,1,NA,3.491
212,1,11  1  3322322211 9223313331010101010101010101010101 62  10101010101010101010101044433333332,NA,2,111111111 11 611111111111111111111116499542,NY,0090015010015600112E,1,NA,1.131
212,1,22  2  1211111113 931133131 5 5 5 5 5 5 5 5 5 5 5 51 11 6 5 7 3 5 4 397 397 5 5 334321122121 8,NA,1 1,911112 11 1      11211111144443334325244512,NY,0090015010015600112E,1,NA,6.251
212,1,22  2  231222242  923233332 5 5 5 3 3 5 5 5 5 5 5 51121 4 4 9 1 3 3 4 2 3 3 597 332422233131 7,NA,1 5,221121 12 2      6 322121244432434226211522,NY,0090015010015600112E,1,NA,1.001
212,1,29  999,NA,NA,999999 999                          999 99,NY,0090015010015600112E,1,NA,4.881
212,1,12  1  2392222211 922222323 5 9 5 2 2 7 7 3 7 7 9 32  1 9979797 9 79797979797979744411123222,NA,9,221122 12 2      3 422999944241244315479922,NY,0090015010015600112E,1,NA,3.491
212,1,11  2  133144552 96         4 7 6 4 5 5 597 6 5 7 82  2   5 7 6 7 7 3 4 7 6 8 6 644412212121 2,NA,1 8,212112111 12     13211111143431444325359512,NY,0090015010015600112E,1,NA,7.401
212,1,12  1  3311111113 4931221219797 5 5 5 5 597979797971962  97 8 1 2 297 197979797 144433132131 7,NA,1 7,111111 11 1      113111111444434442152434411,NY,0090015010015600112E,1,NA,1.001
212,1,12  1  3331222411 42383313897 797 79797 8 8 99797 81 91 4 1 5 1 1 1 1 1 1 1 1 1 144411111112,NA,2,111122 11 1      113111111944944442252845111,NY,0090015010015600112E,1,NA,5.421
212,1,22  31 231111113  4213133131010 4109710 810 9 910102  1 7 310 1 6 3 8 5 8 910 8 744421111222,NA,1 4,111121 11 1      143111111444433441 73055311,NY,0090015010015600112E,1,NA,1.191
212,1,12  2  2131444411 123883111 8 8 5 8 8 5 810 8 8 8 81 12   510 5 5 8 5 1 5 7 8 5 844423113111 7,NA,111,111121 11 1      144111111422222429275465211,NY,0090015010015600112E,1,NA,1.001
212,1,12  2  122243551396         7 8 7 79797 6979797 4971 51 1 9 9979797 397979797 9 948423223231 2 7,NA,1 5,211111 11 1      3 1111111444444442277465111,NY,0090015010015600112E,1,NA,2.631
212,1,12  1  2332424211 31233211210 9 1 6 5 810 1 7 7 7 71101 3 11098 2 5 3 1 5 7 9 7 934421112311 1 2,7,1 716,221112 12 1      192111111244114243281965411,NY,0090015010015600112E,1,NA,1.001
212,1,21  31 9313191911 431322131 9 9 2 9 9 8 9 5 9 9 8 88  1 3 9 9 1 8 8 5 8 7 8 8 7 732311322131 7 4,5,1 4 5,111111111 11 73334 4111111444413242 5311442,NY,0090015010015600112E,1,NA,1.121
212,3,22 231 9911119419 523383118 8 997 9 9 797 6 79797971961 59898 89810 698979898979844499999991 4 5,NA,2,999999 99 2      3 2911111844484442 6655242,NY,0090015010015600112E,1,2,1.001
212,1,11  1  23222222111213332123 5 8 2 2 2 5 2 3 5 7 7 31 21 7 2 9 1 4 3 1 5 7 2 7 4 121431133312,NA,1 7,211111112 21 7131194222222424414442154242111,NY,0090015010015600112E,1,NA,6.851
212,1,22  332,NA,NA,999999 999                          651 51,NY,0090015010015600112E,1,NA,3.491
213,1,22  31 3311443412 422823322 4 5 6 6 4 5 5 5 6 6 5 61 92   4 4 5 7 6 6 5 6 5 5 6 622232331111 5,NA,1 4,121222 11 1      213222222444214342 6242442,CA,0130028030024480119P,1,NA,1.004
213,1,12  1  1111111113 912133123 3979710 19797 1 2 497 11 42   5979710 4 3 497 3 497 443312113112,NA,1 4,221122 11 1      4 3111111444334342231875211,CA,0130028030024480119P,1,NA,1.004
213,1,22  332,NA,NA,999999 999                          321 14,CA,0130028030024480119P,1,NA,1.224
213,1,11  2  1121241412 418822233 89797 5 5979797 1 1 7 71 12  1010 8 6979710971010971044412133131 4,NA,2,122122111 22     4 499291914211123223281142,CA,0130028030024480219P,1,NA,1.044
213,1,22  1  1311111112 931233111 910 7 9 997 9 910 9 8101102   710 6 6 79797 7 9 997 844211112211 512,NA,111 5,111111 11 1      233111111343434441262255111,CA,0130028030024480119P,1,NA,5.514
213,3,21 41  2311223311 422222323 2 8 8 3 1 5 2 8 8 8 7 51121 4 5 210 1 2 1 2 8 8 8 7 522213311111 4,NA,2,999999999 21 42224 311111142421444215453442,CA,0130028030024480119P,1,3,2.814
213,1,22  31 13114344111733333333 5 5 5 5 5 5 5 5 5 5 5 52  1 4 2 8 5 2 3 3 2 4 2 298 23342323312112,NA,112,211112 11 2      113111111331333343 7235532,CA,0130028030024480119P,1,NA,1.304
213,1,12  333,NA,NA,999999 999                          736 14,CA,0130028030024480119P,1,NA,1.004
213,1,12  1  131213551296         3 1 8 1 3 1 2 1 3 1 1 51 42   2 1 7 8 2 8 1 1 2 6 1 741121211111 4,NA,2,212212 21 1      12222122121111222126479542,CA,0130028030024480119P,1,NA,1.344
213,1,12  1  2213111111172212311397 597979797979797979797196196 8 6 4 4 6 5 5 5 7 6 7 644221321332,NA,112,211111 11 1      113111111443414441263865111,CA,0130028030024480119P,1,NA,5.554
213,1,21  321391229499 97 22323229810101010 1 11010 110 91988  97 1101098101010 11098 14431939129118,NA,2,122222122 29     242122191333384443 23081111,CA,0130028030024480119P,1,NA,20.524
213,1,21  2  131111122  412283133 7 9 3 8 9 7 7 1 6 9 5 91 51 9 197 5 4979797979797979742431321231 5,NA,2,112122221 12     13422211144141342326252442,CA,0130028030024480219P,1,NA,1.004
213,3,21 11  3111222211 432822222 7 1 7 5 7 1 3 5 6 6 6 42  1 4 9 1 9 8 8 5 2 310 9 7 742412222212,NA,2,111221122 29     6 3111111144422443132211411,CA,0130028030024480219P,1,3,1.914
213,1,12  1  1311111111 931233113 8 7 8 8 8 8 8 7 6 7 9 82  2   5 8 2 2 3 9 4 498 798 433411221112,NA,1 5,121111 11 1      143111111434334442272955111,CA,0130028030024480119P,1,NA,5.154
213,1,12  31 2311112212 5233333339797 8 81010 7 7 7 9 7 81 72   6 9 5 5 4 5 6 5 6 8 6 644431313131 4,NA,2,999999 99 1      113111111444444442 3322112,CA,0130028030024480119P,1,NA,4.404
213,1,22  1  299243441197 38883339898 5 2 5 298 5 5 9 5 58  8  98989898989898989898989888311113312,NA,1 2,221222 21 2      3 399999944414444323734512,CA,0130028030024480219P,1,NA,6.904
213,1,12  332,NA,NA,999999 999                          847 14,CA,0130028030024480219P,1,NA,1.124
213,1,12  1  932241113  938111111 8 1 5 6 8 6 4 7 8 8 5 72  2   4 6 3 5 5 4 5 4 1 3 1 342432393331 4,NA,9,221122 21 2      4 311111148488884313181142,CA,0130028030024480219P,1,NA,1.004
213,1,12  322,NA,NA,999999 999                          351 51,CA,0130028030024480119P,1,NA,6.964
213,1,12  2  211143249 1723822833979797 597979797 8 8 8101981 4979797 2109797979797979743421122122,NA,2,222222 21 2      3 111111144444444222655522,CA,0130028030024480119P,1,NA,15.254
213,1,22  31 3311111111 421333112 7 7 7 5 7 7 7 7 7 7 7 72  1 4 5 9 4 5 6 5 9 2 2 2 1 144411112332,NA,2,222122 11 1      131111111434414441 6183412,CA,0130028030024480119P,1,NA,2.194
213,1,11  2  9319999911 42222332297 5 3 1 29797 5 5 7 4 32  1 498989898989898989898989832421112122,NA,118,999121911 19     3 111111144442424329749512,CA,0130028030024480119P,1,NA,3.394
213,2,122 31 122121443  411323332 8 6 6 8 4 5 3 3 3 3 2 12  1 4 2 2 2 2 5 5 5 4 5 2 5 211122222222,NA,2,211111 11 2      4 1111111111112241 23615211,CA,0130028030024480119P,1,3,13.514
213,1,22  1  2322222412 93323312310 5 1 3 3 1 1 1 1 110 12  2   310 1 2 3 1 5 1 5 3 1 311111123122,NA,1 4,111121 11 1      4 211221144441444222188522,CA,0130028030024480119P,1,NA,5.874
213,1,22  2  231132323  423332133 5 3 5 910 5 4 3 7 6 6 61 51 4 4 3 4 7 5 3 4 4 6 6 5 544413121131 5,NA,2,121222 21 2      4 9111111444444443131884411,CA,0130028030024480119P,1,NA,1.224
213,1,12  2  211242439  22381312397 997 1 9979797 397 5971 51 49710 3 5 59797 5 5 7 59722111321112,NA,1 2,999999 99 1      5 321211144441444215681512,CA,0130028030024480119P,1,NA,5.704
213,1,12  2  121144119  2238131839898 6 8 69898 7 8 898 72  2  97 9 2 197 3 3 5 81097 833311131122,NA,116,221111 11 1      112111111333323343163065111,CA,0130028030024480119P,1,NA,5.154
213,1,12  1  2212222211 922222313 8 8 4 6 6 5 5 8 7 7 4 71 21 1 8 6 7 4 4 697 7 7 7 5 531311123211 5,NA,1 5,911191 11 2      11211111144432344422373512,CA,0130028030024480119P,1,NA,10.154
213,1,22  2  9211433312 423223323 3 3 3 3 3 3 3 3 3 3 3 32  2   697 1 5 59797 5 6 397 632221111232,NA,2,222922 2221      143111111442414342263635111,CA,0130028030024480119P,1,NA,4.004
213,2,222 1  232332252  433222323 7 5 3 2 5 3 7 5 3 3 3 32  1 5 5 797 2 2 2 5 5 6 6 4 322412133312,NA,2,221112 11 2      14311111142242324225209522,CA,0130028030024480119P,1,2,2.974
213,1,12  332,NA,NA,999999 999                          332 24,CA,0130028030024480119P,1,NA,1.044
213,1,11  2  3312122211 422322118 7 3 6 5 6 4 5 7 6 7 5 62  2   3 6 3 2 2 2 4 3 3 397 313421113122,NA,119,111121111 111212111411111144444444315409522,CA,0130028030024480119P,1,NA,5.554
214,3,21 11  231134151397 3331313 1 4 1 1 7 6 1 9 7 6 2 41982   1 6 7 8 1 1 6 7 6 8 6 833421231332,NA,2,112121121 29     22391111222223211214343142,TX,1090086230081920117C,1,3,1.513
214,1,22  1  2212222211 422223323 1 5 1 1 1 1 1 1 1 1 1 58  1 1 6 598 497989897979797971111111112112,NA,2,221111 11 2      3 222222241311424223829512,TX,1090086230081920117C,1,NA,16.063
214,2,222 2  292222221113128288189898 297989797 69899 1 52  112 7 198 9 1 1 1 9 398 3 184421131212,NA,112 4,221212 22 2      5 3111111434444442228815211,TX,1090086230081920117C,1,3,25.003
214,1,21  1  33334444111713322128 8 8 6 9 9 2 6 9 910 7 51101 410 4 110 8 8 6 71010 81024311112212,NA,2,121111211 12     143111111444414442233845211,TX,1090086230081920117C,1,NA,8.363
215,1,12  1  231111113  433333333 9 5 5 7 5 5 6 5 9 898 52  2   2 9 2 2 5 3 1 1 1 1 1 144431111222,NA,9,222222 11 1      232111111444334442231825211,PA,0110045040046160112E,1,NA,1.721
215,1,22  1  312232323 97 222212210 3101010 110 4 110 1102  1 910 1 11010 1101010 1 11034121131112,NA,2,121111 11 1      13422222211331114222351212,PA,0110045040046160112E,1,NA,25.001
215,1,22  2  913231431198 9881111 2 1 2 1 9 1 8 8 1 8 1 79  2   2 1 1 1 9 1 2 7 1 8 1 118823229212,NA,118,212911 29 2      13921221211821181324699512,PA,0110045040046160112E,1,NA,14.241
215,1,21  2  2311444111 423332333 5 5 4 9 4 5 1 5 8 8 5 51 91 7 597979797 59797 897979744411132111 1 7,4,118,211121221 22     243111111442414142132691111,PA,0110045040046160112E,1,NA,9.421
215,1,12  31 3213144412 522223333 5 8 8 3 398 410 7 7 5 51121 697979797979797979797979722232333132,NA,2,221122 21 1      3 2999999444414241 7759512,PA,0110045040046160312E,1,NA,9.611
215,1,22  1  222234443 97 3333323 7 7 7 5 6 5 6 6 6 6 6 61 81 4 5 7 6 4 4 4 5 4 6 6 3 644421113332,NA,2,221112 21 1      4 311111144233244125325512,PA,0110045040046160312E,1,NA,24.871
215,1,22  1  33111444131331333133101010101010101010101010112112 510 1 397 3 697 797 5 843211131331 5,NA,2,221212 11 1      3 222222244444444313653512,PA,0110045040046160312E,1,NA,21.401
215,1,21  1  232244443  213232322 4 5 4 4 6 4 4 6 5 5 5 52  2   398 2 4 3 3 3 4 3 397 322191122232,NA,2,121912121 22     4 421222244444444223279512,PA,0110045040046160112E,1,NA,13.761
215,1,22  2  13114444121623333313 6 6 4 4 6 6 698 5 4 6 42  1 9 5 9 3 497 4 397 3 697 623411121132,NA,110,111112 11 1      13211111144343444326387522,PA,0110045040046160112E,1,NA,2.211
215,2,122 2  21111111111621333113 8 8 8 8 8 7 7 8 5 5 8 61 72   1 1 1 1 1 1 1 1 1 1 1 144432333212,NA,112 4,221122 11 1      141111111444414442273755211,PA,0110045040046160112E,1,3,1.241
215,1,12  1  331111443 1531883113 7 6 7 2 4 3 410 8 8 8 92  1 4 8 8 5 3 7 5 297 3 397 724431132131 812,NA,111,222212 12 2      191111111444314342162345411,PA,0110045040046160112E,1,NA,2.401
215,1,12  1  2222222211 212832323 3 1 3 3 3 3 3 3 3 5 3 38  1 2 5 8 3 1 5 5 3 5 510 5 511211122122,NA,1 2,999999 99 2      13211111141411224225264512,PA,0110045040046160112E,1,NA,13.211
216,1,22  1  111214443  92333313397 797 5979797 7 8 897 72  2   3 6 5 4 5 7 5 4 7 8 5 524412121192,NA,2,221112 11 2      3 211111143422214113609512,OH,0350125100131680213E,1,NA,21.222
216,1,22  2  93119444121613133113 7 7 5 59797 7 9 9 9 9 91108  97 7 4 3 3 39797 697979744411111112,NA,9,911212 21 9      24211111144443444327435512,OH,0350125100131680213E,1,NA,11.512
216,1,22  2  211144423 98 2222833101097 8 8979797979797978  8  97 1 199 19797979797979744211111112,NA,2,221112 11 2      3 322222244414444223821512,OH,0350125100131680213E,1,NA,19.902
216,1,22  1  231144443 98 33333339797 5 697979797979710971112  9710 1 197 197 5979799 142321121122,NA,2,121111 11 2      5 322222242331434223501512,OH,0350125100131680113E,1,NA,17.662
216,1,12  2  221124443 10933338339797979797979797979797972  1 6 2 7 2 1 1 1 397 4 797 433321123122,NA,2,222112 22 2      14299999983311444126473512,OH,0350125100130080213E,1,NA,16.362
216,1,11  1  11111111119911111111 1 1 1 1 1 1 1 1 1 1 1 11 11 1 1 1 1 1 1 1 1 1 1 1 1 111111111111 1,NA,1 2,999999999 11 1111111111111111111111116211111,OH,0350125100131680113E,1,NA,25.002
216,1,22  1  291144443  923333333 5 9 1 1 2 2 1 1 5 5 5 52  196 1 7 1 1 1 1 1 1 1 2 2 211111121132,NA,2,222222 2221      14922222244443344313999512,OH,0350125100131680213E,1,NA,18.072
216,1,12  2  2322232412 493333333 3 8 7 4 5 5 4 9 8 5 7 52  1 4 798 4 597 3 498 4 3 5 441111313312,NA,2,222212 91 1      3 211111144442444126729512,OH,0350125100131680213E,1,NA,8.932
216,1,22  1  232944349  313332123 5 5 5 5 59798 5 5 5 5 52  2   3 6 597 397 3 5 5 5 4 433411199212,NA,9,221212 21 2      142111111444424443252735211,OH,0350125100131680113E,1,NA,16.632
217,1,22  2  121333991112332833339898989898989898989898981 92   598 3 1989898 5 710 5 54283331311118,NA,112,911112 21 2      6 999199999999999996255532,IL,0770746480821400133C,1,NA,2.702
217,1,22  2  211224443 1393223333 5 5 1 3 5 1 3 1 1 1 3 12  198 5 8 1 3 3 3979797 597 511111123222,NA,112,122112 11 2      132222222444422433234545111,IL,0770746480827880233C,1,NA,17.662
217,1,21  1  211222243  432222128979797 4 49797 9979797978  1 4 5 5 5 4 3 2 2 7 6 9 6 433321123222,NA,2,211111111 21 492214222211244443444322492512,IL,077074648082    543C,1,NA,23.092
217,1,12  2  132234443  423323133 5 5 1 2 4 1 3 5 1 1 5 22  1 4 8 8 2 5 5 3 6 5 7 7 5 312111113312,NA,2,221122 11 1      14311111144423244223195512,IL,0770746480821400233C,1,NA,8.762
217,1,22  1  133243443  4333333339898989898989898989898988  2  101010 1101010101010101042429331932,NA,2,222222 2222      4 322222244442444326278512,IL,077074648082    543C,1,NA,17.192
218,1,11  1  231144443 99 3333333 7 7 6 7 698 6 5 5 5 6 52  2   7 7 6 6 6 5 6 5 5 5 6 523333393322,NA,2,221112111 29     14311111144444444323506512,MN,3811256761342240224C,1,NA,20.062
218,1,22  1  912295553 96        99 9999999999999999999999  9  99999999999999999999999988299999992,NA,2,222222 2222      3 222222244442444922709512,MN,393108724112    544C,1,NA,25.002
218,1,11  2  132223443 97 233333310 8 8 8 8 6 8 8 8 8 8 88  1 6 8 8 7 7 5 3 7 8 8 8 8 844332199232,NA,2,222122921 22     4 4111111288828842255445111,MN,381125676134    544C,1,NA,25.002
219,1,11  2  1332243312 933323132101010 1 5101010101010 51102   310 8 197 110 1 8 8 2 244411233212,NA,2,221112111 22     12411111144431334323282522,IN,0530835880857800123E,1,NA,7.572
219,1,12  1  132222443  923323333 810 3 4 5 4 5 5 5 5 4 42  1 6 510 4 3 2 3 1 4 5 5 1 431211123322,NA,2,222222 2222      11311111144443444123414512,IN,0510036020032960213C,1,NA,19.642
219,1,21  2  1311344412 923323333 4 5 7 4 5 3 5 7 6 6 6 51 21 6 6 5 4 4 5 4 6 5 6 6 6 544311111112,NA,2,111112111 12     112111111133311331254345111,IN,0911015091032760123E,1,NA,19.572
219,1,22  1  2333433312 492223133 5 6 3 3 5 3 5 7 7 7 5 71121 6 5 7 3 398 3 598 6 798 53122212221112,NA,2,999999 99 2      13321122244222244323412512,IN,0530835880852330133E,1,NA,17.032
219,1,21  2  3322334411 433333323 5 5 5 1 5 5 5 5 5 5 5 52  1 4 5 5 5 5 5 5 5 5 5 5 5 533321131322,NA,2,212922111 22     13321212144414334322389512,IN,0530835880852330133E,1,NA,22.272
219,1,21  1  292224441298 33323839797 5 5 59797 5 8 8 6 88  2  99999999999999999999999944411113311 5,NA,9,211112111 12     4 299999944444444923352512,IN,0510036020032960213C,1,NA,17.032
219,1,22  1  231244143 1433331113979797 597 79797 7 897972  1 4 8 897 3 5 398 5 497979744411133312,NA,118,222212 91 2      3 311111144332344323612512,IN,091101509103    543E,1,NA,21.222
219,1,12  2  212224553 96         2 2 2 1 3 2 2 3 2 2 2 32  2   2 2 3 2 3 2 2 2 2 2 2 322211112122,NA,2,222222 2222      14322222234424442123624512,IN,0911015091032760323E,1,NA,21.422
219,1,22  2  331111113 149338313310 5 5 9 5 5 5 9 9 9 5 52  2   8 5 5 5 5 5 9 8 8 8 5 944433133332,NA,2,111111 11 1      221111111444214443231915211,IN,0510036020032960213C,1,NA,8.752
301,1,21  332,NA,NA,9999999999                          336 54,MD,0190075110078840315E,1,NA,3.253
301,1,11  2  229944449 99 83333339797109710109797979797978  2  99999999999999999999999944439393332,NA,9,221222111 22     19411111144441444322402522,MD,0190075110078840315E,1,NA,25.003
301,1,22  2  311144443 98 3333333 1 6 1 1 1 1 5 198 1 1 12  2   1 1 1 1 1 1 1 1 1 1 1 144433333332,NA,9,221211 11 1      3 211111114141444226759512,MD,0190075110078840315E,1,NA,7.813
301,1,12  1  111211111199 1113111 6 6 6 6 6 6 6 6 6 6 6 62  2   6 9 6 5 6 6 6 6 5 6 6 533321222212,NA,1 9,221111 11 1      13211111144331434125395512,MD,0190075110078840315E,1,NA,20.373
301,1,22  1  1112222211 998833183 9 9 9 9 9 9 1 9 9 9 9 91 22  97 797 4 4 49797 5 4 8 844411111112,NA,2,111111 11 1      3 3111111444414442266735112,MD,0190075110078840315E,1,NA,7.813
301,1,12  1  231224443  123333333 6 5 3 3 5 4 3 5 4 5 3 22  112 3 8 2 2 2 2 2 5 7 7 3 31141111111112,NA,1 5,111121 11 2      243111111484114441243555211,MD,0190075110078840315E,1,NA,7.573
301,1,12  1  12222222111422222222 1 1 1 1 1 1 1 1 1 1 1 12  1 7 1 1 1 1 1 1 1 1 1 1 1 111111111112,NA,1 7 9,999999 99 2      14222222211111111122324512,MD,0190075110078840315E,1,NA,17.433
301,1,22  2  333333119 97 8111811 7 1 1 9 1 7 6 6 1 2 1 88  2   7 7 7 5 7 1 7 4 1 7 4 544431311999,NA,2,112212 22 2      23421911282338211122461212,MD,0190075110078840315E,1,NA,20.163
301,1,22  2  3313344411 123123123 8 8 7 7 7 7 7 7 8 8 7 81 81 7 4 7 3 4 4 3 4 5 5 5 4 44441112921116,NA,1 1 5,111111 11 1      112111111344333443262755111,MD,0190075110078840315E,1,NA,13.903
301,2,122 332,NA,NA,999999 999                          520 52,MD,0190075110078840315E,1,3,2.573
301,1,21  1  231144441297 3333333 797 5 5 5 1 7 7 7 4 7 32  2   69798 598 5 8 5 5 5 79833331113232,NA,9,111112111 19     14311111121111244223453522,MD,0190075110078840315E,1,NA,7.543
301,1,22  2  29111415121721333333 7 4 5 3 5 7 7 6 7 7 5 81962   7 5 7 5 7 7 7 7 4 7 5 684422121131 6,NA,1 1,211111 11 1      19211111144442444117508512,MD,0190075110078840315E,1,NA,9.633
301,1,12  2  219244449 1793333333 8 6 7 797 7 7 7 7 7 6972  1 4 2 8 4 297 3 2 3 5 3 3 244431111222,NA,9,221122 11 2      142111111333414442262245211,MD,0190075110078840315E,1,NA,1.613
301,2,222 2  2112222212 923223133 8 8 8 7 7 7 7 8 8 9 8 7110196 5 7 7 5 5 5 5 6 6 8 6 544499999992,NA,2,221121 11 2      134111111442224422269955212,MD,0190075110078840315E,1,2,1.693
301,1,22  332,NA,NA,999999 999                          730 54,MD,0190075110078840315E,1,NA,4.933
301,1,12  2  131123343 1733233333 5 1 4 3 5 6 5 8 99797 61 21 4 5 1 6 7 5 2 5 8 8 5 6 332211113132,NA,2,222112 21 1      4 211111144441334326657512,MD,6011925110073180135E,1,NA,10.843
301,1,12  2  231234443 1523333333 8 7 6 6 6 6 7 6 6 6 7 62  2   1 9 6 5 5 5 4 2 6 6 5 533413113312,NA,111,211122 22 2      132111111444334442253975211,MD,0190075110078840315E,1,NA,14.363
301,2,222 1  231144449 97 3333333 5 5 5 5 5 5 5 5 5 5 5 52  2   2 3 4 5 4 4 5 5 5 5 5 544433333332,NA,2,221122 12 2      4 911111144444444323279522,MD,0190075110078840315E,1,3,3.433
302,2,122 2  392222222 98 3232328 5 2 1 1 1 3 1 1 1 1 5 11 18   2 6 1 5 1 1 1 1 3 5 5 184411111132,NA,1 7,221222 11 2      232191911442314442223295211,DE,0110045040049160115E,1,3,7.633
302,1,22  1  23912242121833223338 6 5 2 3 1 2 2 5 3 3 4 68  8   5 2 4 3 3 6 1 9 8 9 9 921211193112,NA,2,121212 11 2      3 3212121444224411137815111,DE,023162576163    535E,1,NA,24.133
302,3,21 21  9333114512 431111111 8 8 9 8 8 9 8 9 9 8 9 81101 4 110 3 1 1 3 4 8 4 6 5 644412111111 416,NA,118,121112211 11183334 4111111333313441132422411,DE,0110045040049160115E,1,1,1.393
302,1,11  1  3333334411 432332312 5 7 5 7 7 4 7 797 4 7 51961 7 5 6 5 6 6 4 4 4 4 4 6 522221111112,NA,1 4 6,111111111 11 6131112111111444414441234535211,DE,0110045040042190135E,1,NA,10.123
302,1,22  2  231334443  923333333 5 7 6 5 5 6 5 8 5 6 3 42  1 6 4 7 5 3 5 3 4 6 3 5 3 533212111211 2,NA,1 8,221122 11 1      232222222444424412254625111,DE,0110045040049160215E,1,NA,24.613
303,1,21  1  2322444412 423222332 5 5 5 5 5 5 5 5 5 5 5 52  1 4 2 5 2 2 5 2 497 6 697 422411123132,NA,2,211122111 21 4323133111111442214443232435111,CO,2410217510182080328M,1,NA,22.584
303,1,22  1  291144449  493888888 8 8 710979710 7979797978  1 6 5 7 5 5 5 1 7 5 597979844421131132,NA,2,222222 11 2      3 311111144448344325702542,CO,2410217510182080128M,1,NA,3.844
303,1,22  2  1113224911 498818131 598989898989898989898988  8   5 7 5 5 5 4 4 4 4 6 6 433122221122,NA,2,222229 2221      3 221112144418443223749542,CO,2410217510182080128M,1,NA,3.994
303,1,21  2  9133144411 423333333 8 8 8 8 8 8 8 8 8 8 8 88  1 4 3 7 3 3 4 597 8 5 5 3 743433333221 4,NA,1 4,111191111 11 4131132111111444414442232931111,CO,2410217510182080128M,1,NA,19.184
303,1,22  2  2922222211 932222222 4 3 4 3 6 4 6 5 3 3 3 32  2  9797979797 697979797979721211111212,NA,9,111112 11 2      14211111142411244223399512,CO,2410217510182080128M,1,NA,14.434
303,2,212 2  2322949311 912322122 8 8 8 8 8 8 8 8 8 8 8 82  1961010 3 7 210 6 51010 5 211231131321 111,2,11216,111112222 12     11491111144444444225323522,CO,2410217510182080128M,1,2,4.644
303,1,22  2  131194443  421883111 8 8 8 8 8 8 8 8 8 8 8 82  2   5 7 3 7 7979898 5 598 544422231332,NA,1 4 5,211112 11 2      13211111144444444127507512,CO,2410217510182080328M,1,NA,15.184
303,1,12  2  2222222412 4222233321010 5 5 8 810 7 6 6 8 72  1 7 5 5 5 5 5 5 5 5 5 5 5 522211211112,NA,2,222122 11 2      3 211111143421334326599512,CO,2410217510182080328M,1,NA,15.994
303,1,12  2  131143343  333133133 5 7 5 5 7 5 6 6 6 7 7 72  1 6 5 5 5 5 5 5 5 5 5 5 5 542211233121 4,NA,1 812,211111 11 1      112111111444444441232525111,CO,2410217510182080328M,1,NA,11.634
303,1,12  2  2311433411 423223333 5 5 4 49898 398 8 998 9112196 5 59898989898989898989822211123212,NA,2,911121 11 1      3 3222222444414443265895112,CO,2410217510182080328M,1,NA,10.644
303,1,11  1  3291211411 99122811197 9 1 3 7 3 3 7 8 8 7 72  1 6 3 9 1 1 3 1 1 6 5 7 6 64142113213116,NA,9,121912911 29     142111111321414442174765111,CO,2410217510182080328M,1,NA,13.854
303,1,11  1  211331513 97 1322233 2 6 3 1 1 2 6 6 1 7 1 28  1 2 110 3 2 4 1 4 4 2 4 1 523432122329,NA,2,111121912 12     13222122211343221113423512,CO,2410217510182080328M,1,NA,16.644
303,1,22  31 1211222119172328333397 8 5 3 8 597 6 81097 58  1 49710 3 5 8 697 6 6 8979733311132132,NA,1 5,121221 11 1      3 2111111444414442 5551512,CO,2410217510182080128M,1,NA,17.344
303,1,22  1  213222241297 23221229898989798989898989898982  1 6 2 6 2 2 1 1 3 2 2 4 4 312111133321 1 5,NA,2,999999 99 2      134111111142414349273945112,CO,2410217510182080328M,1,NA,14.664
304,1,22  1  122144443 1613332122 9 6 8 8 7 7 7 8 7 7 8 82  8   5 5 1 1 5 1 3 4 9 8 4 123111113312,NA,2,122212 21 9      4 3222222331311241232325111,WV,1031425541399000135E,1,NA,21.523
304,1,22  2  3131944412111333338397 1989898 1 1 7989898978  1 6 6 3 5 8 6 9 8 2 5 5 4 74442933121110,NA,2,121111 21 1      4 391222244444484317574512,WV,2591845971866020135E,1,NA,12.513
304,1,12  2  112222243 9933122222 1 1 1 1 1 1 1 1 1 1 1 12  1 6 1 1 1 1 1 1 1 1 1 1 1 111111111112,NA,2,112122 12 2      11412212121111222223621512,WV,2570555640563400125E,1,NA,25.003
304,1,12  1  23312444131733333113 7 9 7 7 7 7 7 7 7 7 7 7196196 7 8 4 5 5 59898 6 798 523412133229,NA,111,111112 11 1      143111111443312443232625111,WV,029017508019    535E,1,NA,11.073
304,1,22  2  3191444413 923223322 8 8 6 6 7 6 6 8 8 8 6 62  2   6 8 6 3 5 2 4 5 4 6 5 422212112122,NA,2,121112 11 1      11211111134322234324275512,WV,2570555640561480225E,1,NA,23.313
304,1,12  1  212234443  923333333 5 6 4 5 5 5 5 5 5 5 5 52  1 4 5 6 5 3 5 5 5 5 4 5 5 744421123132,NA,2,222112 22 2      113111111421213443253855111,WV,257055564056    545E,1,NA,25.003
305,1,22  1  1332439912 723333313 5 598 6 5 8 5989898 1 52  2   1 198 198 1 198 5 5989844421231222,NA,9,121121 11 1      6 3111111222414241151883411,FL,1270155280165000115E,1,NA,1.003
305,1,22  2  932134313  711822328 5 5 5 5 5 5 5 5 5 5 5 51 41 697979797979797979797979711111131312,NA,1 6 4,111112 11 1      293222222444383442226045211,FL,1270155280165000215E,1,NA,25.003
305,2,122 2  1322222111 993922222 8 8 3 5 5 2 8 8 8 8 8 61101 6 8 7 5 4 5 2 5 6 8 8 79841411112212,NA,1 7 6,111111 11 1      19211111144444444225273522,FL,1270155280165000115E,1,2,3.103
305,1,12  31 999924399  732822328 5 5 5 5 1 5 397979797972  1 698989898989898989898989844411313111 6,NA,1 6,111212 12 1      143111111344444444 24583411,FL,1270155280165000115E,1,NA,1.973
305,1,12  31 1112222211 722223322 2 8 8 2 2 3 1 810 9 8 81 91 7 5 8 5 4 6 6 6 5 3 4 4 342411131111 8,NA,2,122222 22 1      131111111111111141 7519542,FL,1270155280165000115E,1,NA,1.283
305,1,22  31 3311433311 723223123 4 5 3 3 3 2 4 3 3 3 3 59  9   7 8 4 3 5 5 4 4 4 497 742411233232,NA,1 6,211121 11 2      193111111444314443 7254532,FL,1270155280165000115E,1,NA,1.343
305,1,12  2  211134443  92383383397 8 2 5 897 5 5 7 797 51 22   2 7 2 2 5 2 2 3 4 5 2 44321332121116,NA,2,121121 11 1      3 321111122211234326656512,FL,127015528016    535E,1,NA,7.213
305,3,12 1332,NA,NA,999999 999                          220 14,FL,1270155280165000215E,1,3,1.723
305,1,22  322,NA,NA,999999 999                          624 11,FL,1270155280165000115E,1,NA,1.963
305,1,12  2  331144443 97 13333331098989810 11098989898981 68  1098 19810 110989898989844431193392,NA,2,121112 11 2      5 3111111928448442224115211,FL,1270155280165000115E,1,NA,11.583
305,2,122 2  2311411111 7133233121097109710101010971010102  2   110 1 1 1 5 1 197 8 8 144431131132,NA,1 6 5,999999 99 1      114111111444434443252435211,FL,1270155280165000115E,1,1,11.543
305,1,21  31 1311242413 733323333 5 7 6 6 7 7 7 7 7 7 7 52  1 6 8 7 7 6 7 8 7 7 7 7 8 744411212112,NA,2,221221111 22     4 2222222444444441 33743111,FL,1270155280165000115E,1,NA,6.133
305,1,22  2  2192222211 93822833397 6 1 1 4 3 39797 8 5 22  1 6 197 1 2 2 4 29797 4 3 233211933132,NA,2,221129 99 2      3 211111144421444316709512,FL,1270155280165000115E,1,NA,3.193
305,1,12  322,NA,NA,999999 999                          331 31,FL,1270155280165000115E,1,NA,2.273
305,1,21  2  113222551196         5 7 5 4 597 4 59797 7971 61 5 79797 597 59797979797 644231112292,NA,2,121191211 12     14219999942442444115395412,FL,1270155280165000215E,1,NA,7.163
305,1,12  1  2212222211 71222222297 9 5 5 1 1 597 2 2 8 21101 4 81097 5 2 1 8 8 5 5979721111113212,NA,1 7 6,211112 12 2      233111111442414443232445211,FL,1270155280165000215E,1,NA,1.043
305,2,222 332,NA,NA,999999 999                          242 52,FL,1270155280165000215E,1,3,13.973
305,1,21  1  221114551296         1 3 9 8 6 4 1 1 4 1 5 11 42   7 6 5 1 1 4 1 8 1 8 1 44241112313118,NA,2,199219191 19     13122211111123141126389512,FL,1270155280165000215E,1,NA,3.813
305,1,12  2  9919911411 7938888889999999999999999999999998  8  98 69898 5 698989898989844311222112,NA,9,221121 11 2      3 191199944448434323996912,FL,1270155280165000115E,1,NA,5.553
305,1,11  2  2311999911 823323123 8 6 5 5 7 6 6 5 9 6 7 71122   4 9 3 3 5 3 3 6 6 7989744412122122,NA,9,111121111 19     111111111444424443264975211,FL,1270155280165000115E,1,NA,1.333
305,1,12  31 2313444411 7231231111010101010101010101010108  8   210 4 2 7 2 2 5 81097 434422121221 7,NA,2,211121 11 2      111111111444424443 52174411,FL,1270155280165000115E,1,NA,1.003
305,1,12  1  132224441199 3111338 7 2 2 1 1 8 1 2 8 1 6 12  2   1 7 8 1 110 1 4 1 7 7 241421221232,NA,2,222222 2222      12122121221411131195498512,FL,1270155280165000115E,1,NA,8.523
305,1,22  31 1311444311 733323312 9 9 8 8 9 9 9 8 9 9 9 91 62   2 7 4 4 5 6 5 2 5 7 7 744411121231 6 7,5,2,111111 11 1      233111111343323343 52133111,FL,1270155280165000115E,1,NA,3.273
305,1,11  322,NA,NA,9999999999                          318 44,FL,1270155280165000115E,1,NA,1.003
305,3,21 11  333114413  431118831 5 3 410 8 8 6 3 1 3 3 42  2   6 7 2 3 4 497 49898989834332923332,NA,1 5,112111121 21 411113211111144838344214393142,FL,1270155280165000115E,1,3,2.273
305,1,12  2  3311321112 432221111 5 1 110 110 2 1 1 197982  1 210 1 510 110 1 1 1 1989844433333332,NA,1 6 4,999999 99 2      134111111141441149125623411,FL,1270155280165000115E,1,NA,4.543
305,1,12  332,NA,NA,999999 999                          320 34,FL,1270155280165000215E,1,NA,1.003
305,1,22  322,NA,NA,999999 999                          424 54,FL,1270155280165000215E,1,NA,1.393
305,1,22  332,NA,NA,999999 999                          321 31,FL,1270155280165000115E,1,NA,2.663
305,1,22  332,NA,NA,999999 999                          198 44,FL,1270155280165000215E,1,NA,2.033
305,3,12 431 111143443  733323132 7 8 5 710 5 8 9 7 7 8 62  1 6 7 9 6 810 5 8 5 1 8 7 544431123232,NA,1 5,999999 99 2      213111111442424441 3183442,FL,1270155280165000215E,1,3,1.003
305,1,12  2  1111433411 722222232 997979797 4 497979797972  1 697 59797979797979797979922212233312,NA,1 6,112122 22 2      14211111122422444224999512,FL,1270155280165000115E,1,NA,5.553
305,1,11  2  2312111111 921323111 2 7 1 6 7 7 2 2 7 7 4 21 61 2979898989897 1989898989814399999992,NA,9,999122191 29     3 199999944418434116487512,FL,1270155280165000115E,1,NA,5.403
307,1,22  1  2111344413 431133131 7 7 7 7 7 7 7 7 7 797 72  2   5 5 5 5 5 5 5 5 5 5 5 544421222232,NA,9,212111 11 1      134111111444414441254725111,WY,4651957591941580138M,1,NA,25.004
309,1,12  2  91322114131113833183 9 6 1 7 5 2 9 7 5 7 7 68  1 6 1 5 5 1 3 1 3 5 9 9 1 832419111111 9,NA,2,121112 11 1      122111111443114343242125211,IL,1751066751106120123C,1,NA,5.092
309,1,12  2  131134443  42333333397 6 5 4 59797 49797 6 52  1 4 5 8 3 3 4 2 5 3 4 6 5 342411122222,NA,2,111211 11 1      11299999944442444126275512,IL,1751066751101040133C,1,NA,14.822
309,1,21  1  231114443 1793333333 7 5 4 5 3 3 5 5 7 7 7 72  2   3 9 3 3 3 3 3 5 5 5 4 542121122222,NA,1 1,222122121 211833123121111124221344127426512,IL,177084682088    533C,1,NA,11.512
310,1,12  2  211222243  92222332397 7 1 1 197 1 197 7 7 12  1 4 4 8 1 1 1 3 1 3 5 8 7 133431123312,NA,1 5,211121 11 1      142111111444314443252735111,CA,0130028030024480219P,1,NA,6.404
310,1,22  1  931112553 96         5 7 5 5 5 5 3 5 5 7 5 51101 4 5 8 2 5 5 7 4 6 7 597 422311223212,NA,2,112121 12 1      19411111144242444227284512,CA,0130028030024480219P,1,NA,5.974
310,1,21  1  1212222411 922222323 3 8 2 2979797 2 2 6 6 22  196 7 8 3 2 3 2 6 4 3 8 4 21111112223116 2,1,2,111211211 12     132222112422213241273554111,CA,0130028030024480119P,1,NA,3.764
310,1,21  1  21232224111312222323 9 8 7 3 5 4 9 9 5 5 7 311211297 7 1 6 5 1 6 3 8 8 7 911211191912,NA,2,211111111 12     123111111443413442254535111,CA,0130028030024480119P,1,NA,7.044
310,1,22  2  23212114111522123331 810 4 2 5 1 8 2 4 8 9 51111 4 3 8 5 2 5 2 2 5 8 9 9 522311122112,NA,2,211112 11 1      11211111144441444323446522,CA,0130028030024480119P,1,NA,3.224
310,1,22  2  9319222411 422222222 4 3 1 2 4 1 2 3 2 3 7 51111 497979797979797979797979711111111112,NA,2,121111 11 2      4 222211213411444125812512,CA,0130028030025945419P,1,NA,6.664
310,1,12  2  1311444412 42383313397 897 710979797 8 897 92  2  97 9 5 397 4 497 5 5979744411131222,NA,110,112122 12 1      11211111143223444326397512,CA,0130028030024480119P,1,NA,5.554
310,1,22  31 213122313  4333231229898 4 59898 598 5 7 5 41101 4 5 9 5 5 5 39898989898982321111311111,NA,9,111111 21 1      113111111443112443 3333442,CA,0130028030024480119P,1,NA,1.874
310,1,22  1  931144443  3133331131010101010101010101010102  2  971097 5 5 39797 5 897974442223222112,NA,1 3 4,211112 11 1      6 2111111444434443262525111,CA,0130028030024480219P,1,NA,5.974
310,1,22  2  9112222311 42222112297 7 5 3 5979797 4 7 7 62  1 4 1 9 1 1 2 3 3 3 3 297 743311222112,NA,9,221111 11 1      4 211111144432444226652512,CA,0130028030024480119P,1,NA,3.364
310,1,11  399,NA,NA,9999999999                          760 59,CA,0130028030024480119P,1,NA,3.874
310,1,22  332,NA,NA,999999 999                          319 11,CA,0130028030024480119P,1,NA,5.194
310,2,122 2  211244443  433333333 5 7 5 5 5 2 5 3 2 2 6 22  1 410 1 11010 1 1 11010 1 111211212222,NA,1 4,111111 11 1      11299999944424444226423522,CA,0130028030024480119P,1,1,7.724
310,1,12  322,NA,NA,999999 999                          631 51,CA,0130028030024480119P,1,NA,5.154
310,1,22  1  9311442211 92323232210 1 7 1 6 5 8 6 1 1 5 32  1 4 2 9 4 1 7 2 3 3 7 7 5 511323112112,NA,1 3,211122 21 1      213222222444114442262225211,CA,0130028030024480119P,1,NA,1.074
310,1,21  2  2122222211121222223210 8 2 7 4 8 5 5 310 7 21101 9 3 9 3 8 5 5 6 3 7 8 5 311411313112,NA,1 912,121111111 11 9222143222222444114441234895111,CA,0130028030024480219P,1,NA,6.124
310,1,12  2  2311944419 49832818897 9 8 5989797 9 8 9 8 62  1 498989898989898989898989811499939992,NA,9,291112 11 1      3 2999999443434441265965111,CA,0130028030024480219P,1,NA,4.364
310,1,12  1  231141149  933823138 5 7 7 6 698 498 7 7 5 62  2  98 5 6989898 5989898989844433333332,NA,1 4,221192 11 1      3 311111144441444314664512,CA,0130028030024480219P,1,NA,5.284
310,1,11  2  131144443  423333133 5 5 5 5 5 5 5 5 5 5 5 52  2   5 5 1 3 3 2 5 5 5 6 5 34441112113112 2,NA,112,221111111 1112131141111111444424441273775111,CA,0130028030024480119P,1,NA,5.554
310,1,22  838,NA,NA,999999 999                          423 34,CA,0130028030025945419P,1,NA,1.224
310,1,21  332,NA,NA,9999999999                          240 51,CA,0130028030024480219P,1,NA,7.734
310,1,22  1  2122222211 913822812 89797 197 19797 8 897971 411197 897979797 8 7 497979711321113312,NA,1 4,221111 11 1      3 399999944444414222629522,CA,0130028030024480219P,1,NA,25.004
310,2,112 1  2211144413 923233313 5 5 5 5 5 5 5 5 5 5 5 52  2  989898989898989898989898444113133111110,NA,2,121112212 111033313411111144441444126369522,CA,0130028030024480219P,1,3,1.724
310,1,12  2  292222229  418823333 8 897 3 8 8 8 8 8 897972  1 4 8 8 897 8 897 8 8 8 89741411121912,NA,1 4,929221 11 2      3 311111223413444113751592,CA,0130028030024480219P,1,NA,4.694
310,1,21  1  3312433412 913233333 4 2 3 410 510 5 7 3 3 52  2   3101010 5 4 410 4 4 61044412113232,NA,2,111121111 11 4323112111111384434432253695112,CA,0130028030024480219P,1,NA,6.794
310,3,12 41  2311221111 421833111 6 6 8 7 6 6 6 7 6 8 7 88  19698989898989898989898989844433333331 4,NA,1 4,111111 11 2      3 211111144444444216815492,CA,0130028030024480219P,1,3,3.244
310,1,22  1  2313244412 823323133 4 8 5 6 6 5 5 5 3 7 7 3110112 4 8 6 4 498 4 5 4 798 311111313212,NA,2,121121 21 1      232222919443224421163365111,CA,0130028030025945419P,1,NA,5.974
310,1,21  1  2122244411 923231138 8 1 1 6 1 1 8 1 1 1 1 11108   8 1 1 6 1 1 8 1 1 1 1 114211131112,NA,1 4,111111111 22     4 412111222223332223431149,CA,0130028030024480219P,1,NA,2.794
310,1,12  2  22122234121513323333 2 4 3 3 2 3 3 3 3 3 2 28  196 4 3 3 4 3 3 4 3 4 4 3 42211112212112,NA,2,222122 11 1      3 422211132311313223662512,CA,0130028030024480219P,1,NA,5.284
310,1,12  31 9311222119111122212310 997 6 49797 7 7 7 8 68  2   7 9 5 3 2 2 397 7 7 8 444421121211 9,NA,1 9 8,111112 11 1      6 3111111444424449 5223532,CA,0130028030024480219P,1,NA,1.454
310,1,22  2  2112222211 422222228 1 3 1 1 1 110 1 1 1 1 12  2  97979797979797979797979711111113112,NA,1 4,121111 11 1      3 322222233311444926659512,CA,0130028030024480119P,1,NA,3.364
310,1,21  1  2311322311 9232231889797 5 3 3 798 7 7 897 71121 4 6 8 1 5 5 7 4 5 7 8 6 644411223112,NA,9,222112211 12     4 1111111242114441264255111,CA,0130028030024480219P,1,NA,4.004
310,1,22  1  3322224411 922322323 7 6 7 6 5 7 7 7 6 6 7 61111 4979797 3 5 4 597 8 8 8 633412113232,NA,2,221121 12 2      6 3222222444314443231895211,CA,0130028030024480119P,1,NA,1.694
310,1,22  2  1111424413 93313313397 998 6 7 598 8 6 8 8 82  1 4 597 3 397 3 497 8 8 6 742413132221 210,5,2,111122 11 2      13311211144443444227504512,CA,0130028030024480119P,1,NA,4.134
312,3,12 1331339944113  933183111 2 3 3 2 3 198 3 3 3 3 31968   7 4 4 7 4 4 4 4 4 4 4 44441123222116,NA,9,999999 99 2      241111111433433441 3193142,IL,0510036020031600113C,1,3,1.002
313,1,22  2  1311411113 8211131131010 71010979797979797971 32  9710971097979797 497979744413331312,NA,2,211112 11 1      243111111444444442265234211,MI,0570095050092160113E,1,NA,1.452
313,2,212 1  3122222211 31828232310 7 7 7 8979810989898 82  8  10101010101010 7 69898984141113331116,NA,2,999999999 21 23335 4222222444444443232615211,MI,0570095050092160113E,1,3,4.552
313,1,12  1  111134339  438288313 1 1 1 1 1 1 1 1 1 1 1 11982   1 1 1 1 1 1 1 1 1 1 1 14441111111118,NA,2,222222 22 2      11211111122221222223679522,MI,0570095050092160113E,1,NA,10.972
313,1,22  1  233344443  393333333 697 5 9 6 897 6 8 8 8 22  2   197 5 19797 1 6 6 6 6 444421113121 4,NA,2,912192 11 1      233111111444444443222641411,MI,0570095050092160213E,1,NA,4.792
313,1,12  1  221125553  3133333339897 1 2 2 2 5 2 5 5 5 52  1 6 4 4 1 2 3 1 3 1 2 5 6 433311233212,NA,2,221222 29 2      3 322222244431234123603512,MI,0570095050090440213E,1,NA,14.252
313,1,22  1  111141449  313131113 7 8 7 7 6 4 6 5 410 5 81101 6 8 4 3 1 3 39797 4 897 533321111212,NA,1 912,191112 11 2      4 211111144231344317392512,MI,0570095050090440213E,1,NA,7.662
313,1,22  2  239224443 1723233333 6 5 697 697 7 7 7 7 6 52  1 497 3 3 49797 6 3 5 397 344411111332,NA,2,212212 21 1      21311111144441444427446512,MI,0570095050090440313E,1,NA,11.512
313,1,22  1  931942559 96        9898989898989898989898982  8  98989898989898989898989844412222322,NA,2,222222 11 2      12311111111133321427339512,MI,0570095050092160213E,1,NA,17.192
313,1,11  2  1311111112 2238333139797979797979797979797972  2   4 5 3 397 597 5 6 697 644412122322,NA,112,111112911 22     13299999944444444327379512,MI,0570095050090440113E,1,NA,10.662
313,1,12  2  111144413 97 3333333 5 5 5 5 5 5 5 5 5 5 5 51 62   3 8 3 3 5 5 3 5 5 5 5 544433333312,NA,2,222222 12 2      11211111144443444325565512,MI,0570095050092160213E,1,NA,23.102
313,2,122 1  332244443  32232333310 5 5 5 5 6 7 5 3 3 5 31 32   1 8 4 6 6 3 3 3 7 7 5 644211333312,NA,1 6,121111 11 1      214111111224212443221845211,MI,0570095050092160113E,1,3,6.792
313,2,222 2  231244443 97 3321332 797 5 5 597 497 5 5 2 22  2   6 4 4 7 1 2 4 4 5 5 2 244412112112,NA,2,221112 11 2      6 211111144141444323181522,MI,0570095050092160113E,1,3,2.962
313,1,21  1  2221444411 313332333 99797 497979797 5 597 52  2   1 5 3 4 5 3 5 4 4 597 132111122221 1,NA,2,211112911 22     23321212242212144323358512,MI,0570095050092160213E,1,NA,17.032
313,1,22  2  1311111112 331333113 7 7 8 9 8 7 8 8 9 9 8 78  1 6 4 7 3 2 4 2 4 5 5 5 4 34441212111110 8,2,1 8,112112 11 1      14211111143422434227494522,MI,0570095050090440113E,1,NA,3.962
314,1,22  1  131134449  423333333 81010 5 4 5 7 7 9 910 91101 4 7 997 3 497 697 8 897974422232322112,NA,2,222999 21 2      4 411111144432424326241512,MO,0750186090217040214C,1,NA,15.882
314,1,22  2  223224443 97 3822323 5 6 5 5 5 5 5 5 5 6 5 52  2   69797 597 59797 6 6979732311123122,NA,2,222222 2222      14311111144424444323543512,MO,0750186090217040314C,1,NA,17.662
314,1,21  2  232934443  733333333 5 5 5 5 5 5 5 5 5 5 5 52  2   4 4 4 4 4 4 4 4 4 4 4 433322112232,NA,2,222112219 22     14399911133343444223325512,MO,0750186090217040314C,1,NA,19.222
314,1,22  1  131344443  933333333979797 8 7 697 5 69797978  1 3 6 7 4 3 5 5 6 5 5 5 6 434431212221 5,NA,2,222112 91 1      4 3111111444332343232235111,MO,0750186090217040314C,1,NA,17.732
314,1,11  2  1311444413 9213331339999999999999999999999992  2   897 2 597 3 7 7 5 897 744431121132,NA,2,229992299212     11222222244443444125367512,MO,0750186090217040114C,1,NA,25.002
314,1,11  2  331199993 97 3333333 6 5 4 6 6 5 5 6 6 7 6 51 81 4 6 5 4 5 5 4 5 8 5 7 5 544431133122,NA,2,222222222222     144111111433413342274645211,MO,0750186090217040114C,1,NA,6.392
314,1,21  2  111141153 1331323133 7 6 7 4 69797 6 6 797 78  2   6 6 3 6 69797 4 5 5 5 544311122122,NA,2,211212211 22     143111111434432442263545111,MO,0750186090217040114C,1,NA,11.512
314,1,22  1  111111113  431131111 1 1 1 1 1 1 1 1 1 1 1 11 31 3 5 5 5 5 1 1 5 5 5 5 5 544433313332,NA,2,111111 11 1      11111111144444444227196592,MO,0750186090217040214C,1,NA,14.062
315,1,22  1  331144449 99 333333397 8 7 7 89797 6 7 797978  8   7 8 6 6 7 6 7 7 7 7979744411123112,NA,2,921192 11 1      24311111144444334225218512,NY,1410685550688160332E,1,NA,22.941
315,1,12  1  291199449  92322333397 8 7 6 6 1 8 7 3 897 72  2  98989898989898989898989844321222222,NA,9,129212 12 2      14311111144441414326353512,NY,1410685550688160122E,1,NA,17.241
315,1,12  2  13111114121833333133 6 9 9 6 9 9 9 5 6 6 6 62  1 4 6 9 3 3 3 3 3 5 8 897 643322111222,NA,2,221222 21 2      6 311111133222344226292512,NY,1410685550688160122E,1,NA,15.961
315,1,11  1  213222459 97 8333323 3 4 3 3 2 2 297 4 4 4 32  2   7 7 5 6 5 6 6 6 5 6 5 611121212112,NA,2,212222121 29     14222222244441444414374512,NY,141068555068    542E,1,NA,21.131
315,1,12  2  1311144413 623333333 8 9 897 89797 997 997 51122  97 9 3 497 3 597 2 897 542211132332,NA,112 5,222122 11 1      12221111144333443127979512,NY,1410685550688160222E,1,NA,9.611
315,1,22  1  931195553 96         8 8 7 7 8 8 8 8 9 9 8 81 91 4 3 8 5 2 3 3 3 3 4 7 3 344412121112,NA,2,221912 22 1      242111111222424243265395111,NY,153168549173    532E,1,NA,12.841
315,1,21  1  221133443  423333333 89897 6979797 6979797972  1 1 5 4 7 297 49897 5 5979722111122112,NA,2,222222222222     4 311111144232444324282512,NY,1410685550688160322E,1,NA,20.691
316,1,11  1  191394553 96        9797979797979797979797978  8  97979797979797979797979788811391192,NA,2,222222222229     9 2229222388484441234035411,KS,269059671058    544C,1,NA,4.642
316,2,122 1  2122222313 922222228 39797 597979797 79797 58  8  97979797 99797979797979782112123312,NA,2,111111 11 2      3 911111133311221129999529,KS,307061678065    544C,1,1,5.212
316,1,21  2  933144443 1033333133 9 9 9 9 9 5 8 9 9 9 9 91121 4 8 997 497 4 4 4 3 897 44443321321116,NA,2,212212229 22     213111111442434443264455111,KS,3070616780659040324C,1,NA,11.512
316,1,22  1  921134559 96         8 6 5 8979797 610 7 5 41 91 3 9 6 1 8 5 49797 89798 323312123222,NA,2,229122 11 1      3 322199932322244123721512,KS,307061678065    544C,1,NA,19.902
316,1,22  2  231114441313988888881010101010991010101010101101 698989898989898989898989844431393332,NA,2,222212 21 2      142111111444414443265595112,KS,429146603146    544C,1,NA,10.312
316,3,22 41  111111552 96         4 1 4 5 1 1 1 1 4 4 5 72  2   8 7 8 5 8 7 6 4 6 7 5 532111112222,NA,2,122122 11 2      133211111221311311174554112,KS,3070616780659040124C,1,1,1.212
317,1,12  1  222234443 132333333398 9979798 3 2 897 8 8 71101 697 9 6 5979797 6 7 897 631321123222,NA,2,122122 21 2      114912111334334443254135111,IN,0830275270253480123E,1,NA,25.002
317,1,11  2  3311111111 421333113 8 8 5 7 797 6 7 7 697 71 91 4 5 8 3 4 4 5 4 5 7 7 4 544412131121 2 4,5,1 2 5,221111111 11 4121142111111344434443264255111,IN,0830275270253480123E,1,NA,16.012
317,1,22  2  931311119 1118933813 8 99897109797 9101097978  1 698 998 398 198989898989844421199192,NA,116,299112 11 1      3 211111144442444327728512,IN,0851905821983920233E,1,NA,6.432
317,1,11  2  121111551296        9798 5 7 698 6 7 7 898982  1 797 6 497 597 3 7 798989744333333222,NA,116,121112122 11 4331112111111444434441263945111,IN,0851905821983920233E,1,NA,10.662
317,1,12  91 232224551296         5 4 2 1 4 1 3 2 6 598 12  1 4 3 5 1 1 5 1 2 2 4 5 4 212221112322,NA,1 8,221111 11 1      141999999434424441 6407512,IN,0830275270253480123E,1,NA,16.012
317,1,22  2  2112244411 428333838 5 5 1 6 1 797 1 5 5 1 71108   5 9 5 197 2 197 1 1 1 54443111331111,NA,110,111112 11 1      24329111143441444123499512,IN,0830275270253480323E,1,NA,17.662
317,1,22  2  2122233312 412883822 3 3 2 197 1 1 2 1 397 28  1 4 198 2 1 2 1 1 2 1 298 111211113192,NA,2,221112 21 2      3 322222231231444123669512,IN,095053542053    533E,1,NA,19.902
318,1,12  1  2322222411 922323313 197 1 1 1 1 197 1 1 1 12  8   7 7 2 2 2 1 498 6 6 6 411111112222,NA,2,221112 11 2      14322922233322324226274512,LA,251175642121    547C,1,NA,11.973
318,1,12  1  232234443 1393833333 7 8 7 7 7 7 7 7 7 8 7 78  1 49797979797 1 1979797979724411111112,NA,2,111112 11 2      113111111444414441233145111,LA,2531186421213880337C,1,NA,16.643
318,1,21  2  212134553 97 3333333 8 9 897 8 7 6 6 7 9 9 82  1 6 6 8 7 1 6 2 3 7 7 8 8 544431133311 6 7,NA,2,211112111 22     133111111444444442234895211,LA,2551716441770220137C,1,NA,11.343
318,1,12  1  212233442  433311333 6 4 5 5 5 5 597 5 4 3 61121 4 3 497 1 3 6 4 3 3 3 3 321111123222,NA,2,211122 22 2      14311111144443444315354542,LA,253118642121    547C,1,NA,7.243
318,1,22  1  131224242  421111112 810 1 7 8979797 810 5 61 419610 9 1 1 99797 8 910 1 144111233112,NA,1 4,122222 22 2      4 411111144421444223205112,LA,2511756431793960237C,1,NA,9.853
318,1,12  1  231144443  613233133 8 8 7 89898 8 8989898988  2   5 7 2 597 3 997101097974433131311110 2,4,2,121122 11 1      212111111444443449231965111,LA,2551716441770220237C,1,NA,15.973
318,1,22  1  221233443  423333333 5 5 5 5 5 5 5 5 5 5 5 52  8  98989898989898989898989823231222122,NA,2,222222 2222      3 321212144433344123761512,LA,327129628133    547C,1,NA,24.133
318,3,22 4322,NA,NA,999999 999                          242 44,LA,249095716098    547C,1,1,7.393
318,1,22  1  2312444413 43331333398109810 1981098989898982  2  9810 5 11010 710 910981044411213212,NA,2,121111 11 1      4 111111144441444322199512,LA,2531186421213880237C,1,NA,25.003
318,2,212 1  2312221113 423333133 5 5 3 1 5 3 2 5 5 5 3 52  1 4 5 5 5 3 5 3 3 5 3 5 4 232421111122,NA,2,222222121 11 4133132111111434313442263585211,LA,327129628133    547C,1,3,1.673
318,1,22  1  221244443 1721333133 5 7 5 6 5 4 4 2 6 6 6 71121 6 6 8 4 5 5 4 4 6 5 6 6 64431913112116,NA,2,221112 11 2      12311111144431344125485512,LA,3210716120777680227C,1,NA,24.613
318,2,212 1  211299443  41338333310 1 1 1109797 1 1 1 1101108   110 9 1 69710101010101011111111112,NA,2,211112211 12     14222222244424444223323522,LA,321071612077    547C,1,3,3.433
319,1,11  1  2133423511 93332231397 9 5 597 4 597 2 397 52  2   1 1 1 1 1 1 1 1 1 1 1 111111111111 2,NA,2,222192911 29     11311111111111111114251512,IA,177084682088    544C,1,NA,13.722
320,1,11  1  1313455113 713333333971097 6 6 697979797 6972  2   510 3 5 697 5 5 7 7 7 522221133212,NA,2,222212111 11 9222293999999444484443244095111,MN,1070136130146980134C,1,NA,19.642
330,1,11  1  231224442 97 333333397 997 197 19797971097978  1 4 5 8 1 297 1979797 897 741221122132,NA,2,229122122 21 4131142111111212112421234545111,OH,0310925360959320123E,1,NA,20.062
330,1,12  1  231144553 96         6 6 4 7 5 6 4 5 5 5 4 41101 3 6 5 5 6 5 5 4 4 4 4 4 433332233131 4,NA,2,111112 11 2      22211111144343334326284512,OH,0350125100131320123E,1,NA,14.822
330,1,22  1  131119999 99 88888881010101010101010101010101 12   7 5 2 3 39797 7 2 798 344411111112,NA,2,921922 99 2      4 2111111343444441263545111,OH,0350125100130080213E,1,NA,11.512
330,1,12  1  231224443  423833333 2 5 5 1 5 5 5 5 5 8 5 52  2   1 5 2 1 2 5 5 5 8 8 89711831133132,NA,2,222212 21 1      11222111244442444223555512,OH,0350125100130080113E,1,NA,21.422
330,1,22  1  3311244413 133231232 5 1 5 5 5 6 1 4 5 4 4 52  2   5 4 5 6 5 7 2 5 5 5 5 543422333112,NA,2,122222 12 2      22211111122221144223324522,OH,0350125100130080213E,1,NA,13.542
334,2,122 1  213144443 1133333333 8 6 5 4 5 6 5 6 5 5 6 51 92   2 6 4 4 3 3 3 3 7 7 7 344423222322,NA,2,111112 11 2      4 4111111444444442233215211,AL,4091215221251800326C,1,2,1.553
334,1,12  1  231144443 1733333333 7 7 4 4 4 1 8 7 7 2 8 68  2   4 8 4 6 7 4 4 6 7 7 7 744412323322,NA,2,221112 11 1      14211111144444444325216512,AL,3830636860615160126C,1,NA,21.483
334,1,21  2  231234443 1713333133 6 8 6 4 5 4 4 4 5 6 6 62  2   7 8 1 4 4 397 8 4 797 31331121211112,NA,112,111111111 11 111111111111123212233123279512,AL,4121106981135240326C,1,NA,23.313
334,1,12  1  931133443 97 3333333 5 5 3 5 5 5 5 5 3 3 5 52  2  9797979797 59797979797 344431132332,NA,2,222222 2222      3 322222244431444223829512,AL,412110698113    546C,1,NA,18.493
334,2,222 1  2322222411 422822382109797 197971097109797971 91 4 8 8 9 1 9 9 9 9 9 9 9 911211111112,NA,2,221122 11 1      4 3111111444414443225825211,AL,412110698113    546C,1,3,25.003
334,1,12  2  1322434212 922223333 1 8 6 1 2 1 1 5 4 5 3 61 21 4 4 8 5 2 2 3 5 5 5 5 4 522121122122,NA,1 4,211111 11 2      14221111144421424113182512,AL,3830636860615160326C,1,NA,15.973
352,3,22 331 2333222211 922823223 1 897 3 1 3 197 71097978  1 797979797979797979797979743111193132,NA,2,219111 11 2      4 3222212121414221 5564312,FL,6211645921652900135E,1,1,14.253
352,1,11  2  212224443  423233333 4 6 5 1 4 3 1 6 7 8 4 71961 7 5 6 6 5 4 5 5 7 7 8 4 731121223312,NA,2,221122121 11 122311122112133333423326335512,FL,3290235340225790235E,1,NA,17.993
360,1,11  2  331111143 17933333339710109797 7 710 8 8 2 81 21111010 410 8 8 5 8 8 8 8 444421122112,NA,1 8,211111211 12     114111111444222442252445111,WA,1050148190121150239P,1,NA,22.544
360,1,21  2  2311444411 292123311 8 6 5 797 5 7 7 6 6 8 71 18   3 6 6 597 5 3 6 8 8 7 443411212111 4,NA,2,221212211 211833313211111144441444225333522,WA,2330268200246440129P,1,NA,16.994
401,1,11  2  11122445131033333333 5 7 5 5 5 4 4 5 7 7 5 68  1 4 3 5 3 3 3 3 3 5 5 7 5 522221113121 8 9,NA,118,211122111 19     111221222443424442273765111,RI,047043521047    531E,1,NA,17.241
401,1,22  1  1313422419 922223833 4 8 5 5 3 5 4 5 610 5 51962   4 8 4 4 497 3 5 710 5 532221122122,NA,2,221111 11 1      14299199944442444327505512,RI,0470435210476483121E,1,NA,8.541
401,1,12  1  2312444413129333333397 797 3 79797 597 7 5 62  8   5 6 3 4 4 3 59797 7 7 523121112122,NA,2,221192 11 1      13499111143433444225294512,RI,0470435210476483121E,1,NA,13.211
401,1,21  1  23122444131322223333 8 99797 1 1 1 5979797 12  11210 997 8 5 1 8979798979731231123112,NA,112,212122111 211232211399191944441444225544512,RI,0470435210476483221E,1,NA,14.521
402,1,21  1  121322243  422223382 4 6 3 3 3 4 4 4 4 6 4 41 21 4 4 6 3 3 6 3 3 4 3 4 4 322321123112,NA,2,222112111 19     11222222233341433127505512,NE,3010736520755920224C,1,NA,11.932
402,1,12  2  131144449  223992133 8 8 8 8 8 8 897 8 8 8 92  2   4 6 5 5 497 497 5 5 5 443412223222,NA,1 2,221122 11 1      12211111144343334924222512,NE,3010736520755920124C,1,NA,13.162
402,1,22  1  2212333419 422823833979797 19797 3 7979797978  1 4 5 898 497 39798 5 797 542211233332,NA,2,222222 2222      14229111134412244323514512,NE,3010736520755920124C,1,NA,17.662
404,1,11  2  22222312129923211231 4 5 3 4 6 3 2 5 6 5 6 42  1 6 4 5 5 4 3 5 1 1 5 4 4 332132111111 3,NA,2,111211112 11 121111121111144444444125464512,GA,1970105240100520315E,1,NA,20.823
404,1,22  2  1312333312 933323123 5 6 5 5 5 5 5 5 6 6 6 52  1 4 7 7 897 7 7 797 89797 644422123232,NA,9,221212 11 1      213111111444434443262525111,GA,1970105240100520315E,1,NA,13.903
404,1,12  2  131133111297 3883188 5 9 3 4 2 5 5 4 6 9 8 78  2   3 8 2 2 2 2 2 3 3 6 5 444411111121 812,NA,112,211111 12 1      4 3111111444324442262275111,GA,1970105240100520315E,1,NA,11.483
404,1,22  332,NA,NA,999999 999                          322 52,GA,1970105240100520315E,1,NA,4.373
404,2,222 1  911939151198 3333333 7 99710 5 6 6979797 7978  8   5 89797979797979797979744433333332,NA,2,222122 21 1      3 3222222444414442267035211,GA,1970105240100520115E,1,3,1.973
404,2,112 2  1122222312162212332310 2 1 4 5 210 4 4 4 5 31 4112 7 5 1 5 4 4 5 3 4 4 6 344411111212,NA,2,221122111 22     14111111144421444325275522,GA,1970105240100520115E,1,3,3.843
404,1,22  31 1311941412 81313121310 8 51010 81010 8 810 81101 3 11010 1 1 2 1 1101010 134311111111 8,NA,2,112112 22 2      222111111444234443 3231522,GA,1970105240100520115E,1,NA,4.373
405,1,22  1  122224443  923888333 2 4 2 4 4 2 2 2 4 4 3 31101 7 3 5 3 3 3 2 298 5 698 423311112112,NA,2,221112 11 2      4 121111144342244223445512,OK,263045650043    547C,1,NA,20.663
405,1,12  2  232229552 17922238289898989898989898989898 68  1 4 798 2 5 4 5 2 5 6 798 312211133112,NA,2,121112 11 1      14399999944312344223435512,OK,265177657161    547C,1,NA,23.823
405,1,12  1  2311322211 4212222121010 1 110 11010101010 11121 4 1 1 1 1 1 1 1 1 1 1 11034313133112,NA,2,221221 11 2      4 112112241434444125212512,OK,403128634126    547C,1,NA,21.483
405,1,12  1  231133443  923222123 397 4 6 6 5 5 4 6 797 61101 1 7 4 3 7 698 498 5 798 522312112222,NA,2,221111 11 1      21321111122211234225214512,OK,263045650043    537C,1,NA,14.303
405,3,22 11  111144443  42313121210 5 610 5 7 8 5 8 5 9102  2   310 1 3 1 1 5 5 3 1 3 144433333112,NA,1 4,111122 11 1      112111111444433442262541411,OK,405135627143    547C,1,1,1.003
405,1,11  1  111121112  911111111 1 1 1 1 1 1 1 1 1 1 1 11 11 1 1 1 1 1 1 1 1 1 1 1 1 111111111111 7,NA,1 7,111111111 11 1111111111111111111111112911111,OK,263045650043    547C,1,NA,24.823
405,1,12  1  23224444121713333333 5 5 4 2 2 3 4 4 3 3 3 42  2   7 7 6 5 6 4 4 5 7 6 5 612121113211 4,NA,118,211121 11 1      13311111142431444323213542,OK,2630456500435880127C,1,NA,3.783
405,2,222 1  932221551196         3 3 3 3 5 3 3 3 3 3 3 32  8   1 1 1 2 3 1 1 1 1 1 1 282821111212,NA,9,211112 11 1      243111111443444341234435211,OK,2630456500435880127C,1,2,3.423
405,1,22  2  231144442  423323133 810 4 8 5 5 4 8 9 5 5 51 12   310 3 197979797 5 4 4 144211233221 8,NA,2,121112 11 1      14311111144443444326294512,OK,2630456500432340237C,1,NA,20.873
405,1,22  1  131111111117311111111010101010101010101010 91101 4 9 9 3 397 9 1 3 3 2 2 244411112121 9,NA,1 8 4,111111 11 1      132111111444444443252242111,OK,2630456500435880127C,1,NA,12.033
405,1,11  1  291224443  423333383 6 5 1 4 4 3 5 3 3 3 2 11101 3 5 7 8 7 6 6 6 6 5 698 711211112222,NA,2,212112911 29     14499999934424444125329512,OK,2630456500435880327C,1,NA,22.393
405,1,12  1  2322222211 722322823 1 4 1 9 1 1 1 3 1 1 1 11 41 1 1 3 1 8 3 1 1 2 2 2 1 113111131112,NA,2,211112 11 2      142222222333334431252755111,OK,2630456500435880327C,1,NA,22.393
405,3,12 1333,NA,NA,999999 999                          358 14,OK,265177657161    547C,1,1,2.723
406,1,22  2  931224553 96        98 6 3 2 298 3 4 4 5 4 41961 498989898989898989898989822211232112,NA,2,222992 2221      24211111143243434227534512,MT,297207766208    548M,1,NA,15.184
406,1,11  1  231195553 1833133333 5 6 4 5 5 4 5 6 6 5 5 52  1 3 5 6 2 5 3 3 5 5 5 6 5 344411333312,NA,2,222212122 12     11211111134343344323355512,MT,299182755184    548M,1,NA,25.004
407,1,22  2  2322222511 622222223 3 7 3 1 6 1 1 3 6 6 6 42  1 4 5 7 4 2 7 1 2 3 5 5 3 121111121112,NA,2,911111 11 2      29211111111111424123479512,FL,3290235340225960125E,1,NA,14.253
407,1,11  2  93114199131821111111 5 1 8 5 5 3 7 5 5 7 6 82  2   1 1 5 5 1 4 3 5 5 5 3 611111111112,NA,2,221112211 22     134111111111111112175055111,FL,3290235340225960325E,1,NA,13.213
407,1,21  2  221142943  723333133 5 8 7 3 8 4 4 8 8 8 5 82  1 6 5 8 4 3 5 598 5 7 7 5 444231313332,NA,2,222292192 12     4 411111144441444125383519,FL,3290235340225960325E,1,NA,15.813
407,3,21 22  9212344311 423323333 710 5 5 9 3 4 7 8 8 8 78  1 4 5 5 5 6 7 4 3 4 6 7 3 443331213112,NA,2,111112111 12     19311111144411334912292242,FL,3290235340225960125E,1,2,2.513
407,1,12  1  2312322412 922221233 8 6 1 1 1 1 1 6 3 3 2 22  1 4 6 7 1 1 1 1 1 5 3 3 1 121421323112,NA,9,211111 11 2      14299999933333343227485512,FL,3290235340224900125E,1,NA,19.843
407,1,22  2  3211144411 99333333398109810 998 810101010101 92   410 4 4 69797 9 8 997 543411111121 2,NA,1 7,111119 11 2      14111111144443344227535512,FL,3290235340225960325E,1,NA,9.633
407,1,12  1  2212334411 922222212 6 6 6 3 4 4 4 8 7 8 8 61102   4 6 3 3 4 3 3 3 2 5 1 243411113332,NA,1 4,999999 99 1      21311111144441444123185522,FL,3290235340225960325E,1,NA,2.553
407,3,22 431 211294443  82333313310 3 1 1 810 5 1 89797971 61 4 510 6 1 1 1 1 3 7 797 111211331111 6 1,NA,9,999999 99 2      132221112444414442 7384442,FL,3290235340225960325E,1,2,1.003
408,1,22  1  93119111191393383333 8 8 5 8 8 898 5 7 8 8 81102   11098 2 2989898 5 797 44441113311111,NA,116,999999 99 1      24411111144443444225238542,CA,0650058070057400119P,1,NA,1.754
408,1,12  1  23114334111728333333 7 7 7 3 3 5 5 7 5 7 7 51 42   5 8 1 3 3 3 2 2 4 6 6 322221131121 1,NA,2,921112 11 1      6 211111143442444216234512,CA,0650058070057400219P,1,NA,4.944
408,1,12  2  2122222211 432322323989898 298 5989898 498 32  1 498 8 7 198 2 5 4 3 4 4 213411111192,NA,9,222222 12 2      3 199999941111414223613512,CA,0650058070057400219P,1,NA,7.434
408,1,11  1  231113342 97 2323333 7 7 5 59797 597 7 7 7 41101 4 7 7 4 4 6 4 697 7 897 54443113331111 3,NA,9,921111111 11 9391141111111444444443262975111,CA,0650058070057400219P,1,NA,5.154
408,1,22  2  13222224111792822383 5 7 1 5 59797 1 1 1 1 12  11210109898989898989898989812111121312,NA,2,121122 21 2      3 321211944211442223721512,CA,0650058070057400119P,1,NA,6.904
408,1,21  1  211113443  923833323 5 5 210 6 5 5 3 1 1 1 12  112 198 1 1 1 1 1989898989824433311132,NA,2,121111121 211833312111112144444444213335142,CA,0650058070057400119P,1,NA,1.874
408,1,21  1  91322244111392323183979798 8979797 2 3 7 1 12  112 49797 697 397979797979713111121212,NA,9,221122911 22     3 222222244411444223574512,CA,0650058070057400119P,1,NA,7.364
408,1,12  2  931144449  42388311898 6 7 5 59898 6 698 5 61121 6 5 5 3 3 3 497 5 59898 544412323222,NA,2,111112 11 1      11211111144432334326326512,CA,0650058070057400119P,1,NA,5.154
408,1,12  1  13122224111722222322 5 5 6 3 2 1 3 4 4 7 5 42  1 6 2 5 1 3 4 2 3 5 4 4 3 232431123312,NA,1 3,221111 12 1      142111111344314441255065111,CA,0650058070057400119P,1,NA,8.944
408,1,22  31 131222249  998223828 8 9 9 6 9 8 8 8 8 9 8 88  8  98 5 5 5 1989898 5 7 4 54443121211111,NA,2,211192 11 1      132111111444424442 5345512,CA,0691138281227120229P,1,NA,19.584
408,1,12  332,NA,NA,999999 999                          435 44,CA,0650058070057400219P,1,NA,2.514
408,3,12 11  31111111111333133333 8 5 610 8 7 6 6 810 6 72  2   1 5 1 1 1 1 3 1 3 597 144433333331 412,NA,1 7,111111 11 1      113111111442414442252221411,CA,0650058070057400119P,1,2,1.004
408,1,21  2  231111113  431111111 5 6 7 9 4 8 3 4 7 7 3 21 41 9 9 7 7 710 9 6 6 8 9 5 544411112121 4,NA,1 4,111112111 11 433323222211144444444413314112,CA,069113828122    549P,1,NA,19.184
408,1,12  2  2122222211 432223322 1 1 1 1 1 1 1 1 1 1 1 12  1 4 1 1 1 1 1 1 1 1 1 1 1 133111111112,NA,1 4,212222 11 1      3 3111111424244442237325111,CA,0691138281227120229P,1,NA,12.914
408,1,12  2  213223449 17231333339797 5 5 5979797 5 797971101 4 298 3 4989898 5 5 7989822211122212,NA,1 2 9,999999 99 2      3 2222191432213323257495111,CA,0650058070057400219P,1,NA,5.704
408,1,11  2  23331993111793223133 8 5 610 8 2 4 5 9 4 7 41 911298 498 2989898 3 59898984332112321111,NA,9,919112111 111833313911111144442444913389542,CA,0650058070057400219P,1,NA,1.614
408,1,22  2  21222233111792282128 110 3 5 5 2 2 1 1 2 5 22  8  98989898989898989898989812111133222,NA,2,121112 11 2      3 322222214441444115739512,CA,0650058070057400219P,1,NA,6.664
408,1,22  333,NA,NA,999999 999                          631 54,CA,0650058070057400219P,1,NA,1.424
409,1,22  2  111111111317331331139797 8 7 79797 7 7 7 8 81122   7 7 7 5 4 3 3 7 7 797 444433132212,NA,1 412,221111 11 1      141111111444484242276155111,TX,201011618011    547C,1,NA,12.513
409,1,22  2  2122222411 422222323 4 5 4 1 3 1 1 6 3 3 3 32  1 4 7 7 5 4 6 4 4 5 5 6 5 521121112222,NA,1 8,221122 21 2      3 222222244422444115706512,TX,2050966250941260137C,1,NA,15.493
409,2,222 1  931144413  933323338 1 1 199 199 1 1 1 1 1 12  1 4989898979797 498 198989733311112112,NA,2,222222 11 2      5 322222234443344221691522,TX,2050966250941260137C,1,2,23.673
409,1,12  333,NA,NA,999999 999                          126 51,TX,2050966250941260137C,1,NA,17.433
410,1,11  1  2222233412 421121132 5 6 5 3 6 2 3 3 5 5 5 41 91 410 8 8 6 8 6 7 7 7 6 7 922332213322,NA,2,211121122 19     11221211144444444325464512,MD,0210225120230720315E,1,NA,25.003
410,2,222 2  331191113 12111311131010101010101010101010101122   6 8 4 4 4 5 4 5 8 6 4 544432123312,NA,9,222222 9222      4 411111142241444223401522,MD,0210225120230720315E,1,3,4.243
410,2,112 1  12124111121231333333 3 1 8 7 6 4 3 7 7 9 5 71101 6 5 8 8 5 7 4 5 7 6 9 7 633311112112,NA,2,221112211 12     13211111134334344223484522,MD,0210225120230720315E,1,3,3.403
410,1,21  1  22224324121212332213 6 5 5 5 5 5 5 5 5 5 5 52  2   2 7 5 4 3 2 3 2 2 1 3 422111131212,NA,2,111111111 2118131133211222222991911164735211,MD,0210225120230720315E,1,NA,4.463
410,1,12  2  31111444111713332313 5 5 5 3 5 1 5 5 5 6 4 52  2   4 8 4 5 3 4 4 5 7 7 5 83211311311110,NA,112,221111 11 1      23311111144443444323188512,MD,0210225120230720315E,1,NA,10.633
410,1,12  2  223334443 12133333331097 5 5101010 5 5 5 7 58  2   5 5 5 5 5 5 5 5 5 5 5 544431333332,NA,2,221112 11 2      4 2111111444414443232625211,MD,0210225120230720315E,1,NA,5.703
410,2,112 2  2312222212 722222223 5 3 2 2 2 1 5 5 3 3 5 32  1 6 8 2 2 3 3 2 3 5 5 5 5 521321111122,NA,2,221112111 22     5 4222211411214122234635211,MD,0210225120230720315E,1,3,3.403
410,1,11  1  32222222111212332338 6 4 5 5 4 4 4 5 3 3 3 21 111297 6 1 1 4 1 1 1 1 1 1 111111111111 7,NA,1 6,111111111 11 111111111111111111111123344522,MD,0210225120230720315E,1,NA,5.703
410,2,122 2  9322222511 892222222 110101010101010101010101 71 9 1 3 5 2 2 5 3 5 6 7 5 623411133212,NA,2,211111 11 2      24311111144441444323243522,MD,023162576163    535E,1,2,1.043
410,3,22 32  1311444411 923333113 9 9 9 9 9 9 9 9 9 9 9 92  2   3 9 3 2 2 4 2 2 4 4 4 444221221122,NA,1 4,221212 11 1      233111111444334442151913111,MD,021022512023    545E,1,1,7.163
410,1,12  2  931324452  9288333139797 4 4 49797 3979797 42  1 5 597 4 3 3 3 69797 4 5 544411121212,NA,1 4,212122 11 2      132292999444434442255055111,MD,021022512023    545E,1,NA,25.003
412,1,21  1  131224441310933333389999999999999999999999992  2  99999999999999999999999944429123292,NA,1 8,221112211 11 833324211111124423444125395512,PA,0290175080196280212E,1,NA,21.061
412,1,22  1  111222441398 2822222 6 8 5 1 1 197 9 6 610 61111 4 910 4 1 3 1 4 8 8 8 8 711121112111 412,NA,9,111222 11 1      19211111133131333323503512,PA,0290175080196280212E,1,NA,19.001
412,1,22  2  232225559 96         1 1 1 1 1 1 1 1 1 1 1 18  1 610101010101010101010101033391111222,NA,2,999222 11 2      4 322291244344343212712512,PA,0290175080196280312E,1,NA,25.001
412,2,222 1  23114444131233332123 4 5 4 6 5 4 7 5 7 5 8 72  2   5 5 2 5 6 3 6 3 5 8 4 544411131311 111,2,1 7,211112 11 1      212211111444412243231945211,PA,0290175080196280112E,1,2,1.211
412,2,122 1  131945553 96         5 4 5 5 5 5 7 8 5 8 6 61102   5 9 1 4 1 5 8 5 5 897 544423323121 8,NA,2,121112 12 2      6 311111134433134222186522,PA,0290175080196280112E,1,3,3.431
412,1,12  1  21222224111492222322 1 7 4 1 1 1 1 1 1 3 1 12  1 910 597 8979797971010979711111223112,NA,2,221212 21 2      192222222244214443244495112,PA,0290175080196280312E,1,NA,21.131
412,1,21  1  212224441298 3322322 1 5 1 4 3 1 1 2 5 1 2 12  1 699999999999999999999999931131223332,NA,2,111111111 91 89334 222222234431344123549512,PA,0290175080196280312E,1,NA,19.001
412,1,22  1  111249443  233333333 7 8 2 3 7 4 3 2 2 7 5 71101 6 3 5 2 3 3 2 2 5 5 7 3 613321112122,NA,2,221112 11 1      3 322222242841334923719512,PA,0290175080196280212E,1,NA,21.401
412,1,21  1  132114443  423333113 5 6 7 1 4 2 3 7 7 7 7972  1 7 5 5 4 2 397 3 5 6 6 4 323221112212,NA,2,211112211 12     19222199948324444127344512,PA,0290175080196280312E,1,NA,18.511
412,1,12  2  211194443 1733333133 7 7 7 7 7 7 7 7 7 7 7 72  2   5 7 5 5 8 5 5 8 8 8 8 844413333112,NA,2,112112 91 1      213211111824444441236545111,PA,0290175080196280312E,1,NA,16.401
412,1,12  1  211144443 99 3333323 797 4 5 29797 597 6 1972  2   59797 5 597979797 5979731131233312,NA,2,221222 21 1      133212122331232233222195111,PA,029017508019    532E,1,NA,22.301
412,1,12  2  111212223 1731823133 9 9 198 698 2 1 5 9 9 51 21 9 7 9 2 5 7 2 5 9 910 3 444211313231 7 8,2,2,222212 11 1      113112111424144441233285111,PA,0290175080196280112E,1,NA,14.761
412,1,22  2  1211344412 421132333 910 910 9 9 9 9 9 9 9 91 92   3 5 4 2 3 3 3 5 6 5 4 333333333331 7,NA,2,922222 99 1      19211111133333333127524512,PA,0290175080196280112E,1,NA,12.841
412,1,11  1  131121113  493323113 8 6 1 5 5 8 5 5 4 2 5 41101 4 1 2 1 2 1 1 2 1 1 1 2 131111111912,NA,2,292922299212     4 3221222424444442224035111,PA,0290175080196280312E,1,NA,25.001
413,1,11  1  2113111111 922221121 9 5 1 1 4 4 1 8 7 5 5 11 71 1 110 1 1 1 1 1101010 1 143411111131 8,NA,116,111122111 1118331133211211334414342132614211,MA,0450975431028003221E,1,NA,5.641
414,1,22  2  232222333 9922223223 1 9 1 1 1 1 5 5 1 1 5 12  2   19797 5 1 39797 1 1979711111121122,NA,2,111111 11 2      112222222222222229221845112,WI,3150656580700460123C,1,NA,24.542
414,1,11  1  111324443  423333333 5 7 3 3 6 7 5 2 8 5 7 71 91 3 6 6 3 7 6 5 3 4 8 8 9 822321222232,NA,2,211121111 19     131111111414421443265075111,WI,1110296170315080123C,1,NA,16.362
414,1,21  1  23124344121733333333 5 5 5 5 5 5 5 5 5 5 5 52  1 6 5 5 4 4 5 4 4 5 6 6 5 544411222212,NA,2,111112111 22     23311111144422444325324512,WI,1110296170315080223C,1,NA,23.102
414,1,12  1  21113334131723333333 9 9 5 6 5 7 5 5 5 598 48  8   7 9 5 5 5 1 5 5 5 597 333312212122,NA,2,122122 11 1      14211111124132444323203512,WI,3150656580703080133C,1,NA,13.162
414,1,22  2  11123434121622323323 510 5 397 1 5 5 7 5 9 98  8   71097 497 19797 9 9979723111113312,NA,112,121922 11 2      3 211111144431434211762212,WI,1110296170315080123C,1,NA,25.002
414,1,12  2  3323333311 422323123 7 7 5 2 7 2 6 5 3 3 5 31 21 4 7 7 7 2 7 5 7 7 5 5 6 444431333331 2,NA,1 1,221222 21 1      14312111144444444223503512,WI,3150656580703080133C,1,NA,20.062
414,1,12  2  2113444412 322223123 4 5 4 5 4 3 2 5 8 8 6 52  1 6 2 4 3 2 4 1 2 3 6 7 5 644413133112,NA,2,221122 11 1      3 3111111224212442236445111,WI,1110296170315080123C,1,NA,21.422
414,1,12  2  111134449 1723323133 4 9 4 6 5 4 7 6 6 8 8 81121 9 3 797 3 4 3 597 5 6 7 2343113119911211,NA,2,221222 21 2      3 321111134341444125733512,WI,1110296170317620233C,1,NA,16.432
414,1,22  2  231144449  43832333397 8 7 4 4 3 797 69797 62  2   5 5 4 3 4 3 897 89797 343213131212,NA,9,211192 19 9      4 3999999444234441252025111,WI,1110296170316600123C,1,NA,21.312
414,3,22 11  939199993  42838338898 898 798 5 5 4 8 8 6 68  1 4989898 7989898989898 7 588899999999,NA,9,999999 9999      19229191118221488993349112,WI,1110296170315080123C,1,2,2.092
414,1,22  2  123339999  498888888 5 3 5 4 497 5 5 4 6 4979  2   3 6 3 1 2 3 5 4 4 4 5 133431123222,NA,111 4,122112 11 2      14311111144442444215263142,WI,1110296170315080123C,1,NA,2.242
414,1,22  2  213344449  493333333 5 597 5 59797979797 5972  2  97979797979797979797979733333133322,NA,2,222222 2922      19211111144433334223544512,WI,1110296170313800113C,1,NA,17.662
414,1,22  1  111111119 98 131111197101097 8979710101010101 82   910 9 1 5 5 197 810 8 844433132122,NA,2,121212 11 1      14211111144441444226659512,WI,1110296170315080123C,1,NA,9.662
414,3,21 12  122221143 98 3811821 1 9 1 7 1 1 7 8 1 9 1 91 42   6 5 1 7 7 8 5 6 7 3 1 713211311132,NA,2,222221122 22     13321122211444442213693142,WI,3150656580700460223C,1,1,1.942
414,1,12  1  131344453 1723333133 5 6 8 7979797 6 6 697 51122   6 6 4 5 5 2 5 5 6 7 5 533212121222,NA,2,921112 11 2      132111111444324441274875111,WI,1110296170315080223C,1,NA,16.362
414,1,11  322,NA,NA,9999999999                          633 53,WI,315065658070    533C,1,NA,3.512
415,1,12  2  131141113  923333113 9 9 9 9 9 9 9 9 7 8 6 82  2   2 8 1 3 3 1 1 5 7 7 5 444431131231 5,NA,2,211112 11 1      11111111144141444117336512,CA,0650058070057360319P,1,NA,5.154
415,1,22  2  9311111411 521223113 6 8 7 6 698 6 81010 7 71 82   810 5 5 597 5 6 6 897 544321122122,NA,9,111119 11 1      3 111111144442444227655512,CA,0650058070057360119P,1,NA,3.364
415,1,11  2  3311111411 421331333 6 6 610 6 6 5 6 6 5 5 51 11 1 3 8 3 4 1 110 6 5 6 79744431333112,NA,2,111211111 12     113111111444333444254655211,CA,0650058070057360119P,1,NA,4.934
415,1,22  31 2313133911113233333398 798 1 19897 9 6 8 8 61 89  97 1 197979797 19797979721131311112,NA,2,911119 11 1      4 1111111444214441 2429512,CA,0650058070057360319P,1,NA,7.734
415,1,21  2  93119344111723333383 8 898 7979898 8 7 9 7 62  2  98989897989898979898989834411333212,NA,2,111112112 211213311311111144348344326427512,CA,0650058070057360319P,1,NA,4.004
415,1,12  2  211322341117222233321010101010101010101010102  2   5 5 5 5 5 5 5 5 5 5 5 544411213312,NA,111,111112 11 2      11211111144132444325295522,CA,0650058070057360319P,1,NA,2.904
415,1,22  31 191111113 1733333333 5 7 7 7 4 5 5 5 7 7 7 78  2   6 7 7 7 7 7 7 5 5 7 7 6444132322311211,NA,2,112222 21 2      132111111343434443 6353532,CA,0650058070057360119P,1,NA,1.004
415,1,21  2  131313153  4238333339797979797979710979797972  2   5 6 5 5 5 5 5 5 5 5 5 544421133132,NA,9,221111111 11 41314 111111144334244123427512,CA,0650058070057360319P,1,NA,5.914
415,1,21  2  1212444411 423223313 5 5 5 6 5 5 5 7 7 7 6 61 91 4 7 8 4 3 397 697 7 7979733331123232,NA,2,222121121 11 9131142111111444424442164275111,CA,0650058070057360319P,1,NA,9.754
415,1,22  1  211111313  92333331110 5101010 81010 8 7 6 82  2   110 1 1 1 1 1 1 110 1 54443323123116,NA,2,911111 21 2      243111111444434449152374411,CA,0650058070057360119P,1,NA,1.494
415,1,22  31 9113129919 9938811889797979797979797979710 92  8  98989898989898989898 59883411139992,NA,2,929129 92 2      3 3111199114414442 6729432,CA,0650058070057360119P,1,NA,1.004
415,1,12  1  13114344121123323333 5 597 4 59797 1 6 6 6 42  2   5 5 4 5 5 5 4 59797 5974442222121116,NA,1 2,111111 11 1      14111111144444444227337512,CA,0650058070057360119P,1,NA,5.154
415,1,21  2  2311222411 923283182 8 897 8 697 8 5 8 8 6 82  2  98989898 99898989898989844433333391 2,NA,2,999999999 211212113211111144444444317506592,CA,0650058070057360319P,1,NA,3.674
415,1,22  2  221221441113138288889898 5 8 5 598 810 3 5 71121 4 59898 3 5 597 5 5 5 5 62221112212112,NA,2,221122 92 2      3 299999944443334323679512,CA,0650058070057360319P,1,NA,6.904
415,1,22  1  131111443  421333113 8 7 6 7 7 6 6 598 8 7982  2   5 9 4 1 2 398 6 5 798 443412131112,NA,9,211111 21 1      4 2111111334233442262665111,CA,0650058070057360319P,1,NA,5.974
415,1,12  1  9111334311 933332131 9 9 9 8 9 9 9 8 9 9 9 91 92   8 8 7 8 8 7 8 8 8 8 8 833321231122,NA,2,111111 11 1      223111111344424242263315111,CA,0650058070057360119P,1,NA,5.154
415,1,12  2  191111119 99211311131010101010101010101010102  2   110 1 1 1 1 1 1 1 1 1 144412221212,NA,9,911191 11 1      111222222444444443265455111,CA,0650058070057360119P,1,NA,5.674
415,1,22  1  212124553 96         4 4 5 6 5 6 5 6 4 6 4 71102   1 3 1 1 4 2 4 3 1 4 4 131111232121 3,NA,1 4 3,121211 11 1      11111211111111121212353512,CA,0650058070057360319P,1,NA,7.734
415,1,22  2  2112333219112222222297 5 5 8 197 5 5 5 8 5 51101 1 5 5 8 6 8 5 3 6 6 6 8 534431132212,NA,11112,211121 11 2      3 122222214411433115651512,CA,0650058070057360319P,1,NA,6.664
415,1,12  31 231244443  422138138 698 2 5989898 4 5 6 4 51 98  9898989898989898 4 598 33333132139112,NA,2,122222 11 1      132222222444444443 3322532,CA,0650058070057360119P,1,NA,1.124
415,1,21  1  13131434111413223128 7 8 5 7 7 7 6 8 8 8 7 62  1 4 5 8 5 5 6 5 5 8 8 8 6 624331323111 8,NA,2,111121111 1110131212111111444434442274475111,CA,0650058070057400219P,1,NA,4.004
415,1,22  2  331111113 1031111311 6 8 5 7 3 4 6 8 3 6 5 52  2   5 7 3 1 5 3 5 6 4 6 5 444413222222,NA,1 8,121111 11 1      4 211111133233231226334512,CA,0650058070057400219P,1,NA,5.974
415,1,11  2  2211111112 533333113 6 8 5 7 8 4 6 6 7 7 8 72  2   5 8 1 4 3 2 4 4 6 6 5 44441113211111 9,8,1 911,999999999 11 5121134111111444424443233745111,CA,0650058070057400219P,1,NA,6.824
415,1,12  2  931144449 172133311110 797 797 797 7 7 7 7 72  1 297 4 1 397 5 4 8 7 8 6 64443222333110,NA,1 5,211112 11 1      132111111444424443173265311,CA,0650058070057360219P,1,NA,1.214
415,3,12 131 11134411111122813318 2 5 2 2 2 5 1 5 5 5 2 51 91969797 6 2 5 5 597 5 5979731421322221 9,NA,1 9,911111 21 1      112111111344444342 5306132,CA,0650058070057360219P,1,2,1.424
417,1,22  1  231244143 97 3333333 810 6 5 7 697 6 6 8 8 61101 597979797979797979797979733111122112,NA,2,222112 21 2      4 299999933331443125558512,MO,4270786190767920324C,1,NA,20.462
417,1,12  1  113393441313988888889898989898989898989898988  8   7989898989898989898989833322292222,NA,2,929299 9992      3 222999944448444123659512,MO,4270786190767920124C,1,NA,15.242
419,1,12  1  1211234413 421833183 7 7 5 8 6 1 7 7 5 8 6 68  1 6 6 7 1 5 4 3 6 5 6 7 4 643221133332,NA,111,922112 11 1      191111111444114441263335111,OH,1011985582024320133E,1,NA,14.822
419,1,22  1  911224559  493883383989897 6979797 9979797 48  1 6 89898 498 598 7989898982282112121112,NA,9,922212 11 2      3 422292944422334121798512,OH,055064547066    543E,1,NA,25.002
419,1,12  2  131191499  923833188 9 9 9 9 9 9 9 9 9 9 9 98  8   3 9 4 1 1 3 2 5 5 5 5 644423133112,NA,2,122122 11 1      143111111444334443231965111,OH,055064547066    533E,1,NA,13.162
419,1,11  2  131144443  433333133 5 5 3 8 5 1 3 3 1 1 1 52  2   5 5 3 8 3 1 3 5 3 3 3 544422233232,NA,2,122222121 21 4121141222222444444442274965111,OH,055064547066    533E,1,NA,16.362
419,1,12  1  231344443 97 313331198 9 6 4 6 4 5 6 6 6 6 62  2   6 9 6 5 6 6 4 6 6 6 4 63333123331112,NA,2,212222 21 1      4 319111122331434127278512,OH,0550645470668400123E,1,NA,14.822
419,1,21  1  9121294212 3922838389797 51097109897979797978  8  1010101010101010101010103439211991119,NA,1 3,121112121 11 33234 199999944441424125389512,OH,0550645470668400123E,1,NA,19.572
419,1,22  2  231124443  433333333 5 5 5 4 4 2 5 5 5 8 5 51101 6 5 5 5 5 4 2 5 7 7 7 7 733221122312,NA,2,222222 2222      13211111144441444999999912,OH,055064547066    533E,1,NA,18.782
419,1,12  322,NA,NA,999999 999                          732 51,OH,035012510013    533E,1,NA,14.822
419,1,12  2  212222221197 2323222 6 1 4 2 4 1 3 5 5 1 1 32  1 4 5 2 2 5 2 2 3 2 2 2 2 211121112222,NA,2,221212 11 2      123222211333343433233155111,OH,0550645470668400123E,1,NA,13.722
419,1,22  1  131111113 1011133113 8 8 8 8 8 8 8 8 8 8 8 82  8   8 8 8 8 898 8 8 8 8 8 844431132212,NA,2,222122 22 2      14211111144442424923486512,OH,035012510013    543E,1,NA,17.662
419,1,22  1  232234443 97 833383398 8 4 1989898 4 59898982  1 4 110 1 1 1 1 1 1 1 1 1 141821123222,NA,2,211112 21 1      23111111144434444323469519,OH,055064547066    543E,1,NA,17.662
423,1,12  2  31114444111731123113 5 9 6 7 7 5 7 4 7 7 9 72  2   6 7 6 6 6 5 6 5 5 6 7 54432322312111 9,4,2,111112 11 1      112221111444444443265955111,TN,2150625570603840326E,1,NA,15.243
423,1,22  2  231145553 1733331333 910109898 6 7 9101010102  8   410 4 5 5 598 3 1 7 7 344411333112,NA,11211,122112 11 1      19111111144444444323465512,TN,215062557060    546E,1,NA,21.423
423,1,21  1  3321343412 933333333 7 5 5 6 5 6 7 6 5 5 6 52  2   3 6 4 3 5 4 2 5 4 4 5 322421122112,NA,2,211112111 29     14311111122211123223452522,TN,1990855750871560126E,1,NA,11.343
501,1,12  2  222242243 1322222212 497 4 2 3 1 19797 897 11989   297 8 497 4 397 4 8 4 314431112212,NA,2,229192 21 2      133292999442414422225425111,AR,179042640042    547C,1,NA,25.003
501,1,22  2  2311234311 423333133 5 5 4 3 3 3 5 8 5 5 5 52  1 4 5 4 3 3 4 3 3 5 5 5 5 442411121122,NA,1 5,999999 99 1      143111111444424442254235111,AR,3190586930574400127C,1,NA,23.753
501,1,22  1  2111111111 921111111 1 197 8 1 1 197 1 197992  1 697 8 4 1 3 19797 397 4 544433333331 4,NA,2,221122 11 1      9 2299919444424442235555111,AR,3251176701182720137C,1,NA,17.133
501,1,21  2  1112424412 9233333339797979797979797979797971 92   7 7 7 7 7 7 7 7 8 710 744411133132,NA,2,121112111 211633314411111144441444325447512,AR,3190586930574400227C,1,NA,23.753
501,1,12  1  131241193  233333113 6 7 3 8 7 5 5 5 61010 51 91 6 6979797 597 597 59797973432119232116,NA,116,211222 11 1      113111111444424443212335111,AR,3190586930574400227C,1,NA,25.003
501,1,11  1  2312333313 423333313 8 597 797 39797979797978  2   59797 197 2 397 5 7 9 422313112111 4,NA,2,221112111 22     13422222244433334223378512,AR,319058693057    547C,1,NA,23.823
501,1,12  1  231144443  923333333 810 2 2 81010 5 8 8 8 81102  1010 110101010101010 3104443233313116,NA,116,222122 21 1      142111111444244442262155111,AR,319058693057    547C,1,NA,17.253
501,2,122 1  911144113 97 8881381 2 8 9 8 5 7 3 3 510 1 68  110 1 2 1 1 2 1 1 1 2 2 1 233311212222,NA,118,222222 22 2      13312121244444444322188522,AR,3190586930574400227C,1,3,5.133
502,1,12  1  131394449  533833333 7 8 8 7 79898 69897 8988  8   6 7 6 5 5 498 798 6 6 434422123221 3,NA,2,999999 99 2      23311111144333444125253519,KY,2090475290504520126E,1,NA,22.393
502,1,11  1  333199553 96        9898989898989898989898989  1 198989898989898989898989833319193112,NA,2,292222222222     5 2222229111411141223645111,KY,207094649097    546C,1,NA,25.003
502,1,22  1  2312244411 42833238397 697 69797979797 697 48  8   59898 5 5 598989898989844411933192,NA,2,911111 11 1      14211111144443444323416512,KY,181033659033    546C,1,NA,20.663
502,2,212 2  23222222111332323333 1 2 1 1 1 1 2 2 1 1 1 1110196 5 5 3 3 397 5 5 3 5 1 122111133122,NA,112,999999999 1112333142222922324114442233025211,KY,2090475290504520126E,1,3,3.433
502,1,11  2  221234443  433332333 3 5 3 4 4 4 4 5 4 4 4 42  1 4 3 5 4 3 3 3 4 5 5 5 4 423431131132,NA,2,121111111 21 4331234111111211112222234025211,KY,207094649097    546C,1,NA,11.393
502,1,21  2  1123454112 793333833 7 597 7 7 5 797 7 7 7 78  2   8 697 6 8 7 79710 7 8 544422223332,NA,2,221112122 11 3132113111111434434442166395211,KY,2090475290504520126E,1,NA,6.663
503,1,22  2  131143441397 3333113 6 8 6 4 69797 797 897 68  2   6 7 5 4 6 4 697 5 597 433311112122,NA,2,221112 11 1      3 1111111443334443263765111,OR,2330268200246440129P,1,NA,9.754
503,1,29  333,NA,NA,999999 999                          155 14,OR,2330268200246440129P,1,NA,12.514
503,2,212 1  11111111119911111111 1 1 1 1 1 1 1 1 1 1 1 11 11 1 1 1 1 1 1 1 1 1 1 1 1 111111111111 7,NA,119,999999999 11 1111111111111111111111115611211,OR,2330268200246440129P,1,2,25.004
503,1,22  2  2311919411 423323323 8 8 5 8 5 3 3 7 8 8 8 81109  9810989897979897 5 797 74431123221110,NA,111,121111 11 1      3 2111111444444441277445111,OR,2330268200247080129P,1,NA,8.194
503,1,11  2  311114111197 1183111 8 8 8 8 8 8 8 8 8 8 8 81982   7 597 5 5 597 4 7 597 833419393212,NA,1 7,122122211 12     13211111143444344123335512,OR,2330268200247080129P,1,NA,11.634
503,1,12  1  1312222411 922223323 8 710 4 6979797101010102  2   7 7 7 4 5 4 6 7 7 7 7 741421231132,NA,2,221121 11 1      112111111444424241152745111,OR,2330268200246440329P,1,NA,15.634
503,1,12  322,NA,NA,999999 999                          365 31,OR,2330268200246440129P,1,NA,20.544
503,1,11  2  23122224111392232322 2 5 2 1 59797 2 1 1 1 12  2   298 5 3 2 1 1 4979797 333311133332,NA,2,211122221 22     11311111144444444323324522,OR,2330268200246440329P,1,NA,5.374
503,1,11  2  3311444413 933333121 7 8 5 7 797 8 997 8 6981101 4 6 6 4 4 4 2 298 5 798 433321233392,NA,1 8,121112111 11 4131142111111433324442234835111,OR,2330268200247080329P,1,NA,25.004
503,1,11  322,NA,NA,9999999999                          129 14,OR,2330268200247080229P,1,NA,7.524
504,2,122 2  322241413 97 322113110 5 3 7 6 5 8 2 5 5 5 81 98  10 1 110 2 1 5101010 1 144411113132,NA,2,222212 11 2      4 312212122111342323203522,LA,2450406220415560347C,1,3,1.313
504,1,11  2  232224443  932322312 8 8 2 4 3 1 8 5 8 8 5 11 11 2 310 2 7 7 5 5 7 9 9 7 322311111222,NA,9,221121211 29     242111111231333343253355211,LA,2450406220415560127C,1,NA,11.343
504,1,22  1  231144443  423333333 5 8 5 6 6 3 397 7 797 68  1 797 697 5 5 3 5 3 5 5 4 433111923121 2,NA,2,212122 22 1      4 3111111443321242231835111,LA,2490957160980760327C,1,NA,21.523
504,1,22  1  232234443  423832323 5 5 5 5 5 5 5 5 5 5 5 52  1 4 5 5 5 5 5 5 5 5 5 5 5 522211111222,NA,2,222222 11 2      141111111141214443232845111,LA,2450406220415560327C,1,NA,15.523
504,1,12  2  291144411297 13311131097 510109710 8 81097102  2   110 1 1 2 1 1 5 110 5 144431111131 4,NA,112,221122 11 1      24421999144442444316281522,LA,2490957160980760127C,1,NA,3.603
504,1,11  2  222312553 96         2 4 3 5 2 4 1 1 4 3 2 32  2   2 1 2 4 2 2 2 3 2 2 4 121229232321 1,NA,1 1,222222219 12     22221112211222222221461222,LA,2450406220415560327C,1,NA,14.553
504,1,22  1  112332241113922223229710 1 1 5 197 1 3 597 18  1129898 19898 19897979898 111111193332,NA,2,111112 11 2      29422222244821444223619512,LA,2450406220415560327C,1,NA,17.133
504,1,12  1  2112214419 73388888398 598 1 1989898989898 52  1 498 5989898989898989898 521211111312,NA,2,222222 2222      3 322222234411444424702512,LA,2450406220415560327C,1,NA,12.303
504,1,22  322,NA,NA,999999 999                          523 51,LA,2450406220415560127C,1,NA,25.003
505,3,11 41  1332234211 492223322 5 5 5 5 5 5 5 5 5 5 5 58  2   5 5 5 4 4 4 5 5 5 5 5 522221113212,NA,2,121112111 29     11311111122222222225302442,NM,3670517900480200128M,1,3,2.224
505,1,22  2  1132244412 423223131 1 7 4 7 5 3 1 7 5 7 4 7110112 1 8 3 6 6 1 1 6 3 6 3 132211232231 2,NA,2,222121 11 1      3 122111244443442326704519,NM,3670517900480200128M,1,NA,8.194
505,1,12  2  2333441413 921333313 6 8 5 8 5 5 5 5 5 5 7 52  2   4 8 2 2 2 2 3 3 4 8 3 344421132332,NA,9,111121 11 2      11211111144444444923212512,NM,367051790048    548M,1,NA,16.764
505,1,22  2  111331113  433333133979797 797979797979797972  2  9797 19797979797979797 144413132292,NA,2,122922 19 2      19411111143444344123541512,NM,367051790048    548M,1,NA,22.484
505,1,12  31 333344449  413333331 8 8 8 8 8 8 8 8 8 8 8 82  2   6 6 5 5 5 5 5 5 5 5 2 244433313331 4,NA,1 4,111111 11 1      133111111444444442 31981411,NM,367051790048    548M,1,NA,1.734
505,3,22 41  2311444412 923383333 2 5 2 2 2 2 2 4 4 5 2 11101 6 3 8 4 2 39797 6 4 8 3 332311132122,NA,2,221121 12 1      14399999944442444226575442,NM,3670517900480200128M,1,3,1.094
505,1,22  2  333392329  99222818897 897 59797 8979797 9971101 4 5989898989898989898989843331112121 4,NA,9,929999 99 9      4 391111122232344921282512,NM,3670517900480200128M,1,NA,22.544
505,1,12  2  211292133  921823313 5 7 6 4 5 4 4 7 6 797 52  1 6 5 7 5 497 4 4 7 6 798 513112119112,NA,2,221111 11 1      3 322222244444444226702512,NM,3670517900480200128M,1,NA,7.574
505,1,12  2  291139493  42333323397 697 6 6 8 497979797 98  1969797 2 4 2 8 5 6 3 597 844112321122,NA,2,111122 11 2      3 3111111434481842216441411,NM,3711007650994100238M,1,NA,14.364
507,1,22  2  133333442  923333333 5 8 4 5 6 6 5 8 8 8 8 72  196 3 2 8 4 4 4 3 4 3 6 5 533322323221 3,NA,2,111212 21 2      3 211111142442242925748512,MN,1651476111486820234C,1,NA,12.762
508,1,22  2  393322229  6983883839898981098981098 19898988  8  98989898989898989898989881499999192,NA,2,222222 2222      3 399999988888428222841512,MA,0030065060061123321E,1,NA,25.001
508,1,22  1  221233333  922223323 5 7 7 897 59797 7 797 62  196 5 8 6 797 5 497 5 597 422111121122,NA,2,211122 11 1      3 222222243432443313612512,MA,0030065060061123311E,1,NA,15.191
508,1,11  1  131224443 97 2223123 5 5 4 3 5 5 3 5 6 6 5 51 52   5 5 3 4 5 5 5 5 5 5 5 523221322211 1,NA,1 2,111122211 12     13311111134422444316406512,MA,0030065060061123311E,1,NA,11.461
508,1,11  1  2312222211 822223323 5 7 5 5 5 3 2 5 5 7 5 51101 7 5 7 5 4 5 6 6 5 5 6 5 542211222112,NA,116,211122111 29     13311111124421444127245512,MA,0030065060061123311E,1,NA,15.301
508,1,21  2  2111114412 83333313397 79797 59710 6979797102  2  98 5 5 6 3 3 6 398 6 6 644411111122,NA,1 7,121192911 19     5 411111144422444325422512,MA,0030065060061123311E,1,NA,14.011
508,1,11  1  121334442  121313113 8 6 6 6 7 7 8 6 7 8 7 61122   6 5 4 4 5 6 5 5 6 7 6 433331131212,NA,1 7,211112111 12     112111111444434441263655111,MA,0030065060061123311E,1,NA,11.461
508,1,21  1  33114444121693333333 7 8 6 5 7 5 797 8 897 92  2   597 2 3 5 3 597 6 6 4 544413113231 1 5,NA,2,212222222 12     13311111144441444913329512,MA,0470435210471123321E,1,NA,13.761
508,1,22  1  131134553 96         6 6 4 6 6 6 4 6 6 697 62  2   5 5 2 2 4 3 297 5 597 33341312121116,NA,2,212292 22 2      24211111122222244125263512,MA,0030065060061123311E,1,NA,16.551
508,1,22  2  322293331117223233139797979797989797 59797 52  2   2 2 8 5 5 5 8 5 8 597 533411133312,NA,2,191121 11 2      14211111124422444326339512,MA,0030065060061123321E,1,NA,18.511
508,1,22  2  332124341197 3333333 5 2 5 6 5 6 5 5 3 2 6 62  2   5 5 5 5 5 5 5 5 5 5 5 534423231331 7,NA,2,212222 11 2      22211111144444344123283542,MA,0030065060061123321E,1,NA,4.881
508,1,22  1  2312244313 923223333 810 4 2 3 4 410101010 81101 5 4 5 2 3 4 3 3 5 5 5 5 542221223131 2,NA,2,112122 11 1      11211111144432344325336512,MA,0470435210471123321E,1,NA,16.551
508,1,22  1  2311334413 133333333 19797979797 397979797972  2   5 597 1 197 59797 5979724213332212,NA,2,111211 11 1      14311111144444244226554512,NA,NA,NA,NA,11.091
508,1,22  1  233234443 97 3333333989898 5 59898 5 4 498 38  8   5 8 3 2 4 2 6 4 6 6 4 332111113312,NA,2,212112 11 1      14211111142442444123477512,MA,0030065060061123311E,1,NA,12.641
508,1,22  1  2313111113 911111111 9 8 5 6 5 9 8 5 5 1 5 62  2   9 9 5 4 9 6 6 6 6 6 8 611121113211 2,NA,1 2 9,222112 11 1      13211111132341334125375442,MA,0470435210471123321E,1,NA,3.911
509,1,12  2  2311334411 423333333 5 8 8 7 7 6 6 6 5 5 5 5196196 8 9 8 4 5 298 5 5 5 5 243433233321 4 2,NA,1 4 2,121212 11 1      3 299999922241222126674512,WA,233026820024    549P,1,NA,7.574
509,1,21  1  9133414112 9388818881098981010989810101010982  8   1 1 1 1 1 1 1 1 1 1 1 111111111111 8 9,0,2,999999999 12     11111111141442241123374519,WA,233026820024    549P,1,NA,21.694
509,1,12  1  231111112 98 3321113 2 5 5 5 4 1 1 4 2 8 1 12  112 9 8 9 8 9 8 298 8 9 5 922221312112,NA,1 2,212222 22 2      11321211133433334923403512,WA,3370808810737840129P,1,NA,25.004
509,1,11  2  233222223  423223333 5 7 5 2 2 5 5 5 5 3 5 32  1 4 3 7 4 3 4 2 6 5 3 5 5 221111222122,NA,2,221122122 21 4333132211121434444443232745111,WA,339127810123    549P,1,NA,11.634
509,1,12  2  2319292412 23222318310 8 9 5 598 910 998 8108  1 498 898 1 19898989898989844411113312,NA,2,111112 11 1      13311111144424444321615512,WA,3391278101236740139P,1,NA,25.004
509,1,12  1  332244422  213333332 5 3 3 5 5 4 1 1 7 7 2 51 92   4 3 2 4 2 1 2 9 6 5 21033413311131 4,NA,1 4,211122 11 1      13111111144444144123221142,WA,105014819012    539P,1,NA,1.734
509,1,12  2  232234443  422323333 7 8 5 59797 5 5 7 6 7 42  2   7 8979797 8 8 6 7 7979722111222222,NA,1 3,211121 11 2      11229999932331443126296512,WA,3391278101236740239P,1,NA,12.554
510,1,21  2  939999999 1718199999 5 5 5 6 59710 5 6 5 5 79  9   197 59797 3 2 2 5 997 344411213232,NA,9,211112111 19     19399929944113444925259522,CA,0650058070055775319P,1,NA,11.314
510,1,12  332,NA,NA,999999 999                          340 53,CA,0650058070055775319P,1,NA,3.934
510,1,21  1  21113333121711113113 710 4 4979797 4 7 9 5 51122   210 2 2 4 1 3 4 5 7 4 44421213311116,NA,1 910,111122111 1112131112111111443413442153155111,CA,0650058070055775319P,1,NA,19.584
510,1,22  2  13133443111323333131 7 7 5 5 598 7 8 5 7 7 52  2  9898 4 4 4 497 6 5 5 4 333411122112,NA,112 8,221111 11 1      3 211111144432434225703519,CA,0650058070055775219P,1,NA,16.254
510,3,11 42  3133222211 492832123 497 1 2 29797 2 2 2 2 22  2   597 2 2 3 1 397 1 9 1 311411111112,NA,2,122122211 22     24311111141112231123213422,CA,0650058070055775119P,1,3,3.374
510,3,12 11  931199499 98 18281889898989898989898989898988  2   5 7 3 1 1 1 3 2 3 698 244433333331 1,NA,9,911922 11 1      14311111144444444313251119,CA,0650058070055775119P,1,1,9.554
510,1,22  2  33112244131733332323 8 5 5 3 3 4 8 5 3 3 3 32  112 7 7 6 3 4 4 7 4 3 3 3 322431111311 7,NA,9,911121 11 1      21311111133321334225374522,CA,0650058070055775119P,1,NA,13.314
510,1,22  2  2312222411 423223333 8 5 5 4 49797 4 5 5 5 42  1 49797 1 1979797 3 5 5 6 444411313112,NA,2,211112 11 2      3 4111111444414442235315111,CA,0650058070055775319P,1,NA,14.964
510,1,12  31 931321343 98 1823133979797 7 7 8 6 8 8 8 7 78  8  979797 6 5 8 697 797979733832312121 4,NA,2,111221 11 1      112111111332323442 63551411,CA,0650058070055775219P,1,NA,2.374
510,1,22  1  3311111112 431133133 1 2 7 9 8 8 6 3 3 3 5 52  2  10 1 2 3 5 1 1 1 1 1 1 144433232122,NA,1 4,121112 11 2      21211111134341444313188142,CA,0650058070055775319P,1,NA,2.994
510,1,21  1  13211114111732232113 597 6 6 49797 5 5 5 6 42  1 1 3 5 5 3 3 59797 5 5 5 52311113221112,NA,112,211111111 12     11111111144433344113327512,CA,0650058070055775219P,1,NA,16.284
510,1,22  2  12123112111191323232 5 3 6 3 5 5 6 4 6 5 5 52  2   1 6 5 2 5 6 5 2 6 3 5 544421333331 1,NA,2,122112 11 2      3 311111144844444315841512,CA,0650058070055775219P,1,NA,16.254
510,1,22  1  212222441317933223839797979797979797979797972  1 497 597 597 397979797979722211213212,NA,2,111222 11 1      3 122222244141444223567512,CA,0650058070055775319P,1,NA,17.994
510,2,222 2  2311434411111333313310 1 5 5 5 7 8 1 1 1 1 11962   197 1 197979797 7 7 7 533332113232,NA,1 1,221112 11 1      24322111244434444323181522,CA,0650058070055775119P,1,3,2.104
510,1,22  2  1311114412 423323133 6 8 4 6 5 4 4 4 4 5 5 42  1 4 5 7 4 5 4 4 497 4 6 5 444323333322,NA,2,211111 11 1      3 299999944442444227754512,CA,0650058070055775319P,1,NA,8.194
512,1,11  1  1111444413 423333333 9 9 5 9 6 1 5 7 9 9 7 82  1 6 4 8 6 5 5 1 8 2 7 7 7 244431131311 4,NA,1 4,222222221 19     14111111144441444227437512,TX,2030666350630640327C,1,NA,19.433
512,1,22  2  212222259  422222333 5 4 2 1 2 1 1 8 1 810 11 81 410101010 9 89798 5 510 921311132112,NA,2,222112 99 2      3 299999944434448323749512,TX,2030666350630640347C,1,NA,16.063
512,1,12  332,NA,NA,999999 999                          228 14,TX,2030666350630640127C,1,NA,3.913
512,3,22 231 2312222211 422222232 6 9 6 1 4 5 5 6 7 7 7 61 91 4 5 9 4 3 5 6 5 6 7 7 7 521111112122,NA,2,211122 12 1      233991999242414441 5374212,TX,2030666350630640127C,1,2,7.163
512,1,11  1  1311444412 423133332 6 6 710 8 4 5 5 6 5 4 61 31 4 497 2 3 3 1 2 4 3 297 43331122111112,NA,1 9 4,121122111 11 4313113111111433312441163265111,TX,2030666350630640127C,1,NA,11.973
512,3,12 2833,NA,NA,999999 999                          326 24,TX,2030666350630640327C,1,3,1.003
512,1,22  1  1311444411 4133311131010101010101010101010102  2   5 1 1 1 1 1 2 1 5 5 5 544411111111 4,NA,2,111112 11 2      6 3111111444424443252121411,TX,2030666350630640127C,1,NA,1.903
512,1,12  2  3311444412 5232331131010101010101010101010102  2   510 3 5 5 3 5 31010 5 533321122222,NA,2,222122 11 1      14311111144434334227459512,TX,2030666350630640127C,1,NA,13.213
512,1,12  2  1311414411 923323383 5 5 3 5 4 4 4 4 4 4 5 42  2   4 5 4 4 4 4 4 4 5 5 4 413311133121 4,NA,2,221111 11 2      142222222444434443232731411,TX,2710366262068750137C,1,NA,1.973
512,1,11  1  212223232 9912121112 2 6 7 2 4 2 4 4 2 6 2 21 12   1 1 2 1 1 2 1 1 1 1 1 412121111112,NA,2,211111121 11 1123212111111123232112152535211,TX,2030666350630640127C,1,NA,7.543
512,3,12 11  311111113 1731132111 3 3 3 3 2 1 3 3 2 2 3 31 52   1 8 2 2 2 2 2 3 5 5 2 244411111111 5 6,2,2,111111 11 1      113111111444434442252051411,TX,4331236001281880127C,1,3,1.003
512,1,12  2  9329999912 923883183 6 7 6 6 6 5 7 7 6 6 7 62  2   4 7 3 3 4 3 3 3 4 4 3 543431232129,NA,9,929192 99 2      243111111444434443262525111,TX,2030666350630640127C,1,NA,11.973
512,1,21  1  23922432111723233333 7 5 6 4 4 6 6 5 5 6 6 62  8   1 6 7 3 5 3 6 5 4 1 1 133111331132,NA,2,211222121 12     242111111444212212263665111,TX,2030666350630640227C,1,NA,9.283
513,1,12  1  933391993 1411332133989898989898989898 998 88  2   9 9 3 5 5 5 7 6 5 8 6 544421223212,NA,2,212112 12 1      123111111444424442233044111,OH,0950535420532000123E,1,NA,4.342
513,1,22  2  231124443  433323333 1 6 7 3 6 7 7 7 7 7 7971101 4 1 1 1 1 1 1 1 3 6 6 3 144421222122,NA,2,222212 22 2      3 222222242411224323572512,OH,0930315150301640343E,1,NA,21.222
513,1,11  2  9231424512 723333333 5 5 5 5 5 5 5 5 5 5 5 52  2   5 5 5 5 5 1 5 5 5 5 5 522222222222,NA,2,111111111 11 933314222111111111111116369512,OH,0930315150301640323E,1,NA,16.012
513,1,21  2  221224442 133333333397 497 197 397 9 3 2 3 12  112 5 1 5 397 5 4 5 5 5 3 543231113122,NA,2,222211211 22     242212192443421233223715111,OH,093031515030    543E,1,NA,22.272
513,1,12  1  211222233 99 8888888 1 6 1 3 3 5 198 5 998981 21 110 5 1 1 1 1 1 1 110101011111111112,NA,2,211112 22 2      3 322222244444444113619519,OH,0930315150303200123E,1,NA,21.422
513,1,12  1  9111444413 423333333 5 5 5 5 5 5 5 5 5 4 5 52  2   6 5 3 3 4 3 4 7 8 5 5 744411122112,NA,9,121192 91 2      6 211111143332444323195512,OH,0930315150303200223E,1,NA,13.162
513,1,21  2  222224443  723333333 5 5 1 1 1 1 8 5 5 5 5 12  1 6 3 8 1 1 2 1 4 5 5 5 3 121211213112,NA,2,211212211 22     4 211111144212444122315512,OH,0930315150301640323E,1,NA,25.002
515,1,22  1  132144443  421333313 5 1 3 6 5 6 3 5 7 8 5 58  8   5 1 1 1 1 1 1 3 4 5 4 343411112222,NA,1 4,229912 11 1      243111111444433243231885111,IA,165147611148    544C,1,NA,17.732
515,1,12  1  1313422413 422122332 7 897 1 39797 5 8 9 4 81 11 1 4 5 5 59797 4 5 4 797 434132131112,NA,2,212222 21 2      133111111422112443234835111,IA,303070679072    544C,1,NA,20.062
515,1,21  2  3312444411 1133333331010 9 810 810 810 810101 12   9 8 8 710 810 8 8 8 7 844431333331 1,NA,1 1,999999999 12     14211111144444444323212512,IA,3030706790722120324C,1,NA,17.732
515,1,12  1  2322432412 422322323 6 9 6 3 6 3 5 597 697 41101 4 3 8 4 3 4 3 5 7 5 697 511121111222,NA,2,221112 11 1      13329111944422444325495512,IA,303070679072    544C,1,NA,25.002
515,1,12  1  23114545121713333333 8 8 1 1 8 8 8 4 2 2 6 21 41 9 110 3 3 3 5 2 4 3 3 4 244422113312,NA,2,211122 11 1      14311111133444444323208512,IA,303070679072    544C,1,NA,13.162
515,1,21  1  232234443  723333333 5 5 5 5 5 5 5 5 5 5 5 51 91 4 5 5 5 8 7 898 6 6 6 6 533321113132,NA,2,222122121 22     29311111144411444223393512,IA,303070679072    544C,1,NA,17.032
516,2,122 1  331144142  923333131 8 5 9 7 6 8 9 5 7 8 4 72  2   5 8 3 4 4 4 5 3 2 2 2 244432333232,NA,9,221222 11 2      24311111124434444315213522,NY,0090015010015380412E,1,2,1.391
516,2,222 31 2311311111 922223123 4 8 4 8 5 2 710101010 6112196 3 7 4 1 5 2 4 1 9 9 1 441311113212,NA,2,111111 22 1      3 3221111344314442 4708522,NY,0090015010015380412E,1,2,3.751
516,1,22  1  992244443  622222828 1 1 1 5 1 1 1 1 1 1 1 12  1 198989898109898989898989831111191112,NA,2,292222 21 2      4 299999933333333212678512,NY,0090015010015380412E,1,NA,24.101
516,1,22  2  11111444111023322113 6 8 6 6 7 6 6 7 4 9 7 41101 7 7 7 4 3 3 4 4 5 5 7 5 544421121121 5 6,NA,1 6,121111 12 1      13211112144442444227245242,NY,0090015010015380412E,1,NA,1.001
516,1,12  1  112233443 9812233222 7 7 4 398 1 5 5 597 5 52  8   5 5 5 5 8 5 5 7 79797 544411133112,NA,2,121119 12 2      4 3111222344414442137025111,NY,0090015010015380412E,1,NA,10.911
516,1,21  2  2132222211 8323231229797 29710 7 8 1979797972  1 7 2 697 297 2 497 2 2979742411111222,NA,1 7 5,999999999 11 523314311111144411444125254142,NY,0090015010015380412E,1,NA,2.721
516,1,11  1  21111111121733133133 8 8 7 8 5 7 7 8 8 8 7 72  2   6 7 7 5 6 5 5 7 7 7 6 533323122112,NA,112,111122111 1116131132121111343334441255955111,NY,0090015010015380412E,1,NA,16.551
516,1,12  1  222222223  922223223 4 9 3 1 1 1 2 3 9 997 71101 4 110 8 1 1 7 3 5 51097 7211111111311110,9,1 4 6,211112 11 2      21222122241111414223188512,NY,0090015010015380412E,1,NA,9.431
516,1,12  1  222311113  523333333 8 5 5 5 5 5 5 5 8 8 8 82  2   5 5 5 5 5 5 5 5 5 5 5 533322232222,NA,2,211121 21 2      14211111133443344323354512,NY,0090015010015380412E,1,NA,14.061
516,1,12  2  131994553 96        97 798 5 697 5 7 697 6 61 98  97979797979797979797979744332331932,NA,9,211111 19 9      14211111144448444317706512,NY,0090015010015380412E,1,NA,6.401
516,1,21  1  232922241997 2332323 5 5 5 5 5 5 5 5 5 5 5 52  2   1 8 2 1 7 1 4 8 5 5 5 844431133312,NA,2,122112121 29     4 211111144444444923358512,NY,0090015010015380412E,1,NA,12.191
517,1,12  2  3211444413 923232133 8 9 7 7 7 6 7 7 8 9 9 82  1 5 7 8 6 5 6 6 6 7 8 9 9 744411122122,NA,2,222222 21 1      11311111122122222125193512,MI,063057513062    543E,1,NA,17.702
517,1,12  1  221223443  923233232 8 8 8 8 8 8 8 8 8 8 8 82  2   8 8 8 8 8 8 8 8 8 8 8 844411121112,NA,112,211122 21 2      112111111443413341252845111,MI,0611045511064040123E,1,NA,12.282
517,1,12  1  321114442  423923313 8 8 8 410 4 4 8 8 998 81101 4 8 8 8 8 8 8 8 8 8 8 8 822113333312,NA,2,222222 2222      112111111111111111263195111,MI,0570095050090440313E,1,NA,14.822
517,1,21  1  2311914413 2333331389710979797979797979797972  8   1 5 1 1 1 1 1 1 1 1 1 144419133311 2,NA,1 2,221112222 12     24311111144444444315313512,MI,063057513062    543E,1,NA,23.102
517,1,12  2  212233339  423222322 110 5 6 5 4 5 5 5 8 8 61102   1 8 1 5 5 1 5 597 1 5 122211121112,NA,2,222112 21 1      3 3222222244314342216345111,MI,0611045511064040223E,1,NA,25.002
517,1,22  2  2122223319 71383233310 5 1 8 5 19797 5 5 5 52  2  979797 29797 2979797979711111123112,NA,2,211112 11 2      13219211144411114226459512,MI,0611045511063520133E,1,NA,11.932
518,1,12  1  121145553 97 33833819797979797979797979797971 12   8 9 2 2 2 6 5 6 7 697 444411132111 9 2,NA,2,121112 11 1      14311111144442444316293512,NY,1490525320520160122E,1,NA,15.961
518,1,22  1  231244552 96         5 797 4 5 4 7 5 8 8 7 61 99   5 5 5 5 5 5 5 5 5 5 5 542233213332,NA,2,211112 11 2      14299999944441444127399512,NY,1490525320520160122E,1,NA,12.391
518,1,11  1  231144553 96        1010101010101010101010101 12   1 1 1 1 1 1 1 1 1 1 1 144431231222,NA,9,111212111 11 4391132111111334224341253335111,NY,1490525320520160122E,1,NA,19.851
518,1,21  2  121294443 97 33333339898989898989898989898982  2  97 9 7 397 497 5 7 7 4 423431129112,NA,9,122112921 29     24311111144442444125405512,NY,1490525320520160322E,1,NA,21.061
518,1,21  2  233134113  9228321281010 710 8109810101098 88  1 710 8 5 5 510 5 51010 8 534332133222,NA,2,121111211 11 913114211111144443344123374512,NY,149052532052    532E,1,NA,18.331
518,1,21  1  231144443 1033333333 5 5 5 5 5 5 5 5 5 5 5 52  2  97979797979797979797979744421331312,NA,2,211122221 22     243211111444444441263632111,NY,149052532052    522E,1,NA,6.811
518,1,22  1  2311444412 923232333 9 9 7 8 8979797 8 8 7972  2   5 8 5 2 4 5 3 3 1 8 5 243411123122,NA,2,221112 11 2      11211111132212233226224512,NY,1490525320520160222E,1,NA,17.091
520,1,22  1  9323433411 423888138 4 4 7 9 4 7 2 2 6 5 2 98  2  98 5 7 7 4 6 4 2 2 3 2 744411119122,NA,2,111121 11 1      11311111144444444216332542,AZ,277079789078    548M,1,NA,1.424
520,3,11 41  2322444411 921111111 19897 2 9 8 597 29797 12  1 4 5 9 5 5 5 6 5 5 6 6 6 641132112221 616,NA,2,111121111 211632313211111144421334323344442,AZ,2770797890788520128M,1,2,1.044
520,1,22  2  2112234411 423822138 9 5 1 9 5 5 5 5 9 9 9 92  2   1 8 1 497 1 597 5 5 7 122411133311 3,NA,2,211111 11 1      113111111444414442254925112,AZ,0391797711759360138M,1,NA,17.184
520,3,12 11  222224443  4233333331010101010101010101010101 81 61010101010 110101010101033131312122,NA,2,221222 12 2      133111111333333443235691411,AZ,275020753017    548M,1,3,3.784
520,1,21  1  1112224413 423233133 8 897 6 7 6 7 7 7 897 71 21 4 8 8 5 5 5 6 5 6 6 797 644423122212,NA,2,221212121 1116121142111111444433441132654111,AZ,275020753017    548M,1,NA,25.004
520,1,21  2  211123243  92232333110 8 6 210 2 4101010 4 21 81 6 7 7 2 3 7 1 3 7 8 9 2 21131133311116,NA,116,221212111 11 8131112111111441112442153945111,AZ,2770797890788520128M,1,NA,16.584
520,1,12  2  231111113  493233333 8 8 8 8 8 8 8 8 8 8 8 88  8   5 7 5 3 3 197 8 4 897 644413333332,NA,2,212112 11 1      131111111444314441264965111,AZ,2750207530176200338M,1,NA,13.854
540,1,11  1  11111111119911111111 1 1 1 1 1 1 1 1 1 1 1 11 11 1 1 1 1 1 1 1 1 1 1 1 1 111111111111 4,NA,1 4,111111111 11 1111111111111111111111116711111,VA,0190075110078840335E,1,NA,25.003
540,1,12  2  131114553 96         510 5 5 5 5 5 5 5 7 5 52  2  97 5 2 3 397 5 5 3 597 244211123312,NA,2,222222 11 1      11311111124442424226385512,VA,345067573067    545E,1,NA,19.433
540,1,11  1  2312244412 923332333 7 7 710 7 7 7 7 7 7 7 72  2   3 7 4 5 4 6 4 5 5 7 5 614112113232,NA,2,221122211 12     13322222242412444223464512,VA,217090531093    545E,1,NA,24.333
540,1,12  1  231134443  423333333 5 5 5 5 5 5 5 5 5 5 5 51988   5 6 5 5 5 2 5 5 5 5 5 522422333332,NA,2,121112 11 2      3 222222244444444126614512,VA,347148573067    545E,1,NA,15.243
540,1,12  1  111145442 1423231333 5 8 5 8 7 5 5 6 6 8 5 61121 4 5 8 7 4 5 7 5 5 5 7 5 544432333332,NA,112,122122 11 1      3 222211144444444223852512,VA,345067573067    545E,1,NA,18.493
540,1,22  2  131111413  5218331111010101010979710109710108  8   4 7 5 4 4 4 4 5 5 5 5 444411111111 712,1,1 5,919122 21 1      111111111324324423256045111,VA,0190075110078840315E,1,NA,16.523
541,1,12  2  131224442  423223323 7 7 2 2 4 7 4 5 4 4 5 51101 4 6 9 1 5 5 4 3 5 4 7 4 422211113111 6,NA,2,999999 99 2      14111111124224444126224512,OR,591204821203    539P,1,NA,18.104
541,1,12  1  232134443  49333333310 9 198989898 8 1 1 1 12  2  10 5 1 110109797 3 397 819111113111 4,NA,2,222222 21 2      23311111144444444223674512,OR,235124801120    539P,1,NA,19.404
541,3,11 11  11111111119911111111 1 1 1 1 1 1 1 1 5 1 1 11 11 1 1 1 1 1 1 1 1 1 1 1 1 111111111111 2,NA,1 5,111111111 11 1111111111111111111111113411111,OR,2351248011202400129P,1,1,25.004
541,1,12  31 3311143211 4313333131010101010101010101010101 18   410 5 2 3 1 797979797 241433233311 4,NA,1 4,112122 11 1      112111111443414442 22691911,OR,339127810123    539P,1,NA,25.004
541,1,21  2  233222221297 2323328 5 5 2 1 1 1 3 3 5 5 5 41101 4 2 5 5 5 5 3 5 5 3 3 5 231311122122,NA,1 4,222122121 11 4322143999999422132283233035111,OR,2351248011202400229P,1,NA,24.464
541,1,12  2  13111111121721132111 110 7 8 7 7 7 5 9 9 9 91 91 7 7 9 4 7 6 6 7 6 8 7 8 734211133122,NA,1 9,221122 11 1      11311111144242242316593512,OR,233026820024    549P,1,NA,15.994
561,1,22  2  2313222211 722823323 4 8 8 1 4 1 2 8 5 8 8 71 21 497979797979797979797979741121333332,NA,2,921991 99 2      112111111442424449236595111,FL,1290455480448960125E,1,NA,16.063
561,1,12  2  1311999913 923823131 5 7 5 5 6 7 5 7 6 7 5 61962   7 9 7 5 6 8 8 6 5 8 6 843221121222,NA,2,211112 11 1      11111111124422222326456512,FL,1290455480442710325E,1,NA,13.213
561,1,22  2  211132443 1893823332 51098 59898 5 598 5 5 52  1 71010 6 8 7979997 5 897 442811191222,NA,9,222112 21 9      3 3222929884223443237095111,FL,1290455480442710125E,1,NA,16.063
561,1,22  2  2211223411 733233133 3 5 6 5 6 4 3 6 6 6 6 62  1 6 3 6 3 6 7 2 2 6 3 6 6 622111111112,NA,1 7,111111 11 1      11311111144421444323514512,FL,1290455480448960125E,1,NA,14.253
561,3,12 42  3311444411 7233333331010 51010 51010101010102  1 61010 11010 110101010 1 144433323331 5,NA,1 5,111111 11 2      213111111441444442131924411,FL,1290455480448960225E,1,2,1.003
561,1,12  2  231233343  922823113 7 8 8 6 6 6 7 7 7 8 8 81121 4 5 9 5 5 5 3 6 3 3 6 8 343333323132,NA,1 4,999999 99 1      133111111224412422252035111,FL,1290455480448960225E,1,NA,14.303
561,1,12  322,NA,NA,999999 999                          426 52,FL,1290455480448960125E,1,NA,3.793
561,1,22  1  3113412212 721222222 199 1 1 1 1 1 1 1 1 1 11 52   1 1 1 1 1 1 1 1 1 1 1 111111111111 3,NA,2,221221 11 2      3 1111111222222223257391112,FL,1290455480448960225E,1,NA,17.393
561,1,11  1  331211119 172111111110 1 11010101010 1 1 1 11 71 3 1 110 110 1 1101010 1 114133313331 7,NA,2,111111111 22     13111111144444444325275242,FL,1290455480448960125E,1,NA,1.793
573,1,22  1  131324553 1733333333 7 7 5 7 7 7 7 5 5 5 5 51102   4 7 4 3 6 6 697 5 6 6 644411213132,NA,2,121112 12 1      3 399999914422441123653512,MO,427078619076    544C,1,NA,19.902
573,3,21 1322,NA,NA,9999999999                          294 14,MO,229151604145    544C,1,1,6.212
573,1,11  1  2112222211 422232323 110 1 5 5 4 4 2 2 1 7 11 11 1 310 1 1 5 5 2 3 7 6 7 111111123312,NA,1 4,222112111 22     111222222344424441223455111,MO,229151604145    544C,1,NA,21.602
573,1,22  2  231224443  3133833339797989797979797979797978  8  97979797979797979797979788819132322,NA,2,222222 2221      3 499999944434444223791512,MO,187076632079    544C,1,NA,19.902
573,1,21  2  133322243 97 33333339898989898989898989898981101 397979797979797979797979744421193312,NA,2,222222222222     4 311111144441444222364512,MO,227159717158    544C,1,NA,22.272
573,1,21  2  931134449 98 333331310 7 797 7 7 7 7 7 7 7 71 11 4 910 4 297 49797 7 8979733411121132,NA,2,211122911 12     13211111144424144382334512,MO,229151604145    544C,1,NA,25.002
573,1,22  2  131111441297 3311113 6 7 7 7 7 7 7 7 7 7 7 72  2   1 7 4 4 6 3 3 4 1 1 6 344411333131 2,NA,112,222212 11 1      113111111444444441174245111,MO,229151604145    544C,1,NA,11.512
601,1,21  2  232122341198 2323323 5 6 4 29797 1 1 5 5 4 42  8   110 1 5 3 197 1 8 8 4 432231322332,NA,2,222112111 22     14329299944441144123378519,MS,448122647181    546C,1,NA,20.663
601,2,222 1  23112444111633132133 6 2 5 6 597 5 6 6 7 2 52  1 4 2 6 2 1 1 3 397 4 5 5 512411132221 1 7,NA,2,999999 99 1      213111111444212442252035211,MS,179042640042    546C,1,2,3.193
601,1,21  1  332244443 98 33333339797979797979797979797978  8  97979797979797979797979733322222222,NA,111,222222211 22     4 3111111444444442212185111,MS,179042640042    546C,1,NA,19.823
601,1,12  1  2312233313 493223333 6 8 6 3 3 3 3 3 8 8 6 81121 4 5 6 1 1 1 1 1 1 5 5 3 342122132222,NA,2,222112 11 2      14222222231331133323483512,MS,448122673129    536C,1,NA,24.333
601,1,21  2  333344443  123333333 6 2 1 9 3 5 7 710 2 1 32  2   1 1 1 1 1101010 1 1 11034212211112,NA,2,222222222222     13311111143323333923321522,MS,448122673129    546C,1,NA,6.763
601,2,122 1  213394441297 382881398979797979797 5 19797 52  2  98989898989898989898989844411133222,NA,2,222222 11 2      3 4111111484414442267785212,MS,3730877180903560126C,1,3,1.423
601,1,12  31 1311111111 431111111 1 1 110 19797 9979797971 42   110 1 1 1 1 1 1 1 1 1 134413111132,NA,2,212192 11 1      114211111444444442 32381411,MS,179042640042    546C,1,NA,1.363
601,2,222 1  23122244111131121113 6 8 6 4 4 110 1 6 6 1 11 91 4101097 6 6 7 897979797 344421123122,NA,1 9,211112 11 2      22212212144344344121244522,MS,3730877180903560126C,1,2,6.223
601,1,12  2  931119999 97 8888888 8 7 7 8 7 7 798 7 8 7 71102   8 7 5 5 4 4 798 6 7 5 444431133132,NA,2,112222 22 2      112111111333434341232425111,MS,3631587461570920136C,1,NA,15.973
601,1,12  1  2322344411 42311311197 3 6 6 6 5 4 3 4 4 4 51122   2 4 3 2 3 2 1 1 3 3 3 133431133221 8,NA,2,222222 22 2      13211111144444344123514542,MS,379165710169    536C,1,NA,5.753
601,2,122 1  223114143 97 3333333 1 6 4 2 5 2 4 7 910 8 31101 7 299 5 1 6 3 4 2 1 3 5 434422313212,NA,2,221111 11 2      13322222244444444223361522,MS,377180711183    546C,1,3,3.853
601,1,11  2  21114444121793133113 5 6 4 497 497 7 5 697 61 78   4 4 4 4 4 4 4 4 4 4 4 444411323312,NA,2,221112211 12     3 399222943442444315729512,MS,3631587461570920136C,1,NA,19.943
601,2,222 1  321224443 1411133113 8 9 1 9 498 6 7 7 8 7 88  1 3 1 9 1 5 1 3 1 5 7 9 7 544412121111 4 1,0,2,221112 11 1      4 3111111413411442253725211,MS,448122673129    546C,1,3,7.183
601,1,21  2  233224553 96         7 9 3 3 5 5 7 8 8 8 6 51961 4 597 3 397 3 49797 7979742211111112,NA,2,222222222212     113111111444443443233445111,MS,3791657101693285346C,1,NA,23.313
602,1,22  322,NA,NA,999999 999                          123 24,AZ,2750207530176200118M,1,NA,7.784
602,1,22  2  131122443  423223123 8 8 6 5 697 7 7 6 7 7 61101 497 8 3 4 4 39797 4 697 544431123132,NA,1 312,999999 99 2      14111111134442834316275512,AZ,2750207530176200118M,1,NA,14.584
602,3,22 12  2313424412 421823133 1 1 1 5 1 1 1 5 5 5 5 58  1 4 1 1 1 4 1 1 1 1 4 4 1 144431213191 4,NA,1 4,112121 11 2      11211111141131334213503142,AZ,2750207530176200118M,1,3,2.404
602,3,11 22  1321144411 923332123 8 8 4 8 8 6 8 8 8 5 8 62  2  10 5 5 6 5 6 6 8 4 3 8 741433333332,NA,2,222222222222     12311111144444244325285222,AZ,2750207530176200118M,1,2,4.274
602,1,22  2  2111344412 43333313397 8 5 6 5 5 597 6 5 7 51102   3 8 3 3 4 4 3 5 5 5 6 433321121131 7,NA,2,121121 11 2      3 2111111444313442136535111,AZ,2750207530176200118M,1,NA,16.854
602,1,22  1  223221552 96         6 4 1 1 1 9 1 6 2 7 1 78  2   2 1 7 7 1 8 1 6 1 6 1 724221231919,NA,9,212122 11 1      13111111111134324223399512,AZ,2750207530176200218M,1,NA,14.434
602,1,12  2  131111911214113111119798 5 59898 5 8 710 4 61101 4 398 3 5989898 6 5 598 54443333333110,NA,1 8,119111 11 1      11111111144442444125315512,AZ,2750207530176200218M,1,NA,15.634
602,1,22  2  211122419  4219181319898989898989898989898982  8  98989898989898989898989832319321312,NA,1 4,292222 22 2      13211111133142111227387512,AZ,2750207530176200118M,1,NA,9.754
602,1,12  2  111242551196         3 5 1 2 5 8 8 5 6 7 5 22  1 3 5 6 3 3 6 4 2 5 3 6 5 333313213312,NA,2,221121 11 2      3 322222244444444115675512,AZ,2750207530176200218M,1,NA,13.934
602,1,11  2  3311111412 921221133 5 5 5 5 4 4 5 5 6 6 4 41102   497 4 4 4 49797 4 497 422222129112,NA,2,111112211 12     13311111144444444213494142,AZ,2750207530176200118M,1,NA,3.314
602,1,12  2  231114443  423333133 5 5 5 5 5 5 5 5 5 5 5 52  2   5 5 5 5 5 5 5 5 5 5 5 544231232232,NA,9,921112 11 1      14222222244442144126249512,AZ,2750207530176200218M,1,NA,12.044
602,1,12  2  2212423411 822223323 9 9 5 2 5 2 2 8 6 6 6 61 21 4 7 9 4 4 5 2 4 8 7 7 5 642422133111 1,NA,2,211122 11 2      112111111444434443235655111,AZ,2750207530176200118M,1,NA,18.154
602,1,11  322,NA,NA,9999999999                          129 14,AZ,2750207530176200118M,1,NA,7.524
602,3,11 11  3111222411 422832323 110 310 3 5 510 1 1 3988  1 4 1 5 3 1 1 3 110 1 1 1 112111111112,NA,9,111112121 21 4322143222222441141443232811411,AZ,2750207530176200118M,1,3,1.634
602,1,11  1  211243553 96         5 5 6 5 598 5 6 5 5 5 51962   798 7 7 7 6 6 6 6 6 6 722221122122,NA,116,112122111 22     13311111134333334124353512,AZ,2750207530176200218M,1,NA,16.644
602,1,22  31 9112249411 422222313979797 1 79797 1 197 1 11118   19799 1979797 110 1 1 143413311312,NA,9,221112 11 2      4 3222992444444443 7721512,AZ,2750207530176200218M,1,NA,8.194
603,1,22  1  222234431317233233339898 9 598 29898 5 5 7 71 21 6 6 8 5 198 1 2 5 7 998 842331233332,NA,112,121112 11 2      13111111133442484116444512,NH,003006506006    541E,1,NA,12.391
603,1,11  1  231124552  623223323 8 9 6 7 8 397 9 8 997 71101 3 4 7 2 3 5 2 3 6 6 497 433311221122,NA,1 8,191122111 11 933111311111124242233226476512,NH,0030065060061123321E,1,NA,17.601
603,1,22  1  931119559 96        9898989898989898989898988  8  9898 2 39898 59797 598 644499999992,NA,9,222112 22 1      19311111188888888325495512,NH,151093523091    531E,1,NA,21.821
603,1,22  1  111224553 96         3 6 1 1 4 1 1 3 7 7 7 51101 69797 1 1 3 1 197 5 797 222211311122,NA,2,221212 11 1      3 321212142442444123713512,NH,003006506006    531E,1,NA,21.401
605,1,21  1  111143553  423333333 5 6 5 5 6 5 5 6 6 6 6 61101 3 4 7 3 5 5 3 3 5 7 7 4 344433333332,NA,2,222222222212     24211111144444444125398512,SD,389107725107    544C,1,NA,19.572
605,1,12  2  131244443  923333333 4 998 5 7 2 3 6 8 8 6 51 21 498 89898 5 3 3 7 6 7 5 532222132122,NA,2,221112 12 1      3 129292932442343117686512,SD,4691697641726660134M,1,NA,8.932
605,1,21  1  231122223  8331111321010 3 3 7 3 5 7 7 7 7 78  2   6 8 5 3 5 8 5 6 6 6 5 133113991131 1,NA,111,999999999 111811111311111144444444223354512,SD,3891077251077760134C,1,NA,17.032
605,1,12  1  111144443  423333333 3 5 2 5 5 4 5 4 3 3 4 52  2   5 5 5 5 5 5 5 5 5 5 5 544433333332,NA,2,222122 11 1      13411111144444444223293512,SD,389107725107    544C,1,NA,13.722
606,1,22  2  2312212111 422223133 510 1 197 3 5 4 7 710 11 11 3 310 8 1 3 3 7 7 7 5 7 122411113211 4,NA,2,222112 21 2      4 322222234341444223508512,KY,211072541071    546E,1,NA,21.423
606,1,12  1  1311111111 428133332 8 1 3 6 5 1 1 2 1 1 2 22  2   6 2 2 8 3 1 1 2 3 3 1 144311112332,NA,2,221112 11 2      4 2121222413244443221825211,KY,211072541071    546E,1,NA,15.153
606,1,11  1  9191444413 421333383 6 697 6 697979797 5 5 58  2   5 5 5 5 5 1 1 5 5 5 5 522411111112,NA,2,221112111 12     113919919433333432233355111,KY,211072541071    546E,1,NA,16.643
606,1,12  999,NA,NA,999999 999                          999 99,KY,211072541071    546E,1,NA,20.163
606,1,22  1  1321444412 423333313 5 8 5 8 5 4 5 8 6 7 5 82  2   6 9 7 5 5 5 6 8 7 8 8 543312122211 8,NA,1 1,121111 21 1      23211111144333244116258512,KY,215062557060    546E,1,NA,20.873
606,3,21 41  222224443 99 3323323 5 5 4 4 4 3 3 4 4 5 4 38  8   8 7 2 3 3 2 2 3 4 3 2 118111123112,NA,1 9,121111111 111833311111111143221334123294412,KY,0930315150301640326E,1,1,8.883
606,1,11  1  221144443  22313333397 8 8 7 7 5 6 8 8 8 8972  2   4 9 5 6 4 3 5 5 7 8 6 644311122322,NA,2,122212121 211633114211111142231444227457512,KY,211072541071    546E,1,NA,19.843
606,1,12  1  2322414412 423333313 5 5 5 5 4 4 4 5 5 6 5 51 48   5 6 3 3 5 4 4 5 6 7 5 533311112222,NA,2,211122 11 1      24221222233333232225196512,KY,2110725410714280326E,1,NA,21.483
607,1,22  1  2111944412 92333333397 8 2 6 6 497 2 6 3 6 11 919697 6 1 197 1 1 39797979722211133332,NA,2,122922 21 2      3 2111111434424441248035111,NY,145134502152    542E,1,NA,21.401
607,1,22  1  3313444411 31333333310 5 5 5101010 5 5 5 5 41102  10 5 510101010 5 5 5 5 544431133132,NA,110 6,222222 22 2      4 3111111444444443221885111,NY,1451345021520960122E,1,NA,25.001
607,1,12  1  231111111317911111111010101010101010101010102  2   1 7 1 3 3 1 1 2 2 5 2 244412131231 1 5,7,1 1,221112 11 2      4 111111144442444926504442,NY,155160526166    532E,1,NA,1.001
608,1,11  1  231114411397 1333333 3 7 1 5 5 5 5 1 8 8 6 31 91 1 910 3 5 5 3 3 3 3 6 5 683412133311 9,NA,9,121112111 11 41313 2222222444414443235895111,WI,1130916690844720123C,1,NA,14.252
608,1,22  1  231141143 17233331311010101010971010101010102  2   5 7 4 3 3 2 2 7 5 8 5 344411111222,NA,1 8,221112 11 1      142111111442224243275845111,WI,1130916690844720123C,1,NA,6.872
608,1,11  1  1312223213 433323333 8 8 6 5 5 6 5 9 9 8 7 72  1 4 7 8 6 4 5 4 4 5 6 6 5 522211221122,NA,1 8 4,122112111 21 8133113111111333313332233395111,WI,113091669084    543C,1,NA,13.722
608,1,22  2  3911313412172323311397 8 8 8 8 8 8 8 8 8 8 82  1 4979797 39797 4979797979733312331112,NA,2,221112 11 1      3 211111122231323217704512,WI,173082669084    543C,1,NA,9.662
608,1,12  2  23922323111622223313 5 8 5 3 398 1 7 2 4 2 48  1 4 7 9 2 2 29898 5 3 6989844812313912,NA,1 4,221122 11 1      142999999144844443276295111,WI,117126637086    543C,1,NA,12.552
608,1,12  1  231114442 97 3333233 6 4 210 71010 5 2 2 7 41 7110 4 2 210 71010 1 1 1 3 244431133332,NA,2,221111 11 2      211111111444444443231875111,WI,113091669084    543C,1,NA,13.162
609,1,12  1  3211144412 9333323339898989898989898989898982  2   6 6 5 3 5 2 1 4 5 4 2 24432112222116,NA,2,221121 21 2      29211111144434344322185512,NJ,0110045040040560422E,1,NA,14.841
609,1,22  1  211144453 1093333333 810 897 8 3 51098 810971102   2 8 397 2 29797 2 297 24441113111111,NA,2,211212 11 1      112111111444424443164555111,NJ,0110045040040560422E,1,NA,8.541
609,1,22  1  931144441297 3333333 8 8 8 8 8 8 8 8 8 8 8 82  2   5 7 7 3 5 4 5 5 7 7 6 744411122112,NA,2,211122 21 1      142111111441443443252315411,NJ,0110045040048760112E,1,NA,5.421
609,1,22  1  23312444131023332313 5 8 4 4 7 8 5 497 8 8971 21 8 2 8 2 4 6 8 397 7 897 534221131112,NA,2,211112 11 1      14111111142421424327497512,NJ,0090015010015190412E,1,NA,12.841
609,1,11  1  131111941110913883111010101010101010101010108  2   3 7 4 4 5 3 3 4 4 6 4 244433333332,NA,9,111112111 22     119999999444414443264355111,NJ,0110045040040560422E,1,NA,11.461
609,1,12  1  22121144121023333333 5 5 5 5 5 3 3 6 6 4 5 41101 6 7 6 3 5 3 3 5 5 5 5 5 312211233332,NA,1 8,221112 11 1      143111111442411443234235111,NJ,0110045040046160312E,1,NA,21.131
609,1,22  1  931134443  4333333331010101010101010101010102  1 4 9 8 3 3 7 3 1 5 9 9 2 144411111122,NA,2,111111 11 1      24311111144442444326457512,NJ,0110045040048480112E,1,NA,8.541
610,1,21  1  131111111213218331139898 8 5 8 8 5 8 8 8 8 81121 49710 4 4 5 4 4 8 8 897 533322223221 811,5,2,121112111 11121314 111111144433444126507512,PA,0110045040046160312E,1,NA,12.841
610,2,222 31 331144443  423211311 6 6 4 5 5 5 5 5 8 8 5 61121 4 2 6 3 3 3 5 4 5 7 7 6 723432333131 1,NA,2,999999 99 1      243111111444344342 3196522,PA,0110045040046160312E,1,2,1.211
610,1,22  2  211191441397 18381889999999999999999999999991 29  99999999999999999999999943439333232,NA,1 8,121122 99 1      14211111143441444413718512,PA,0110045040046160312E,1,NA,21.401
610,1,22  2  311144443  821888323 6 6 6 6 6 6 6 6 6 6 6 62  2   5 5 5 5 5 7 5 5 5 5 5 544411131112,NA,2,222222 2212      113111111444444442234995111,PA,0110045040046160312E,1,NA,19.001
610,1,21  2  2112343413 622223322 5 5 298 2 2 3 3 5 5 3 52  1 5 5 5 398 4 3 3 4 5 5 3 321231123322,NA,2,212222122 211233313411111144432444123354512,PA,0110045040040240122E,1,NA,18.331
612,1,12  2  111334553 96         4 6 5 5 5 5 4 5 6 6 6 51121 4 5 6 5 4 6 4 498 6 7 7 544413333232,NA,2,221112 22 2      3 322222242421444327749512,MN,1070136130145120234C,1,NA,8.932
612,1,22  1  1331939511 493813882 210 2 2 2 1 2 5 9 9 4 7196196 2 8 3 3 3 2 2 3 3 298 221111212222,NA,9,221122 11 1      113299999423214323255395111,MN,1070136130145120114C,1,NA,13.492
612,1,12  2  232214421198 2332322 5 7 4 3 5 3 4 8 7 8 8 42  2   4 5 1 6 5 3 5 4 5 6 5 711112111122,NA,112,111112 11 2      123111111444124442254525211,MN,1070136130145120114C,1,NA,16.932
612,1,22  1  131144443 1623233333 5 7 4 3 5 3 3 7 6 7 5 51101 4 4 7 3 3 3 3 597 5 597 633411122122,NA,2,111122 11 2      11211111134233434126314512,MN,1070136130145120114C,1,NA,11.452
612,1,21  2  1311414411 923223133 6 7 6 5 6 5 5 7 7 8 7 62  2   1 7 1 3 3 2 1 4 5 597 21432122112116,NA,2,222122221 12     14111111144443444227455512,MN,1070136130145120314C,1,NA,11.932
612,1,12  2  131133343  423333333 7 7 7 7 7 7 7 7 7 7 7 72  2   3 9 5 3 2 3 1 3 6 997 544413331232,NA,2,222222 2211      134111111444224442252495111,MN,1070136130145120314C,1,NA,17.702
612,1,22  1  21222225111612322322 1 4 1 1 3 1 1 1 1 1 1 48  8  989898 39898989898 6989812311112112,NA,2,921112 11 2      14322222234411444223559512,MN,1070136130145120214C,1,NA,14.122
612,1,11  1  131144443 1822321111 1 1 1 110 1 1 1 1 110101 81 110 110 1 1 1 110 1 110 111131112111 1 2,NA,2,221212122 21 8333131111111444444441254295111,MN,1070136130145120114C,1,NA,16.792
612,1,11  1  33114434121133333333 8 9 9 7 9 8 8 9 8 8 8 88  8   510 1 7 8 7 8 6 7 7 7 833211111112,NA,2,221122211 29     23411111133213343323192512,MN,1070136130145120114C,1,NA,8.762
612,1,22  2  29123312121712222322 110 3 4 9 5 4 3 5 5 7 42  198 1 9 4 3 19797 3 3 3 6 244421223222,NA,118,211212 12 1      134111111444314443275445111,MN,1070136130145120114C,1,NA,7.942
612,3,12 431 231341513  528818111 1 8 1 6 1 8 1 1 6 1 8 18  8   1 7 1 1 8 6 5 1 6 1 1 83121111112116,NA,9,221221 11 1      3 1222222199223432 1792412,MN,1070136130145120314C,1,1,17.912
612,1,12  2  911224443 1793882228 2 8 8 4 6 4 19797 5 6972  1 4 4 7 5 397 3 397 5 7 1 522211112112,NA,2,221122 21 2      3 322222244428444311803512,MN,1070136130145120114C,1,NA,19.512
612,1,11  1  321144441399 3333333 6 6 6 5 5 5 5 6 6 6 6 52  2   5 5 5 5 5 5 5 5 5 5 4 63331123111112,NA,2,111111111 12     11211111144432444225434512,MN,1070136130145120314C,1,NA,25.002
612,1,12  2  331222221198 2222323 4 6 5 4 4 4 3 5 6 6 4 42  2   6 8 8 4 4 3 6 4 6 6 5 631111132112,NA,2,111112 11 2      13222222244424444924589592,MN,1070136130145120314C,1,NA,18.972
612,1,22  2  331144441216233331331010101010101010101010102  2   31097 2 397 3 4 81097 544421131122,NA,2,221112 11 1      6 4111111443334442272525111,MN,1070136130145120114C,1,NA,11.452
612,1,22  1  2311111111 49119111198989898989898 710 110982  2   8 19898989899989898989844432399931 1,NA,118,211112 11 1      24311111143441444124993512,MN,1070136130145120114C,1,NA,12.032
612,1,11  1  231144449 1722323333101010101010101010101010196112 6 7 1 8 4 4 4 5 5 5 2 64443333332116,NA,2,112129111 12     111111111444444443264175111,MN,1070136130145120214C,1,NA,10.662
612,1,22  1  11222222111112222822 3 7 5 6 4 4 4 6 7 7 8 42  8  98 1 1 198 1 1 1 1 1 1 111199999992,NA,2,222222 2221      4 222222211111111126838512,MN,1070136130145120214C,1,NA,6.432
614,2,112 1  132334919  3182321129898989898989898989898981 38   5 4 5 5 5 5 5 5 5 5 5 544431191212,NA,1 3,221112919 29     4 311111143131444226429522,OH,1210345350341840123E,1,3,2.422
614,1,12  331111199413 97 3191838 4 1 2 4 4 5 2 5 5 5 1 28  8   3 2 2 2 3 1 3 3 4 4 4 224313111192,NA,2,211212 11 1      194919111142321143 3403342,OH,1210345350341840123E,1,NA,2.492
614,1,19  999,NA,NA,999999 999                          923 99,OH,1210345350341840123E,1,NA,8.542
614,1,22  2  231114442 97 3333333 897979797 897 8 997 8 81 82   1 5 5 497979797979797 344432321112,NA,2,222122 11 1      14221111144431434223523512,OH,103142554139    543E,1,NA,17.662
614,1,21  1  2322122219 39282882397 4 4 4 5 2 397 6 6 6 62  1 6 3 5 8 1 5 110 2 1 897 144411113312,NA,1 3,121222211 12     112111111444444449263835212,OH,1210345350341840223E,1,NA,6.582
614,1,22  2  2312111219 4938333131010101010101010101010101109  98989898989898989898989844339133332,NA,2,221112 11 1      143111111444434443254865111,OH,1210345350341840223E,1,NA,20.282
615,1,12  1  3322444413 431332333 6 6 5 4 5 4 5 4 5 5 4 62  2   5 5 4 5 8 4 8 6 8 8 4 644422122332,NA,1 1,111111 11 1      24311111144441444225213522,TN,1810336590335360126C,1,NA,7.613
615,1,11  1  1311114113 421333113 6 5 5 7 6 5 6 5 6 8 7 72  2   6 8 3 5 5 4 2 4 6 8 6 533121131132,NA,2,121121222 12     13199999944422443227356512,TN,1810336590335360126C,1,NA,19.433
615,2,212 1  131114443 97 1333111 9 9 9 6 9 6 6 1 9 999 12  2   5 5 5 7 5 5 7 8 1 8 8 833322122112,NA,1 4 9,221112111 11 511314211111144331334125395522,TN,181033659033    536C,1,2,5.813
615,1,22  1  132234443  923333313 1 1 1 5 1 5 1 1 1 1 1 12  2   3 3 3 997 19797979797 632112931322,NA,2,919112 11 2      4 122112222123241124782512,TN,199085575087    546C,1,NA,24.133
615,1,11  2  131144443  423333133 5 797 597 4 597979797972  8   5 7 3 5 5 1 3 5 4 6 5 533221133121 2 4,NA,1 4,211112111 21 499914211111144422424326366512,TN,1810336590335360326C,1,NA,19.433
615,3,22 12  391332251997 18189919898989898 89898989898982  8  9898989898989898989898988449121991118,NA,2,121222 22 1      11322222984484111224483142,TN,181033659033    546C,1,1,1.733
615,1,12  1  31111334121723223133 7 8 7 5 5 5 6 7 7 8 4 22  2   1 299 1 1 6 1 1 1 1 1 124421222122,NA,2,212112 11 2      11322111122321223325274512,TN,1810336590335360326C,1,NA,22.393
616,1,12  1  131111119  921131111 3 8 5 5 5 5 5101010 5 82  2   2 8 5 5 5 3 5 8 5 8 5 544421123111 8 2,NA,2,111212 11 1      13199999911323222123294512,MI,0590375630373000123E,1,NA,13.722
616,1,12  1  231111113  423333113 8 8 3 6 6 4 6 8 8 8 6 61 91 3 3 8 3 3 3 3 3 5 3 3 4 444423122122,NA,2,211121 11 2      14211111144444244223304512,MI,451119540117    543E,1,NA,13.722
616,1,12  2  219999999 97 88818239810989898989898989898988  8  98989898989898989898989888811139192,NA,9,211192 91 9      292299999888888881234485111,MI,0590375630373000123E,1,NA,19.642
616,1,22  31 921144442  42333333397 79797 5979797979797972  1 497979797979797979797979743239293931 5,NA,1 7,129119 11 2      3 2111111434414441 2664512,MI,0590375630373000323E,1,NA,25.002
616,1,21  1  231334553 96         5 5 5 5 5 5 5 5 5 5 5 51122   39797 5 5 3 3 5 5 5 5 544411211211 5,NA,2,121112121 19     24111111144443444227356512,MI,451119540117    543E,1,NA,11.512
616,1,12  2  331144143  92333333110 71010 61010101010 8102  2   6 8 4 6 6 7 4 3 6 8 5 444421133132,NA,2,211121 11 2      131111111443442443252155111,MI,0590375630373720333E,1,NA,17.702
616,1,12  1  139234449  493333333 5 7 5 4 5 5 5 5 7 9 5 6110110 4 6 4 4 5 5 4 4 7 998 434431133112,NA,2,999999 9992      294111111443324443222535111,MI,0530835880850870233E,1,NA,21.602
616,1,21  1  131111113 97 33333331010101010101010101010102  2   7 7 7 7 7 7 7 7 7 7 7 744433333131 212,NA,2,121112111 12     4 3111111444434443234795111,MI,0590375630373000123E,1,NA,17.662
616,1,21  1  3311312111 932223111 9 8 7 5 6 5 4 9 810 5 7112196 6 8 5 4 4 2 3 6 9 9 2 33332113112116,NA,2,112112121 1116121242111111333424343174545111,MI,0590375630373000333E,1,NA,11.932
616,1,21  2  2311444412 423333313 6 897 797979797 6 897 71101 497979898979898989898989838211133122,NA,2,121122221 22     19321111134442343124425512,MI,0590375630373000323E,1,NA,17.032
616,1,12  2  931115553 96        98989898989898 7 5 898981 41 4 8 7 5 8 6 6 6 6 7 8 6 534321313112,NA,2,222222 2221      3 411111143433444326872512,MI,451119540117    543E,1,NA,8.932
616,2,222 1  2313111411163333311310 1 3 5 6 1 8 1 1 2 2 11 92  10 4 4 6 3 4 7 1 6 6 3 144431123112,NA,2,211112 12 2      243211111444114443232235211,MI,0530835880850870133E,1,3,2.962
616,1,12  2  222224443 97 3823322 6 8 3 7 6 5 5 5 5 6 6 59  19697979797979797979797979744421123222,NA,2,121112 11 2      3 211111133433344316659512,MI,451119540117    533E,1,NA,8.932
616,1,22  2  231224443 1712322222 2 8 5 5 5 2 8 5 5 5 4 82  1 6 2 8 5 5 5 2 598 5 5 5 831111111112,NA,2,121112 11 2      13429292944441444222482512,MI,0590375630373720133E,1,NA,23.092
617,2,112 1  11111111111611111111 1 1 1 1 1 1 1 1 1 1 1 11 11 1 1 1 1 1 1 1 1 1 1 1 1 111111111111 711,0,111,111111111 11 1111111111111111111111113211211,MA,0030065060061123311E,1,1,16.731
617,1,12  1  331114543 1723233113 8 9 9 6 6 6 6 9 9 9 7 71122   7 8 1 3 5 5 5 5 3 397 344311333111 2,NA,1 2,221111 11 1      132111111443433343162795112,MA,0030065060061123211E,1,NA,4.341
617,1,22  2  131111119  231111111 9 9 9 9 9 9 9 9 9 9 9 99  199 5 5 1 1 3 1 3 5 6 6 5 744421132222,NA,1 2,999999 99 1      112111111442444142263935111,MA,0030065060061123311E,1,NA,8.241
617,1,22  1  2311411111172122311297 797 7 797 9 8 8 897 81962   7 5 3 197 1 1979999999944499999999,NA,1 816,211111 11 1      11111111144242444226365512,MA,0030065060061123111E,1,NA,3.371
617,1,11  31 331131113 1793333313 4 5 3 4 498 4 4 5 5 4 41121 4 4 6 4 6 5 4 5 4 5 5 4 444413133112,NA,2,121211211 12     142111111234434442 6383532,MA,0030065060061123211E,1,NA,1.101
617,1,21  322,NA,NA,9999999999                          333 14,MA,0030065060061123211E,1,NA,1.001
617,1,22  2  1311121411 422223323 6 7 2 1 3 1 5 7 8 8 7 61 91 4 4 8 2 1 6 1 5 5 8 9 7 321121323112,NA,1 7,122121 22 1      3 3222222444114122267115111,MA,0030065060061123211E,1,NA,2.841
617,1,22  2  231144441397 3823113 4 9 3 397 3 4 5 5 7 5 52  1 4 4 8 4 4 4 4 5 4 6 7 5 52321123121118,NA,118,211112 11 1      23211111144441444321219242,MA,0030065060061123111E,1,NA,1.551
617,1,21  322,NA,NA,9999999999                          318 44,MA,0030065060061123211E,1,NA,1.001
617,1,11  1  211311111197 1111113 6 597 4 7 6 7 4 4 4 3 58  2   3 8 3 4 4 4 3 6 8 8 7 744411122112,NA,1 7 5,911192211 19     113111111344424442265055211,MA,0030065060061123211E,1,NA,1.001
617,1,12  2  131233133  922223132 6 9 8 4 6 3 2 8 7 8 9 51 81 7 5 9 1 1 5 2 1 2 4 5 3 131211123231 812,NA,112,211112 12 1      111111111444414441252145111,MA,0030065060061123111E,1,NA,5.191
617,1,22  2  931394443 97 33333339798979797989797979797972  1 497979797979797979797979743421132122,NA,1 8,221111 11 1      24211111144444444216357512,MA,0030065060061123311E,1,NA,8.241
617,3,11 12  122222551296         3 1 2 1 7 5 5 1 7 2 5 21 32   6 6 6 1 2 2 5 1 6 1 6 141232131211 4,NA,1 4,111292291 11 532221112912114211411113463142,MA,0030065060061123311E,1,1,1.451
617,1,11  2  9331411119 991113122 4 5 2 5 5 2 2 1 2 2 2 2196196 510 297 2 2 5 9 8 8 8 844411191311 5,NA,1 1,211111111 11 519111411111144441444326457522,MA,0030065060061123211E,1,NA,1.001
617,1,22  332,NA,NA,999999 999                          628 51,MA,0030065060061123311E,1,NA,12.311
617,1,12  2  122941141997 2119138 1 6 1 1 2 7 1 2 5 4 8 12  8   8 9 1 1 4 1 2 7 1 1 5 118411111932,NA,2,111192 22 1      13111111124411142227566512,MA,0030065060061123311E,1,NA,8.991
617,1,22  2  221234441297 3333333 6 8 8 5 5 6 697 7 7 6 52  8   4 6 7 4 5 5 597 6 6 5 542311222212,NA,116,221122 11 2      3 322222231321424216754512,MA,0030065060061123311E,1,NA,6.931
617,1,12  2  121224339 1733833333 5 5 5 5 5 5 5 5 5 5 1 52  2   5 5 5 5 5 5 5 5 5 5 5 53333133332116,NA,9,999999 99 1      6 211111144444444396999592,MA,0030065060061123211E,1,NA,3.571
617,1,22  2  1313444412 223333133 9 8 7 7 9 810 9 9 9 9 91101 7 6 8 6 5 6 6 6 8 6 7 7 744411121221 7,NA,118,211112 11 1      132111111444434442242135111,MA,0030065060061123111E,1,NA,5.211
617,1,22  1  319233112 98 3293813 7 7 2 3 2 2 2 1 8 1 8 18  9   2 6 8 1 4 1 1 9 1 8 1 811122222232,NA,9,219112 22 2      21122222232223122223393512,MA,0030065060061123211E,1,NA,5.001
617,1,11  1  21124444131393333333 6 6 6 6 6 7 6 6 6 6 6 62  2   6 6 6 6 6 6 6 6 6 6 6 644422333332,NA,2,221122111 11 713319299999944444444323293512,MA,0030065060061123211E,1,NA,4.031
617,1,12  31 33114444131713133133 8 8 8 7 7 2 5 7 8 8 7 81101 6 5 8 3 4 79898 698 798 54332113311116,NA,2,121122 11 1      144111111444424443 53725111,MA,0030065060061123311E,1,NA,18.071
618,1,22  1  131114443  423333333 5 5 5 5 5 5 5 5 5 5 6 52  2  98 6 3 4 4 498 7 4 598 444413112122,NA,2,212121 11 1      11111111144433444126386512,IL,0750186090217040313C,1,NA,11.512
618,1,12  1  331141111311231831111010101010101010101010102  2   5 8 4 5 7 1 6 8 8 6 6 544421131122,NA,1 4,212112 11 1      113111111344443443259735111,IL,187076632079    533C,1,NA,10.942
618,1,11  1  2111222412 4222232221010101010101010101010101 91 4 2 7 4 297 3 397979797 843421113122,NA,1 2,222211222 19     143111111323334443265045111,IL,0750186090217040313C,1,NA,16.362
618,1,12  2  2312444411 3133323239898 298989898 2989898 21 211297 8 4 4 6 3 5 5 3 697 224391112912,NA,112,211122 11 2      213999999444444441174334411,IL,187076632079    533C,1,NA,1.002
619,1,21  1  231132243  4928333219797 7 2 69797 5 7 710 71 91 4979797 197 2 597 7 7 4972332221222111,NA,9,921292291 19     4 311111144122444325318512,CA,0150258250267320119P,1,NA,19.584
619,1,22  1  231122551196        1010 6 4 4 610101010 8 62  196 8 6 6 3 6 6 6 898 6 8 84441133312116,NA,1 1,111211 11 1      22311111114144444327504512,CA,0150258250267320119P,1,NA,10.104
619,1,12  2  2319111111 428888888 8 7 5 6 6 8 9 5 5 5 7 71 92   2 597 5 2 7 597 6 697 54442133333118,NA,1 4 1,912922 11 2      19221299944441444326253242,CA,0150258250267320119P,1,NA,1.284
619,1,21  331111123222  432223323 1 197 597 1 197979797972  1 4979797 1 1 197979797979781411113122,NA,1 4,222222221 29     132111111444424449 6403222,CA,5771658041646780419P,1,NA,6.554
619,1,22  2  2311444411 9223233139798 5 3 39797979797 5 52  2   8 8 8 8 8 8 8 8 8 8 8 844421113112,NA,11211,111122 11 1      11211111144443444217547512,CA,0150258250267320219P,1,NA,10.104
619,1,12  322,NA,NA,999999 999                          350 14,CA,0150258250267320219P,1,NA,3.314
619,1,12  2  1111444413 923323333 9 8979898979998989898982  2   910 6 3 4 4 497 7 8 8 744411122232,NA,2,211112 11 2      13111111143433444227506512,CA,0150258250267320219P,1,NA,13.854
619,1,12  2  2112344411 413311322 610 6 4 6 697 81010 4 61961 4 7 9 8 5 4 4 6 71010 5 528222223222,NA,2,211111 11 2      4 222222244341444113992512,CA,0150258250267320219P,1,NA,14.224
619,1,21  2  233933333  438322138 59897 4979897 4 5 5 3 48  1 4 7 9 7 59797 698 8 8 7 51132211212118,NA,2,211122211 22     4 311111144211344323313512,CA,0150258250267320219P,1,NA,16.284
619,1,22  2  1311422411 423232333 59797 2 5979797 6 7 6 62  2   59797 4 3979797 6 6 59744431233332,NA,2,112122 11 2      14211111142444244225226512,CA,0150258250267320119P,1,NA,18.064
619,1,22  1  3311344411 933332123 8 8 7 9 9 9 8 7 7 7 9 71102   7 9 5 7 8 5 4 7 8 8 8 644312123111 5,NA,2,121121 11 1      4 311111144332334915192512,CA,0150258250267320219P,1,NA,18.064
619,1,12  322,NA,NA,999999 999                          519 53,CA,0150258250267320119P,1,NA,3.554
619,1,12  2  232222243 1323233333 5 5 5 5 5 5 5 5 5 5 5 52  1 4 5 5 5 5 5 5 5 5 5 5 5 544431231332,NA,112,211111 11 1      3 2111111444444443175955311,CA,0150258250267320119P,1,NA,2.514
619,1,12  1  121144443  423823383 798 7 798989898 7 7 7982  2   6 5 5 6 6989898989898 633411393312,NA,9,221122 11 1      11211111134442444126989592,CA,0150258250267320219P,1,NA,10.314
619,3,11 11  311232443  4333223139710 8 9 8 8 8 8 9 897 82  2  97 9 5 5 5 9 5 9 9 997 944421213122,NA,1 4,111122111 21 433121422222244444444113409142,CA,0150258250267320219P,1,2,2.514
619,1,22  2  133392222  922222123 8 5 5 110 5 5 7 5 5 5 52  1 4 7 5 5 1 5 5 5 5 5 5 5 544431222121 1,NA,1 5,221111 11 1      5 211111144441434925224112,CA,0150258250267320219P,1,NA,15.454
619,1,12  2  2122291411 423323122 1 3 1 1 1 1 197 1 1 1 11 21 497979797979797979797979711111131112,NA,2,129121 12 2      3 222222244421434126749532,CA,5771658041646780419P,1,NA,1.794
619,1,22  2  2922222411 422222323 4 5 3 4 4 4 3 4 5 5 5 52  1 4 5 7 5 4 4 4 4 5 5 5 4 522111122122,NA,2,921121 11 2      13222222224222422226454512,CA,0150258250267320219P,1,NA,10.104
630,1,11  1  13122444111092223333 79798 797 2 2 1 8 7 7 42  1 8 5 8 3 3 3 3 398 3 3 3 333321323322,NA,2,121112111 92     14211111132233443123367512,IL,0510036020031600313C,1,NA,13.072
630,1,22  2  331144449  423333133 6 6 7 6 797 6 8 5 5 6 61 82   4 8 4 2 5 2 4 5 5 2 3 344431131221 8 1,4,9,211121 11 1      142111111344324442273745111,IL,0510036020031600313C,1,NA,7.662
630,1,12  1  33121114121031133111 9 9 9 9 9 6 6 9 9 9 9 91 91 6 2 9 3 2 2 1 1 2 4 4 2 24442333322111,NA,116,111112 11 1      24211111144432444326354542,IL,0510036020031600313C,1,NA,2.522
630,1,21  1  33322244121733332333 5 5 1 2 3 5 3 3 3 3 2 28  2   4 3 1 197 1 3 3 5 5 4 321221122212,NA,1 410,121111111 12     113111111344234443254445111,IL,0510036020031600313C,1,NA,13.012
630,1,22  2  12122223111022232223 9 1 1 1 1 1 1 1 1 1 1 12  2   8 897 59797 8 897 897 333421112112,NA,2,221112 21 2      4 222222244431444325499412,IL,0510036020031600313C,1,NA,4.972
630,1,22  1  111144443  421333113 7 6 4 5 4 4 6 5 7 5 7 52  1 6 3 7 3 3 2 1 3 3 3 4 4 244411121111 4 1,NA,9,221122 11 1      211111111444444442235065111,IL,0510036020031600313C,1,NA,11.752
630,1,22  1  111344441397 1333133 9 9 9 9 9 9 9 9 9 9 9 92  2  97979797979797979797979744433393392,NA,1 9,221912 91 2      3 211111143443444313753512,IL,0510036020031600313C,1,NA,13.242
630,1,12  332,NA,NA,999999 999                          633 51,IL,0510036020031600313C,1,NA,9.872
630,3,12 41  212244443  433121188 7 8 2 5 4 5 8 3 6 5 9 21 21 4 5 6 2 2 510 5 3 2 4 4 614411113331 6,NA,2,999999 99 2      131111111443424443254574411,IL,0510036020031600313C,1,2,1.002
701,1,22  1  232234443  238282388 5 710 5 6 8 3 3 6 6 4 21108   8 6 5 1 7 3 2 4 3 7 8 222111121112,NA,2,219112 11 1      24422222244444444925999512,ND,4621506871531010134C,1,NA,20.302
701,1,12  1  212222223 97 2222222 89898 9 8 9989898 898 82  1 4 6 8 6 8 6 8 798 8 898 621131111212,NA,2,121112 11 2      4 4222222223282282139925112,ND,393108724112    544C,1,NA,16.782
701,1,12  2  912295553 96        9710 5971010 5 4 5 5 5 58  8   4 8 4 5 5 4 397 5 5 5 448331112232,NA,2,222222 2222      14322229223343443112821512,ND,462150687153    544C,1,NA,25.002
702,1,12  2  2312244412 923323133 610 8 6101010 8 8 8 8 61 21 1 710 810 8 4 797 6 8 6 524311113112,NA,2,221122 11 1      3 211911134421444225654512,NV,4550778390644120128P,1,NA,13.934
702,3,11 41  331111113  922112111 7 7 4 8 7 8 8 5 7 7 2 51 92   8 6 5 8 7 8 7 5 7 8 4 734332333131 4,NA,1 4,211112111 11 411111311111142321334315198412,NV,4550778390644120228P,1,2,4.124
702,1,22  332,NA,NA,999999 999                          144 42,NV,4550778390644120128P,1,NA,23.394
702,1,12  2  2112942411 922223833 7 9 3 5 3 8 2 8 7 4 7 61961 4 7 7 4 2 5 7 210 8 497 74249131311116,NA,2,222211 22 1      3 2111111244414443167255111,NV,4550778390644120128P,1,NA,7.574
702,1,12  2  2122422211 923833113 1 8 3 5 5 5 6 4 1 1 1 12  2   8 6 6 5 5 5 5 5 5 5 4 544111122322,NA,1 4,921111 11 1      131219111444314443252345411,NV,4550778390644120128P,1,NA,3.554
702,1,11  2  1312311412 423213113 4 4 5 4 5 1 7 4 6 7 4 52  1 4 4 6 3 5 5 2 3 3 4 5 4 432222122122,NA,2,111121111 11 422113299999923311323123446512,NV,291041770036    548P,1,NA,16.644
702,1,12  2  1333911411 431223223 5 9 4 5 8 1 9 5 8 8 6 41 11 4 4 8 1 4 2 1 8 31010 8 232311211211 4 1,NA,1 1 4,999999 99 1      113211111244344443232045111,NV,4591168111196720128P,1,NA,11.154
702,1,22  2  231119449  42883388898 5 5 6 6989898 8 8 8 41101 4 6 8 4 2 6 6 698 8 8 8 441119333112,NA,2,122122 21 2      29311111144441244124756512,NV,459116811119    548P,1,NA,25.004
703,1,12  2  1311124311 89283313897 8 697 5 3 5 89797 5108  8  98989897989898989898989844432113132,NA,116,111111 11 1      111999999444414441235095111,VA,0190075110078840315E,1,NA,16.193
703,1,12  1  1311144411 923333333 7 8 7 7 7 7 7 8 8 8 7 82  112 7 7 7 7 7 7 7 7 7 7 7 74441111111112,NA,2,999999 99 1      111111111111111113164095111,VA,0190075110078840315E,1,NA,12.933
703,1,12  1  2111111112 933833333 8 8 8 8 8 8 8 8 8 8 8 88  8   8 8 8 8 8 8 8 8 8 8 8 844419113132,NA,2,221122 11 2      3 3111111884234442236335111,VA,0190075110078840315E,1,NA,17.303
703,1,22  1  932221113  9338323231098101010101010 7 7 8 72  2   11097 5 8 4 4979797979744433133332,NA,1 4,211112 11 1      194111111444314442252025211,VA,0190075110078840315E,1,NA,7.763
703,1,12  2  1311222211 922222123 1 8 5 2 4 2 3 2 5 7 3 31 21 5 1 8 2 2 3 2 3 2 5 7 4 211111221212,NA,1 5,121111 11 1      3 122111244441444127979512,VA,0190075110078840315E,1,NA,2.963
703,3,21 41  131111111297 1111111 7 8 7 7 7 7 9 8 8 8 8 92  2   7 8 6 3 6 6 4 6 9 9 4 644411122211 4,NA,1 9,221122111 11 913114211111121441321213299442,VA,0190075110078840315E,1,1,2.103
703,1,12  2  21111411121711121113 910 3 8 7 2 5 710 3 6 71 81 6 5 9 5 4 8 1 5 910 1 8 222111211211 1,NA,1 7,111111 11 1      114299221444414441212025111,VA,0190075110078840315E,1,NA,16.733
703,1,12  2  2122433411 993223822 8 9 9 3 397 6 7 7 8 7 71 21 6 8 8 4 3 6 3 7 5 6 8 6 522411139112,NA,111,221222 21 2      3 211191942432424925785512,VA,0190075110078840315E,1,NA,13.273
703,1,22  1  331144443 97 3333333 7 5 5 6 8 4 7 7 597 7 72  2   6 7 5 3 6 5 6 6 8 8 7 544422323122,NA,2,222222 11 1      4 311111144444444313228522,VA,0190075110078840315E,1,NA,4.373
703,1,22  339,NA,NA,999999 999                          322 42,VA,0190075110078840315E,1,NA,4.663
703,1,12  2  1311444411 923333113 8 7 8 8 8 8 6 7 7 8 9 91122   2 6 2 4 2 4 1 5 5 4 5 233321121232,NA,2,211121 11 1      11211111144443344226312512,VA,0190075110078840315E,1,NA,4.903
703,1,22  2  121134443 1833333333 6 7 6 6 6 6 6 6 6 7 7 62  2   4 7 4 4 4 4 5 5 6 5 5 44441111222112,NA,9,112112 11 1      11311111144443444127239512,VA,0190075110078840315E,1,NA,5.253
703,1,12  2  2322222212 422222222 9 5 4 5 8 4 8 8 4 3 1 12  110 9 5 1 3 6 1 9 9 5 9 1 111431113322,NA,1 412,221122 11 2      4 211111144411244225434522,VA,0190075110078840315E,1,NA,5.873
704,2,222 2  211299443 99 3333338 49797 297979797 5 5 4 38  8   1 4 1 1 1 1 197 3 5 3 322211133112,NA,2,222122 12 1      3 211111144222444226594522,NC,2130355670350480135E,1,2,1.813
704,1,12  1  1311444411 4238333389897 5 5 697 5 6 8 898971102   2 7 4 2 2 2 1 4 6 7 4 344431133332,NA,2,221122 11 2      4 3111111444424443264135111,NC,2790305170283290125E,1,NA,19.433
704,1,22  1  232222242 97 1331313 9 7 4 5 6 410 6 4 4 5 52  2  10 5 2 6 4 4 9 5 4 4 1 422221122212,NA,9,222221 21 1      4 222221123442481122187522,NC,2790305170281520125E,1,NA,21.433
704,1,12  1  2212224311 423222323 1 7 1 4 3 1 1 1 6 6 6 41101 7 8 5 7 7 510 6 3 3 897 514111131332,NA,112,291122 11 2      3 322212111421244222772512,NC,2790305170283290325E,1,NA,25.003
704,1,21  2  1311411112 923313113 7 6 7 6 6 2 3 8 9 9 9 81121 7 6 8 2 3 4 5 5 2 6 6 6 442422111232,NA,2,121122211 12     4 2111111222422441253855111,NC,2790305170281520325E,1,NA,23.753
704,2,222 2  3332444419 4933331329797979797979797979797972  2   3 9 2 4 597 197 8 897 54441222112116,NA,9,121122 11 2      19211111144342434225294522,NC,2790305170281520125E,1,3,6.123
704,1,12  2  231114443  933133313 5 5 5 5 5 5 5 5 5 5 5 51 28   5 6 5 5 5 5 5 5 5 5 5 544433233332,NA,2,221112 11 2      3 399999984442324316653512,NC,213035567035    545E,1,NA,10.843
704,1,12  1  212234552 98 88838899797979797979797989797978  2  98989898989898989898989881831313132,NA,2,222222 2222      9 9222222448414449225785112,NC,2130355670350480235E,1,NA,25.003
704,1,12  2  3311344412 4233338331010101010101010101098101 61 71010 4 8 710 5 4 6 6 5 544331232112,NA,2,221111 11 2      5 2211111434444432234335111,NC,213035567035    535E,1,NA,23.823
704,1,21  2  231294443  923333313 5 5 5 5 5 5 5 5 5 5 5 52  2   3 3 3 3 3 3 3 3 3 3 3 311121222122,NA,2,222222222222     113222222444444443274255111,NC,213035567035    535E,1,NA,13.963
704,1,11  1  11111111111711111111 1 1 1 1 1 1 1 1 1 1 1 11 11 1 1 1 1 1 1 1 1 1 1 1 1 111111111111 1,NA,1 1,111111111 11 1111111111111111111111115411111,NC,279030517028    545E,1,NA,25.003
704,1,12  2  931119553 96         2 8 4 2 4 1 2 9 9 9 5 61121 8 2 8 2 2 4 2 4 9 8 8 4 42111123113110,NA,2,221222 21 2      3 122111224431444126789512,NC,2790305170281520225E,1,NA,10.843
706,1,11  1  2912222411 422222323 6 8 4 4 5 5 5 7 8 8 8 51 21 4 8 8 8 8 8 8 8 8 8 8 8 821211112231 6,NA,2,221112211 11 833314411111122121424226394512,GA,197010524010    545E,1,NA,19.433
706,1,12  2  921219393 1731311118 9 3 3 2 1 410 6101010101121 6 8 3 8 2 5 1 9 7101010 944433233231 7,NA,1 7,221222 12 1      11111111144444444323226522,GA,197010524010    545E,1,NA,3.853
706,1,11  2  1322244412 423333333 510 2 3 5 4 6 5 7 5 3 22  1 497979797979797979797979722211293112,NA,1 3,221122221 21 333314121111122211444123476512,GA,1970105240100500135E,1,NA,16.193
706,1,12  2  231144443 97 3221333 8 9 7 4 5 5 6 7 6 7 8 72  2   3 7 5 3 7 4 4 6 7 5 5 642211113132,NA,2,121122 21 2      4 221122242221444123194512,GA,1970105240100500135E,1,NA,10.633
706,1,12  1  221244443  433333113 9 7 5 3 6 3 5 9 6 9 7 81101 4 7 8 4 2 4 1 4 8 4 7 7 522411212222,NA,2,211112 11 1      112111111443222243263845111,GA,4091215221251800125E,1,NA,19.433
706,1,21  2  139232442  9333323339797 5 497 597 61010 6 81121 4 710 3 2 2 2 8 1 6 6 5 244411132232,NA,2,211112221 12     194111111444424443252725111,GA,1990855750871560325E,1,NA,25.003
706,1,21  1  2311944412 422222333 8 7 5 498 4 5 8 8 898 72  1 4 3 8 7 3 59898 8 7 798 721231133131 8,NA,2,999999999 12     113111111442424441232045111,GA,213035567035    545E,1,NA,21.523
707,1,21  2  113222553 96         5 5 5 3 5 5 5 5 5 8 5 58  8   7 7 7 7 7 7 7 7 7 7 7 741431233132,NA,9,111121111 111222311211111144344444126364512,CA,0650058070058720119P,1,NA,9.754
707,1,11  2  3912222311 422222323 710 7 5 597 4 5 6 7 5 11112   997979797 997979797979744411133312,NA,2,211122111 11 52225 311111144441444326495512,CA,0650058070057500219P,1,NA,13.854
707,1,22  1  2311942419 993383118 5 5 5 5 5 5 5 5 5 5 5 51981 3 898 4 3 3 8 8 6 6 6 6 644411291212,NA,2,221121 22 1      4 311111144121244123468512,CA,065005807005    539P,1,NA,14.964
707,1,12  2  9321222411 4232231339898989898 49898989898982  1 4 4979797979797979797979781811333312,NA,2,112121 11 1      14422222224442444124454512,CA,0650058070057500119P,1,NA,17.004
707,1,11  2  2311222412 42323111110 4 4 6 5 410 5 5 5 5 41 1112 6 6 510 510 3 4 410 7 844411213112,NA,1 4,111111111 11 4333124111111443434412234335111,CA,065005807005    539P,1,NA,16.644
707,1,22  2  211142449 97 3838838 598 3 5 5 5 597979797972  2   9 7 2 5 79797 59797979722311232922,NA,9,291112 99 2      3 299111944483444325665512,CA,065005807005    539P,1,NA,24.424
708,1,11  1  2322233311 42232222310 7 7 4 9 6 6 7 7 7 8 52  1121010 1 11010 5 5 4 5 5 142211313132,NA,1 2,221121211 29     4 3111111412211111233045211,IL,0510036020031600213C,1,NA,5.032
708,1,12  2  2122222212 4933283139999999999999999999999998  8  99999999999999999999999933111112112,NA,9,992122 29 2      3 399999944442444984813512,IL,0510036020031600113C,1,NA,10.132
708,1,22  1  22129444111098222822 2 6 5 4 4 2 2 5 7 7 8 52  1 4 3 5 4 2 4 2 2 4 5 6 6 433211111212,NA,1 2 6,121112 11 1      3 322222243441244112734512,IL,0510036020031600213C,1,NA,22.392
708,2,222 1  121113353 98 333232310 6 7 8 6 5 7 9 7 7 8 61102   8 8 7 8 7 6 7 8 7 9 7 844431111132,NA,2,121112 11 2      14222111144442444225265522,IL,0510036020031600313C,1,2,6.522
708,1,21  1  222221419 98 8311291 8 1 8 1 5 1 7 5 3 2 7 11 32   8 1 1 7 7 5 2 1 8 1 8 114331113139,NA,118,221929122 12     23191122214812911314999512,IL,0510036020031600213C,1,NA,12.032
708,1,22  2  2923333313 318333233 497 2 497 2 297979797 52  1 7 89797 197979797 8 697 64141113333116,NA,2,221112 11 2      23411111144431444223473529,IL,0510036020031600213C,1,NA,9.992
708,1,12  2  931129223  933323833101010 1 1 11010101010101 31 6101010 5 310 510101010983341111111116,NA,1 6 5,221122 11 2      3 311111144444444222651542,IL,0510036020031600213C,1,NA,4.612
708,2,122 1  231114442  313332323 9 5 5 5 9 3 8 3 7 7 3 12  196 6 7 5 7 8 597 4 9 6 5 922421112222,NA,9,212112 12 2      193111111443413443232235211,IL,0510036020031600213C,1,3,1.722
712,1,22  1  1112244412 493882333 5 5 5 5 5 5 5 5 5 5 5 51968   7 5 5 5 5 4 3 3 3 5 3 742411133112,NA,2,221122 12 2      14311111124441444323313512,IA,3010736520755920324C,1,NA,19.222
713,3,12 131 1933111112 431111111 5 5 510 8 6 8 5 5 5 5 51 41 3979797 59797 1979797979744412121211 4,NA,1 4,119122 11 2      4 4999999343433442 334 14,TX,2010116180113360317C,1,3,1.003
713,1,12  31 2111441111162133211310 810 6 6 7 9 6101010101121 1 3 8 6 7 4 2 7 4 5 7 7 7443211212111116,NA,116,999999 99 1      241211111444422243 31885112,TX,2010116180113360317C,1,NA,10.633
713,3,22 2332,NA,NA,999999 999                          229 24,TX,2010116180113360217C,1,1,5.463
713,2,122 2  111144441299 3333133 8 6 7 7 6 7 8 8 6 7 7 72  2   1 1 1 1 1 1 1 1 1 1 1 144411131232,NA,1 1 5,211111 11 1      6 311111143443434325234522,TX,2010116180113360317C,1,3,2.573
713,1,22  2  312244551396        9797979797979797979797972  2   6 4 91097 49797 6 797 844411111112,NA,2,221111 11 2      4 322221144444444322422512,TX,2010116180113360217C,1,NA,17.993
713,3,22 1322,NA,NA,999999 999                          325 14,TX,2010116180113360117C,1,3,1.513
713,1,22  1  1292334412 423333333979797 397979797979797978  1 4 5 7 3 2 4 5 5 4 4 4 5 322211193112,NA,2,221112 11 2      11222222234433343123495512,TX,2010116180113360117C,1,NA,14.253
713,1,22  2  2122124212 928328883 5 8 5 910 5 8 7 8 7 5 71101 6 7 5 8 8 5 9 6 8 6 8 3 831432119232,NA,2,122111 22 9      3 422222231411224222623512,TX,2010116180113360217C,1,NA,25.003
713,2,122 1  2311444112 923132333 7 4 4 6 698 797 3 3 4 31 7112 210 5 2 297 498 5 5 5 512421112132,NA,2,221122 11 1      243221111324422342262265211,TX,2010116180113360117C,1,2,1.003
713,3,12 431 2311344411 423333113 3 8 5 7 8 6 2 8 9 9 5 41 41 7 1 6 5 398 6 197 6 8 2 344421112132,NA,2,229922 2291      112111111444444443 7557412,TX,2010116180113360217C,1,2,1.553
713,2,212 1  291944449 1113333333 5 5 5 5 5 5 5 5 5 5 5 51992   5 5 5 5 5 5 5 5 5 5 5 544411121992,NA,2,221111211 22     14311211144432444223351522,TX,2010116180113360117C,1,3,4.243
713,1,21  2  2222334412 922222323 4 6 4 4 5 4 4 6 5 5 4 42  2   4 6 5 4 3 2 3 4 5 6 5 422411122112,NA,2,121121211 22     111111111424214242264175211,TX,2010116180113360117C,1,NA,3.283
713,2,222 2  332243111198 3131133 2 3 5 2 4 2 5 1 4 2 1 31 2198 5 2 5 4 2 4 3 2 4 2 5 14241312333116,NA,2,222211 11 1      4 422222214114114123691522,TX,2010116180113360117C,1,2,5.573
713,1,11  1  2212424411 433322333 5 5 5 5 1 5 5 5 5 5 5 58  8  9797979797979797999797973421119111116,NA,9,111112111 1116333113999999444312342244025211,TX,2010116180113360117C,1,NA,7.573
713,1,12  1  131144343  42122313397 6 6 5 7 2 4 3 1 7 7 51101 6 4 8 5 2 7 1 2 398 6 4 544411322222,NA,9,211121 11 2      112111111343314441252231411,TX,2010116180113360117C,1,NA,1.223
713,1,22  1  139944443 97 3333333 4 5 4 5 5 5 5 4 6 6 9 41 92  97979797 99797979797979744412133132,NA,2,221111 11 2      12211111144444444425449212,TX,2010116180113360117C,1,NA,17.433
713,3,12 4322,NA,NA,999999 999                          218 44,TX,2010116180113360117C,1,2,1.093
713,1,12  2  2211444412 923333133 7 8 5 8 597 4 5 6 6 6 61 92   2 6 2 3 2 2 2 2 4 4 4 434211222331 4,NA,1 912,999999 99 1      113111111444224443263235111,TX,2010116180113360117C,1,NA,11.973
713,1,12  1  3322322412 923323133 6 8 2 2 4 7 1 4 610 8 91101 4 410 1 4 397 6 3 71097 74441223311116,NA,2,111121 99 2      14111111144241424127267512,TX,2010116180113360117C,1,NA,11.973
713,1,12  31 231111113  423383131 5 6 5 5 6 5 6 6 6 6 6 58  1 6 4 7 5 4 5 4 5 5 5 7 5 444411313111 6,NA,9,111111 99 1      111111111444441443 5995542,TX,2010116180113360117C,1,NA,4.033
713,1,21  1  2111424211 722223223 410 5 5 4 6 4 8 7 7 9 61101 5 3 6 1 2 1 5 1 3 6 310 14141111331112,NA,1 5,999999999 21 52224 2999999443414149254645112,TX,2010116180112920217C,1,NA,16.373
713,1,22  1  2312333311 922223232 4 3 2 2 4 2 5 4 6 5 5 51 91 4 3 3 3 3 3 2 4 3 4 4 4 411411113212,NA,110,222222 22 2      4 311111142424444313182532,TX,2010116180113360117C,1,NA,3.393
714,1,22  31 2213994413 331831388 5 6 3 5 6 6 5 4 5 5 5 31 41 3989797979797 9979797979744422113292,NA,2,111111 11 2      214111111444444441 6624542,CA,0130028030025945419P,1,NA,1.004
714,1,22  31 2312223411 92222313397 9 8 6979797 9 9 9 6 61 21 498989898989898989898989833211122212,NA,2,121111 11 2      4 3111111333323442 6535512,CA,0130028030025945419P,1,NA,4.134
714,1,12  2  92129341111721213113 5 8 5 5 5 4 2 5 8 8 3 91121 7 3 7 4 3 4 2 2 5 5 797 74423222211119,NA,112,121122 11 1      14321111144433344325465512,CA,0130028030025945419P,1,NA,8.944
714,1,12  31 233144443  42313333398 898 79898 8 8989898982  8  9797979797979797979797974441333311116,NA,2,999999 99 1      142111111444444441 6327542,CA,0130028030025945419P,1,NA,1.214
714,1,22  2  2312243311 422223232 7 8 5 1 3 5 5 7 5 8 5 42  2   5 3 4 5 2 1 1 4 5 8 59721131122332,NA,1 4,121112 11 1      4 222211223441344124754512,CA,0130028030025945419P,1,NA,6.904
714,1,22  3213222244411 423332333 5 8 810 8 9 8 5 5 9 9 52  1 4 5 8 710 6 8 9 5 8 8 8 511122222222,NA,1 4,191111 11 1      244222122411333132 14912111,CA,0130028030025945419P,1,NA,15.934
714,1,19  2  991111119 17911881189898989898989898989898982  2   1 5 1 1 1 1 1 1 1 1 1 144433331331 8,NA,9,211111 11 2      14111111143444444427329522,CA,0130028030025945419P,1,NA,1.004
714,1,11  2  13119291111333223132 4 2 5 8 4 5 7 6 6 3 3 22  198 4 7 2 7 6 3 7 6 6 4 3 234431311331 7,NA,1 4,211212111 19     142111111444444441253755111,CA,0130028030025945419P,1,NA,8.764
714,1,21  2  2311224412 423333133 5 6 6 5 5 5 6 7 7 8 5 81101 4 2 7 4 2 297 2 5 6 8979744411221112,NA,2,221121111 11 4321211111111444324442273875211,CA,0130028030025945419P,1,NA,1.274
714,1,12  322,NA,NA,999999 999                          524 53,CA,0130028030025945419P,1,NA,1.454
714,1,12  2  2331111112 921112121 8 898 8 7 89898 8 998 81 42   2 7 2 1 2 2 2 2 5 7 5 544423333332,NA,1 4,121111 11 1      132111111444414443252445111,CA,0130028030025945419P,1,NA,6.154
714,1,11  2  2312923211 423223332 8 4 5 1 8 3 1 1 5 4 2 21101 4 3 5 4 6 3 3 3 4 4 6 2 41112131333112,NA,1 8,111111111 22     131111111444114341265065111,CA,0130028030025945419P,1,NA,5.674
714,1,12  1  13222222111432223322 4 8 1 5 297 4 1 1 1 3 12  11297 598 5 3 7 398989898 511111311312,NA,110,221111 11 2      3 1111121221214341157575111,CA,0130028030025945419P,1,NA,5.704
714,1,21  1  231322241117228828381010 8 6 79898 7 9 9 6 41 911297979797979797979797979732221121111 3 4,2,9,111111122 11 3333112111111444424441263855111,CA,0130028030025945419P,1,NA,4.004
714,1,21  1  11114333111722323323 7 7 3 4 49797 7 4 4 5 32  112 7 597 5 5 3 5 5 3 3 5 311311333311 3,NA,1 9,999999999 111213111111111144411224226365512,CA,0130028030025945419P,1,NA,4.004
714,1,22  1  22222222111332822828 598 5 198 1 598 1 6 5 12  1 49898989898 5989898 1989844499999992,NA,1 4,221112 11 2      3 222211944411444125674512,CA,0130028030025945419P,1,NA,6.664
714,1,22  2  231222239  423823323 3 9 2 2 7 5 4 1 5 5 4 41 9196 6 7 2 3 2 297 5 6 6 4 542121122122,NA,2,211222 11 2      14199999944241444325516512,CA,0130028030025945419P,1,NA,7.044
715,1,21  1  13114315121722333133 8 5 197 8979797 8 8 8 88  8  9897 197 1979797979797972482123319111,NA,1 4 2,121222111 211112113211111133113434326389519,WI,315065658070    543C,1,NA,11.512
715,1,12  1  212291113  292333333 897 1 197 1 9 9 5 5 9972  11297 897 5 897 1 8 8 8 8 544411112912,NA,2,222222 2222      3 4111111444444441226125112,WI,115132705136    533C,1,NA,25.002
715,1,22  2  931124553 96         7 6 7 3 7 8 5 9 8 6 6 51 81 4 4 9 3 6 697 2 597 897 433321132121 8,NA,2,112212 22 1      4 2111111444334443275255111,WI,1070136130145120313C,1,NA,11.932
715,1,22  2  21222224131622222323 310 39898 1 1 5 4 2 4 11 21 910971010 9109798 497979711111111132,NA,116,211121 11 1      11212111244441444923618512,WI,1151327051368940233C,1,NA,21.222
715,1,22  1  13122444131633333133 5 5 3 1 3 5 3 3 5 5 7 71121 49797 4 597979797979797 54442122211112,NA,2,221112 21 1      14311111144434344324383512,WI,1171267021302290333C,1,NA,17.032
715,1,12  1  211222223  933322222 297 8 8 7 410 210 5 5 21121 7 1 1 3 1 5 8 8 1 5 5 5 322821113112,NA,2,222222 2222      11322222242421444223383512,WI,381125676134    543C,1,NA,19.642
715,1,12  1  91222224111232323323 7 6 5 4 7 5 5 9 4 4 4 48  111 797 6 7 6 5 6 7 7 7 8 82211111331112,NA,112,111112 11 2      14311111124242344123334512,WI,1151327051368940133C,1,NA,13.722
716,1,12  2  133114443  29333311110 110101010 110101010101102   1 1 1 1 1 1 1 1 1 1 1 144433231332,NA,1 2,999999 99 1      19311111144444444325333512,NY,1390695380746840122E,1,NA,19.851
716,1,11  332,NA,NA,9999999999                          323 51,NY,1390695380746840122E,1,NA,14.161
716,3,11 41  331114443 97 33333331010 310101010 3101097971 51 3 1 1 1 1 1 1 1 1 1 1 1 144421111111 5,NA,1 7,122121121 11183311421111114444334421432 44,NY,1390695380746840122E,1,1,1.121
716,1,11  1  1311444413 823323333 7 6 597 797 897 8 897 81121 797 6 4 4 6 7 3 597 397 644431333322,NA,112,111212111 1112131112111111444334441263755111,NY,1390695380746840122E,1,NA,17.241
716,1,12  1  2112333212 93222212397 19797 1 1 6 9 5 5 5 61 21 59710 1 297 197 5 8 5979744411133211 5 8,2,2,229992 91 2      24411111144444444923501512,NY,1350385140393610132E,1,NA,21.581
716,1,22  31 9312444412 41233212397 89797 597 7 8 7 7 6 51 92   5 897 4 597 6 6 8 897 843231111132,NA,2,222222 2222      143111111444412342 3432512,NY,1390695380746840122E,1,NA,18.331
716,1,12  1  233223443  493333333 6 5 5 4 4 4 4 6 7 8 6 41101 6 4 7 5 3 4 4 6 5 6 8 5 521121122122,NA,2,222222 2222      14422222244422244125284512,NY,1350385140391280222E,1,NA,19.851
716,1,11  2  21111111121831331133 7 7 7 7 7 9 7 7 7 7 8 82  2   4 9 4 5 3 4 5 4 6 9 5 844411111122,NA,1 8,229292999 11 832113211111134422434226377312,NY,1350385140391280222E,1,NA,7.421
716,1,21  2  2111444413 923333333 8 7 7 6 6 7 7 7 7 7 7 72  2   1 8 1 1 1 1 1 1 1 1 1 124411111122,NA,2,111111111 211233113221111142232434227487522,NY,1390695380746840222E,1,NA,3.011
716,1,22  2  2311222412 422323323 69797 397 397 6 6 6 6 61962   5 5 3 4 4 4 3 6 6 7 5 544211222112,NA,2,222222 21 2      24399999941211224126459512,NY,1350385140393610232E,1,NA,12.841
716,1,21  31 921111111311211181119999999899999999999999992  1 198989898989898989898989814412311222,NA,2,229222222229     4 3111111444444442 54432412,NY,1350385140391280122E,1,NA,5.761
716,2,222 2  333244443 1133222123 797979797979797 2 297971 92   31097 497 2 7 1 5 2 5 444431122222,NA,2,222222 21 2      22311111144332344222554522,NY,1350385140391280122E,1,3,22.641
717,1,22  1  13311111191713333113 6 8 6 4 4 4 5 6 6 7 6 68  8   3 8 3 2 3 2 2 4 5 5 4 443421122232,NA,1 1,222111 11 2      244111111444334442263015111,PA,1430505770499140132E,1,NA,18.511
717,1,12  1  111134999 1191881833 59810989898 198989898988  8  979797979797 6979798989742813133212,NA,9,211912 92 2      14311111188448444427404512,PA,143050577049    532E,1,NA,17.241
717,1,22  1  931944449  6988333339797 3 397979797 3 397972  1969898 3989898 398 398 89844322223322,NA,2,222122 11 2      3 322191234442444325842512,PA,0430445660454000122E,1,NA,20.641
717,1,11  1  2312222311 932222822 198 1 198 1 1 6 1 198 12  19698989898989898989898989811111133132,NA,2,912222222 22     13322222244443444323394512,PA,0430445660453240222E,1,NA,21.131
717,1,22  2  131144343  922113131 8 8 7 8 5 8 7 8 8 897 71 62   9 6 1 2 1 2 3 2 6 497 244431313131 5,NA,1 5,111122 11 1      11111111134444444227294242,PA,0430445660453240222E,1,NA,1.421
717,1,12  1  212245553 96        971010 110 1 110 61010102  1 4 59797 89797 4 597 5 5 142133231232,NA,2,212212 21 2      14222111144442444115705512,PA,1430505770497560222E,1,NA,17.691
717,1,21  1  121124443  423333333 5 5 5 5 5 5 5 5 5 5 5 52  2   5 7 5 4 3 3 4 6 5 5 6 43481122122111 4,0,2,122122211 22     11211111111112441112448512,PA,0430445660454000222E,1,NA,23.971
717,1,11  2  223324111197 82228181010101010101010101010101982  98 6 1 998 81098101010 14113112332112,NA,2,112112212 111819111399999924214444122323519,PA,0430445660459280222E,1,NA,23.241
717,1,21  1  1112244412 493122133 5 5 5 5 5 5 5 5 5 5 5 51 91 4 4 8 8 3 89797 2 6 7 1 733433113111 7,NA,2,221112111 21 933311311111134441444323374512,PA,043044566045    522E,1,NA,18.331
717,1,11  1  212222441113333331339797979797979797979797 61 21 69797979797 29797979797 922121112122,NA,112,212222111 1112331111222222444414443234595111,PA,0430445660454000222E,1,NA,21.581
717,1,11  1  231144443  423333333 8 6 7 5 8 4 4 7 7 8 6 72  2   5 8 8 5 6 6 5 8 8 7 6 633311122322,NA,2,221112211 22     14311111144433444225323512,PA,1430505770497560222E,1,NA,19.851
717,1,12  1  23133999131733321333 5 597 3 3 3 3 4 6 6 6 62  2   5 8 3 7 5 3 6 7 6 6 6 223212121222,NA,2,121112 11 1      22322222242244344325224512,PA,140170565170    542E,1,NA,19.061
717,1,22  2  932224243 98 2822333 597 5 597 597 5979797 52  1 697979797 59797 5 5 597 531311122221 2,NA,2,212112 11 2      14311111141214224923304512,PA,0430445660453240222E,1,NA,20.691
718,1,11  2  22221111111222333283 3 4 4 3 398 1 2 2 297 11 91 9 1 1 1 1 1 1 1 1 1 1 1 122211122212,NA,112 9,999999999 12     142111111444414443255565111,NY,0090015010015600112E,1,NA,6.781
718,1,12  31 23111114131723323128 6 6 6 5 5 5 7 6 4 4 6 41 91 1 2 9 3 3 4 3 2 7 7 8 7 733432313331 7,NA,2,211122 11 2      113111111443334342 6315522,NY,0090015010015600112E,1,NA,1.001
718,1,21  2  3322444412 412333122 7 5 5 7 5 9 9 9 8 8 7 51 78   8 49797 9 5 9 9 9 9 99744411121311 8 7,NA,1 7 8,111111111 11 7131121111111444414442263145212,NY,0090015010015600112E,1,NA,1.001
718,1,22  2  12111111121238888889 5 5 5 5 5 5 5 5 5 5 5 52  110 6 6 6 6 6 6 6 8101010 544433333332,NA,2,111111 11 1      3 211111144444444222749512,NY,0090015010015600112E,1,NA,9.871
718,1,22  2  2122222412 212322323 7 6 5 4 6 3 398 5 5 5 51961 6 7 7 6 5 7 4 4 6 6 6 6 622431113321 7,NA,1 7,211111 21 1      12311111143441444223404522,NY,0090015010015600112E,1,NA,2.311
718,1,21  91 13114444191023333133 8 8 89797 8 8 8 8 8 8 81962   6 6 697 6 6 6 6 6 6 6 644811132232,NA,1 8 3,111111111 11 3339113999999444484441 7999512,NY,0090015010015600112E,1,NA,3.601
718,1,12  31 91114944121133311831 4 5 5 6 6 4 6 4 7 6 6 71988   597989898 4 5 3 4 4 5 441413113212,NA,2,222222 11 2      6 4221212432444443 52485311,NY,0090015010015600112E,1,NA,1.221
718,1,19  2  292913552 96         5 1 2 3 2 2 2 2 6 2 3 22  2   2 2 8 2 2 8 2 7 2 6 3 322322123222,NA,9,121111 22 1      11121221224211221226969512,NY,0090015010015600112E,1,NA,2.631
718,1,22  332,NA,NA,999999 999                          733 44,NY,0090015010015600112E,1,NA,1.001
718,1,21  31 2322214412 233332338 21010 21097 1 9 5 9 7 72  2  97979797979797979797979713413111111 712,NA,1 712,999999999 11 9331244111111434434442 23725211,NY,0090015010015600112E,1,NA,7.551
718,1,12  31 31111994111211838111 5 6 7 5 5 4 5 5 6 8 5 71 2196 3 7 2 3 4 4 4 3 49898 444423232112,NA,116,111111 11 1      144111111444323441 65295411,NY,0090015010015600112E,1,NA,1.131
718,3,11 11  11111111119911111111 1 1 1 1 1 1 1 1 1 1 1 11 11 1 1 1 1 1 1 1 1 1 1 1 1 111111111111 9,NA,1 8,111111111 11 1111111111111111111111112311111,NY,0090015010015600112E,1,2,4.361
718,1,22  1  2222421211 832222122 6 5 5 5 5 6 5 5 5 5 5 52  1 7 3 8 3 3 3 3 397 3 497 444421113212,NA,2,211111 11 1      11311111144434344225376522,NY,0090015010015600112E,1,NA,3.901
718,1,22  2  2311133312 822132121 5 3 2 1 8 5 1 1 1 5 5 21 91 7 1 1101010 110 110 1 1 333431213132,NA,1 7,111111 11 1      4 311111144441444325181522,NY,0090015010015600112E,1,NA,2.131
718,1,21  1  2112222211 912222222 8 1 1 2 3 1 1 2 1 1 4 11962   8 6 5 3 4 7 497 2 2 3 244412131311 7,NA,2,121111112 19     4 3111111444444442274095211,NY,0090015010015600112E,1,NA,1.001
718,1,22  1  13114444111023332333 5 5 4 4 4 7 5 6 7 5 7 71102   3 7 3 2 3 2 397 5 3 3 544432123112,NA,1 8,121111 11 1      11321122244441444126437519,NY,0090015010015600112E,1,NA,3.371
718,1,22  1  2312922211 822223188 7 4 6 5 7 6 5 7 7 697971 91 7 3 6 5 4 6 2 297 7 5 4 244421113121 5,NA,1 7,111112 11 1      21311111144421444225243522,NY,0090015010015600112E,1,NA,2.131
718,1,22  332,NA,NA,999999 999                          499 52,NY,0090015010015600112E,1,NA,2.871
718,1,11  1  2112222211 2222223229999999999999999999999992  9  97 5 1979797 1979897979711131139132,NA,112 4,211112111 21 511111222999988438444212434522,NY,0090015010015600112E,1,NA,7.781
718,1,12  31 911194223 99 322331198 598 5 598 5 5 5 5 5988  8  98989898989898989898989824413223122,NA,2,211112 11 1      292111111444244441 6258512,NY,0090015010015600112E,1,NA,4.341
718,1,22  332,NA,NA,999999 999                          543 51,NY,0090015010015600112E,1,NA,5.751
718,1,11  1  3311222211 311832811 7 79898989898 5101010101101 3 1 1 1 1 1 1 1 1 1 1 1 144111123212,NA,118,211112911 11 333319311111144414444323258522,NY,0090015010015600112E,1,NA,1.041
718,1,12  1  231344443  83123313310 5 6 5 8 710 81010 1102  2   110 1 1 1 1 110 59797 14441111111110 2,1,9,211112 11 1      13911111144442414225281522,NY,0090015010015600112E,1,NA,2.071
718,1,12  331131111111397 1111111 9 8 9 8 9 9 9 8 7 8 8 81 21 2 7 9 5 5 6 5 5 3 3 3 5 533222122211 2,NA,2,221112 11 1      232111111222313442 5334512,NY,0090015010015600112E,1,NA,5.421
718,2,122 2  222222221197 2812822101010 9 11010 510 6 7 91 48  97979797979797979797979711811113112,NA,1 9 1,211112 11 2      113111111444414442214945211,NY,0090015010015600112E,1,3,8.581
718,1,11  1  2212322411 422222321 5 8 5 1 4 1 6 8 8 8 7 51121 4101010101010 1101010101044411222321 7,NA,1 4,121121111 12     113111111444413343832762111,NY,0090015010015600112E,1,NA,2.151
718,1,21  1  2322222211 412322313 7 7 5 4 4 3 2 5 6 6 6 51 11 7 3 7 4 4 5 2 2 6 1 4 4 344421112222,NA,1 4 7,221112111 21 73334 3111111444214442133342411,NY,0090015010015600112E,1,NA,1.001
718,1,22  1  131144113  428323333 9 9 5 9 6 5 9 7 9 9 9 81 91 7 8 5 9 8 7 5 7 6 9 9 6 741113311132,NA,2,121122 21 2      14211111144444241215244242,NY,0090015010015600112E,1,NA,1.001
718,3,12 4322,NA,NA,999999 999                          329 44,NY,0090015010015600112E,1,2,1.001
718,3,11 4322,NA,NA,9999999999                          741 44,NY,0090015010015600112E,1,2,1.001
718,1,12  1  3212344412182331311397 597 19797 71010 597 11 92   197 7 1 197 1 5 1 797 131211111112,NA,2,121111 11 2      5 4111111444211142254455111,NY,0090015010015600112E,1,NA,7.401
718,2,212 31 2321244411 423123133 399 1 1 1 7 2 5 4 2 1 18  1 6 3 2 2 1 8 4 2 5 3 3 3 313231111312,NA,1 5,229192121 29     192111111424424242 65515211,NY,0090015010015600112E,1,3,1.511
718,1,12  333,NA,NA,999999 999                          318 52,NY,0090015010015600112E,1,NA,1.001
718,1,21  31 393212231197 2222122 5 5 5 5 598 5 5 5 5 5 52  2   610 5 59898 5 9 6 5 6 611321123112,NA,2,122221211 2112333214221199444443442 1469542,NY,0090015010015600112E,1,NA,1.601
718,1,12  1  9311422411 491323333979797 897979797979797972  2   7979710979797 910 797 944433323322,NA,9,222222 21 2      241111111444414443221972411,NY,0090015010015600112E,1,NA,1.031
718,1,22  1  299994411297 2888123 5 5 5 5 5 5 5 5 5 5 5 42  8   4 7 4 3 4 6 4 5 5 5 5 52422111122118,NA,9,111112 11 9      3 411111144443444213642522,NY,0090015010015600112E,1,NA,4.281
718,3,11 131 331111999  498331118971097 31097 5109797 5971992  9898 39898 598989898979884411139332,NA,2,111112121 92     193222222444114449 2393142,NY,0090015010015600112E,1,2,3.481
718,1,22  332,NA,NA,999999 999                          333 54,NY,0090015010015600112E,1,NA,1.331
718,1,22  2  332222222  89222322310 1 5 89898 598 19898 12  1 7 4 4 1 1 1 1 1 3 91098 214421132211 7,NA,2,999999 99 1      12422112243431223225324522,NY,0090015010015600112E,1,NA,3.331
718,1,22  31 2112144411113111231397 5 1 197 19710 5 5 7 11962  97979797979797979797979744221123112,NA,1 9,121112 21 1      3 4111111444424443 3809512,NY,0090015010015600112E,1,NA,5.841
718,3,21 1322,NA,NA,9999999999                          133 14,NY,0090015010015600112E,1,3,3.751
718,1,21  1  2132942311 923222183 99797 89797 9 89797 8 81 12   110 1 1 1 1 1 199 1 1 143411113212,NA,1 8 1,121122111 21 333114311111144441444325304522,NY,0090015010015600112E,1,NA,3.331
718,1,12  2  991111443 1138318133 6 3 6 6 5 3 4 6 5 6 6 61122   8 6 5 5 5 5 6 6 5 5 5 544332923132,NA,9,121111 11 2      3 3999999444383342827215111,NY,0090015010015600112E,1,NA,8.601
718,1,11  1  331111553 96         9 9 8 8 9 8 9 6 9 9 7 72  2   5 8 5 6 8 6 4 6 6 6 7 611112223212,NA,2,221112111 211031311211111144331334226366442,NY,0090015010015600112E,1,NA,1.001
718,1,21  31 131244443  73322232397 397 4 4 49797979797972  2   5 497 4 4 3 3 3 497979744411133112,NA,2,211112111 12     112111111444414442 5484422,NY,0090015010015600112E,1,NA,2.661
718,1,21  1  2932333312 812222138 1 1 1 1 1 1 1 1 1 1 1 18  8   110 1 1 1 1 19710 597 511411111112,NA,9,111111111 111829914299999941441444226414992,NY,0090015010015600112E,1,NA,2.991
718,1,22  2  2111122211113282811197 5 5 6 5 9 7 7 7 7 9 51 91 2 7 8 5 7 6 5 7 8 897 8 533122233312,NA,1 9 8,121112 11 1      3 1999999444424442256765111,NY,0090015010015600112E,1,NA,5.631
718,1,22  31 11114334121728138388979797 597 9 597 7 9 9 81968  981098 298 7 49898 7 7 722219193212,NA,1 3,291121 11 1      3 2111111424414442 66055112,NY,0090015010015600112E,1,NA,3.031
718,1,22  2  1311444412 923333333 7 8 7 7 7 7 7 8 7 7 7 72  2   5 9 6 3 4 3 3 6 910 5 532332133331 3,NA,1 2,111111 11 1      112111111444443442152145111,NY,0090015010015600112E,1,NA,6.251
718,3,12 4332,NA,NA,999999 999                          218 44,NY,0090015010015600112E,1,3,1.631
718,1,21  31 13194444121533323332 7 998 6 7 8 8 8 8 9 8 71 91 5 7 8 7 5 6 8 7 4 4 4 4 533332222112,NA,2,111111111 1111333143121112333314333 6424442,NY,0090015010015600112E,1,NA,1.001
718,1,22  1  932122221198 3332323 7 7 7 7 7 7 7 7 7 7 7 61 92   6 3 2 2 6 2 2 3 5 5 5 222431132111 7,NA,9,111111 11 1      11211111144442444225404522,NY,0090015010015600112E,1,NA,3.901
718,1,12  1  2321443411 423112332 5 8 1 5 6 6 4 6 7 8 6 52  2  10 9 6 9 8 7 8 7 7 8 8 744421323232,NA,2,221111 11 2      22311911134444444322202242,NY,0090015010015600112E,1,NA,1.031
718,1,12  2  2311944411 933333133 5 3 5 4 5 5 898989898981 52   4 8 3 3 3 3 2 4 8 8 6 544493233331 7,NA,1 5,111111 11 1      14311111144433444215213522,NY,0090015010015600112E,1,NA,1.391
718,3,21 11  222211551296         6 7 2 5 2 6 1 2 6 2 6 12  8   2 7 2 6 6 6 2 8 8 1 8 131219112311 4,NA,2,111212221 91 412311421112233111143112332142,NY,0090015010015600112E,1,3,3.751
718,1,22  31 221144443 1833332323 8 7 7 1 5 3 8 3 4 2 4 11 91 3 7 5 5 3 5 1 4 4 6 6 1 533411131232,NA,2,211122 11 1      113111111431113332 5263522,NY,0090015010015600112E,1,NA,3.331
718,1,12  31 3112111111 921233111 8 697 8 8 8 8101010 8101 71 9 110 7 1 1 1 1 5 8 9 1 944411111111 6,NA,1 6 7,111111 11 1      111111111444414444 75475111,NY,0090015010015600112E,1,NA,4.791
718,1,22  1  13322222111712222222 7 5 2 5 4 4 7 4 4 4 4 42  196 5 4 3 2 3 2 5 3 5 597 224211122112,NA,1 8,211112 11 1      21411111144442444222332512,NY,0090015010015600112E,1,NA,7.811
718,1,12  1  1322922211 832823323 810 5 810 2 1 5 8 8 7 52  1 7 797 8 797 6 2 8 7 797 724411113111 5,NA,2,222122 22 2      4 211111144442414223233522,NY,0090015010015600112E,1,NA,1.001
718,1,22  31 931999999  293281188 2 8 4 3 398 4 6 898 7 31 91 597979797979797979797979738113333111 2,NA,1 2,999999 99 1      142291911342434449 6355512,NY,0090015010015600112E,1,NA,3.371
718,1,22  1  23331111111191188113 9 7 8 8 5 210 6 8 7 7 81 18   9 6 7 9 6 5 9 7 5 5 7 844411111111 1 9,7,2,222922 22 2      133111111444414343152465211,NY,0090015010015600112E,1,NA,2.131
718,1,12  31 1113244312 423223313 6 5 1 1 8 3 2 5 7 7 5 41 92   4 8 1 2 3 1 2 3 6 5 2 224421122122,NA,2,121111 11 2      6 3111111444212242 53634411,NY,0090015010015600112E,1,NA,1.631
718,1,22  332,NA,NA,999999 999                          518 52,NY,0090015010015600112E,1,NA,2.131
718,1,22  322,NA,NA,999999 999                          524 53,NY,0090015010015600112E,1,NA,1.481
718,3,12 22  3313333311 823222111 2 5 2 5 6 6 5 2 2 2 2 22  2   4 6 3 1 197 1 3 4 597 244413111111 7,NA,1 7,111111 11 1      14311122233333333225443242,NY,0090015010015600112E,1,2,1.631
718,1,21  2  12112222111132222323 7 7 4 4 5 4 7 5 3 6 6 62  1 4 8 7 4 4 797 6979797 7 713411112112,NA,1 9,112212111 11 9321113111111444414441264755111,NY,0090015010015600112E,1,NA,3.491
718,1,21  2  2123144211 713333333 4 9 5 5 5 110 4 5 5 5 58  1 4 5 9 8 2 8 1 1 2 2 2 2 113111111221 7,NA,9,121112211 11 71114 311111144441441223589522,NY,0090015010015600112E,1,NA,4.281
718,1,12  31 931199999  5233833339798979898979798989897978  1 4 397 6 2 397 2 39797 4 544399333392,NA,9,122222 22 2      3 9222922414314442 6809512,NY,0090015010015600112E,1,NA,2.631
718,1,12  2  322244143  83313311197 79710 7 6 4 8 79797 72  2  97 7 3 4 4 5 3 697 7979744433113312,NA,9,119111 19 1      11311111144442444215375442,NY,0090015010015600112E,1,NA,1.631
718,1,22  322,NA,NA,999999 999                          347 53,NY,0090015010015600112E,1,NA,1.221
718,2,212 1  11111414111531333133 7 9 798 7 5 1 51097 8 88  1 7 1 3 798 1 19898 5 5 3 234413333312,NA,1 7,111112111 19     21311111144424444223604522,NY,0090015010015600112E,1,3,5.331
718,1,12  2  111124443 99 3333333 4 2 6 8 6 7 9 5 8 4 3 91 91 7 4 397 797 6 897 697 4 744431321132,NA,116,222221 22 2      3 211111144444444223668212,NY,0090015010015600112E,1,NA,4.131
718,1,22  1  1211333311 392882222 510 2 5 5 4 5 6 6 6 6 68  1 3 4 69797 497 497 5 5 5 534221122322,NA,2,222222 9292      14399999933331144213432512,NY,0090015010015600112E,1,NA,5.001
718,1,22  31 3222444411 8922232821010 1 510 510101010 9 51 71 7101010 110 7 81010 8109744413332111 7,NA,9,999999 99 2      113111121444444441 3324422,NY,0090015010015600112E,1,NA,2.781
718,1,21  1  11223223111733332133 5 5 5 3 3 5 2 1 5 5 3 51962  97 697 2 4 2 7 3 4 497 342311122212,NA,2,221112111 22     243111111444424443254762411,NY,0090015010015600112E,1,NA,1.001
718,1,12  321331111443  712321111 8 3 5 6 3 41010 91010101 7196 910 8 4 8 510101010 7 721213131122,NA,1 6,121121 11 2      4 4222222423214242 15645211,NY,0090015010015600112E,1,NA,16.491
718,1,12  1  111144443 97 33233319898989898989897979797972  2  97989898989898989898989844433333332,NA,2,122212 11 2      3 311111144444444213729512,NY,0090015010015600112E,1,NA,4.461
718,1,22  1  2333322311 22223333297 6 5 7 7 7 6 8 89797 58  8   210 3 3 598 4 6 5 7 3 333221121211 5 7,NA,116,211121 11 2      11211111144242244227336519,NY,0090015010015600112E,1,NA,5.041
718,1,22  2  932244443 10933333339898989898989898 19898102  2  10989898989898989898989834421122319,NA,2,221112 12 2      4 211111144444444923333512,NY,0090015010015600112E,1,NA,5.641
718,1,22  1  231144113 1091333133 7 8 7 7 8 7 8 7 8 8 7 72  2   4 8 4 5 6 4 5 4 6 7 6 644432233231 711,NA,116,111112 11 1      134111111444443442251955111,NY,0090015010015600112E,1,NA,6.251
718,1,22  33123123233111012222222 1 9 1 1 2 5 5 1 1 1 1 12  2   1 9 510 2 4 1 1 5 5 7 144411113131 412,NA,1 8,111112 11 2      113919199444414449 6535212,NY,0090015010015600112E,1,NA,1.301
718,3,12 12  212222241199 82282829898989898989898989898989  8   7 8 5 6 7 6 5 5 8 8 5 613423223921 7,NA,9,211221 12 1      14411111118288444213569142,NY,0090015010015600112E,1,2,1.181
718,2,122 31 931192221197 2228182 6 6 7 5989898 8 89898 78  8   5 3 298 398 5 5 49898 442811331132,NA,1 7,221122 11 2      193999999444414442 35055211,NY,0090015010015600112E,1,3,2.311
718,1,11  31 2311144411 832133111 8 7 6 4 7 5 7 8 5 5 6 71 91 7 7 6 4 5 5 6 7 6 7 6 7 834432131221 7,NA,1 7,111212121 21 71316 3111111344433442 53045211,NY,0090015010015600112E,1,NA,2.071
718,1,12  1  2122222211 422222222 11098 198 1 1 1 5 2 3982  1 4 11098 1 5 1 1 1 1 1 19811111122111 2,NA,1 9 4,999999 99 1      14222222211411441125749512,NY,0090015010015600112E,1,NA,4.821
718,1,11  1  21314292111232822223 7 6 6 6 6 5 7 6 7 7 4 42  2   4 7 4 6 6 4 5 5 7 7 5 534411112112,NA,111 4,211112911 22     143111111434114442153245211,NY,0090015010015600112E,1,NA,2.071
718,3,11 4322,NA,NA,9999999999                          242 44,NY,0090015010015600112E,1,2,3.481
718,1,21  332,NA,NA,9999999999                          535 54,NY,0090015010015600112E,1,NA,1.361
718,1,12  31 1311222212 222833323 5 8 4 59797 2 5 6 6 6 62  2   2 6 697 2 2 4 6 5 8 5 424299933112,NA,11216,222112 11 1      112999999422228441 6659512,NY,0090015010015600112E,1,NA,2.631
718,1,12  1  2312222211 522323323 598 5 2 1 5 5 5 598 7 72  1 5 7 6 3 5 1 5 5 3 5 8 5 443431333331 5 2,1,1 5,111112 11 2      131111111444414442264775111,NY,0090015010015600112E,1,NA,4.791
718,1,12  332,NA,NA,999999 999                          260 24,NY,0090015010015600112E,1,NA,4.301
718,1,11  331991194443 172333332898 6 7 59897 4 7 4 697 51961 698989898989898999898989831311393332,NA,2,211111111 11 9333112119111444444443 5357542,NY,0090015010015600112E,1,NA,1.751
718,1,12  31 339119993 97 3188181979798979798 5 597 6 6972  2   198 1 1 2 1 2 1 2 5 3 244413311121 7,NA,2,111212 22 2      119111111344414243 5389592,NY,0090015010015600112E,1,NA,6.551
718,1,12  332,NA,NA,999999 999                          645 53,NY,0090015010015600112E,1,NA,1.131
718,1,11  31 1311111112 231111111 6 6 6 6 6 6 6 6 6 6 6 61 22   1 6 1 1 6 1 6 6 1 1 1 111411112222,NA,1 9,111121111 11 2321111111111443413441 7427512,NY,0090015010015600112E,1,NA,4.701
719,1,21  1  3312224211 932222823971097 198989897979797978  1 4 3 897 197 1 597 4 697 144421131312,NA,1 4,222222111 21 492111311111184441444425455542,CO,243098752096    548M,1,NA,6.104
757,2,222 1  332144112 141133313310 19797 8 2 9 4 7 697 61 91 710 1979797971097 497979724413232231 7,NA,2,211112 11 2      143111111221422442232815211,VA,2830395440405720125E,1,3,3.433
757,2,122 2  291113143 1633333133 597 597 69710 7 5 5 3 51962   8 6 197 597 8 4 7 3 5 542811313131 7,NA,2,999999 99 2      11221111232313334226223522,VA,2830395440405720325E,1,2,1.003
757,1,22  1  233334443 1733333333 4 6 5 5 4 4 4 6 5 5 5 42  8   5 4 498 4 3 3 2 4 498 343431133232,NA,2,221111 11 2      12299999924441444223489522,VA,2830395440405720125E,1,NA,11.343
757,1,22  2  231224449 1723233313 3 7 3 1 2 2 3 5 5 7 4 41961 1 4 69797 4 4 497 7 697 523221112121 2,NA,2,121112 21 1      3 2222212444424441278055111,VA,2830395440405720125E,1,NA,11.723
757,2,112 2  131924443 98 38333331010 5 599 5 5 4 4 4 8 52  2   4 9 3 3 4 3 3 4 4 4 3 344313139132,NA,2,211122111 22     13211111144441434223414522,VA,2830395440405720325E,1,3,3.853
757,1,12  2  211234443 1323333333 7 6 5 2 6 3 2 5 5 3 3 41 21 6 5 5 5 1 2 2 1 3 3 2 2 422211113322,NA,2,121121 91 2      3 221111133421444126783512,VA,2830395440405720325E,1,NA,10.843
770,1,11  31 2312299912 922222122 3 5 6 3 3 2 2 6 7 7 3 41101 4 5 5 5 397979797 5 797 444411213122,NA,1 3,111111111 22     113111111444124443 3345512,GA,1970105240100520315E,1,NA,9.823
770,2,112 2  232242223  493332332 8 3 5 7 5 3 8 8 3 3 3 82  2   7 7 7 4 6 5 4 7 7 7 6 444422223322,NA,2,121111111 2112131112111111444414443263955211,GA,1970105240100520215E,1,3,1.243
770,2,122 2  13333499111633839333 9 5 7 4 5 4 6 5 5 7 4 42  8   2 8 4 297 3 19797 8 2 344431111132,NA,2,211212 11 1      4 111111144443444225435522,GA,1970105240100520315E,1,3,4.903
770,1,12  2  1312344413 723333333 5 6 5 5 3 2 3 5 5 5 5 52  1 6 5 5 5 5 5 5 5 5 5 5 5 522211122222,NA,2,221121 11 1      112191111444444441234755111,GA,1970105240100520315E,1,NA,14.363
770,1,11  1  231324443  423333333 5 5 5 5 5 198 5 5 598982  1 6 5 5 5 5 4 5 5 5 5 5 5 522212222222,NA,2,111112211 12     123111111222222223253355111,GA,1970105240100520335E,1,NA,19.853
770,1,21  31 131141449 1011333818 8 8 2 2 8 3 5 8 5 8 6 62  1 4 1 8 1 1 5 1 5 5 3 8 3 322221111221 1,NA,2,121112111 21 11314 2111111111144113 6364512,GA,1970105240100520315E,1,NA,8.243
770,1,22  2  1311444419 423383333 7 8 6 5 6 5 6 8 8 8 7 62  2   7 8 7 5 6 5 7 7 6 6 6 542213131122,NA,2,121112 11 1      13399919144144444125288512,GA,1970105240100520315E,1,NA,24.873
770,1,21  2  131111119  4981881881010101010971010101010102  2  101097101010971010 6971042432133332,NA,9,111199111 111813114311111144333224226434512,GA,1970105240100520315E,1,NA,8.243
770,1,12  1  1311111111 923333111 8 8 8 7 7 7 7 7 8 8 8 81121 6 8 9 8 2 2 5 2 8 8 8 8 844312133221 2,NA,1 8 9,221111 11 1      112111111322444443263675111,GA,1970105240100520215E,1,NA,11.463
770,1,21  2  11913944131111822113 5 5 39797 3 5 4 69797 31 92   398 1 398 3 4 6 6 6 59733433131132,NA,2,221211122 11 11314 4111111444312442254215211,GA,1970105240100520315E,1,NA,9.523
770,1,21  2  931244449  9233333331010101010101010101010108  8  97979797979797979797979744499999992,NA,9,999999929919     19211111144444444125409512,GA,1970105240100520315E,1,NA,14.013
770,2,222 1  292222242 13923333839797 2 5 597 9 7 4 3 4 22  1 9979797 4 3 4 4979797979733431193332,NA,9,221112 11 2      12299999933331334326393522,GA,1970105240100520315E,1,2,1.003
770,2,212 1  9331221411 9113833131010 91010 910 7 9 9 9 91102   510 7 1 5 2 2 697 9 7 744431123122,NA,2,211111111 11 519111211111144222444225345222,GA,1970105240100520315E,1,2,3.333
770,1,12  2  1211111111 421333333 5 5 4 8 810 5 51010 8 91 92   810 4 6 810 5 81010 8 844411331132,NA,2,211111 11 2      14311111144442444117557512,GA,1970105240100520315E,1,NA,8.993
770,1,12  332,NA,NA,999999 999                          822 14,GA,1970105240100520315E,1,NA,1.003
770,1,12  2  223322231297 3311312 1 2 1 4 1 1 2 2 2 2 4 39  1 1 1 1 1 1 1 1 3 2 2 2 2 121412112119,NA,118,222222 22 2      23291292224332222186961512,GA,1970105240100520215E,1,NA,6.403
770,1,22  1  212222221117222221229797 1 197 1 3 1 1 1 1 11 91 9 897 2 1 2 1 597 6 697 444411121112,NA,2,221112 11 1      24222222244444444321723522,GA,1970105240100520315E,1,NA,25.003
773,1,22  31 131111119  133833113 8 8 8 6 7 7 7 8 8 8 8 81121 4 7 7 8 7 7 8 7 7 7 7 7 733331133112,NA,1 2,211112 21 1      113111111244222242 6293512,IL,0510036020031600113C,1,NA,11.452
773,1,12  2  931199999  2238831319999999999999999999999991109   8 8 4 49998 5 3 7 798 54841212111116,NA,116,111121 11 1      14211111184442444227615512,IL,0510036020031600113C,1,NA,8.362
773,1,21  1  2322444412 923333333 1 1 1 1 1 1 1 1 1 1 1 12  2   3 3 3 2 3 2 2 2 4 5 3 422222121331 5,NA,9,999999999 22     13311111143343444225338522,IL,0510036020031600113C,1,NA,15.962
773,1,12  1  222244449 97 33333339999999999999999999999991962   597 4 4 4 7 4 4 5 797 342419313912,NA,2,211212 21 1      4 399999943423334326394512,IL,0510036020031600113C,1,NA,10.662
773,1,11  1  2312441411 932322333979797 797979797979797978  8   2 997 3 6 2 4 3 6 6 4 342411133111 4,NA,1 6,111121111 11 433313411111144444444223491522,IL,0510036020031600113C,1,NA,8.932
773,2,122 1  931299949  293338133 5 5 5 5 5 5 5 5 5 5 5 52  2   2 8 1 3 3 5 3 4 3 5 3 34443233333116,NA,116,922999 22 2      3 211111144443444325655522,IL,0510036020031600113C,1,3,8.792
801,1,22  31 1211121412 922222182 6 8 5 3 5 5 5 4 5 697 41 91 4 4 5 5 1 3 4 3 997 497 44211113331116,NA,116,111111 11 1      231111111444414442 5186232,UT,2910417700367160228M,1,NA,5.484
801,1,12  2  1912994113 92313318197 7 6 5 49797 6 7 897 41101 497 6 6 3 39797 4 5 7 4 442421223312,NA,1 2,221222 11 1      3 3111111344433433278145111,UT,2910417700367160228M,1,NA,11.374
801,1,12  2  23122444111723322332 610 3 5 6 4 5 5 2 5 5 62  1 4 5 5 3 5 5 3 5 5 5 4 5 512131123122,NA,2,212122 11 1      11311111144344444325313592,UT,2910417700367160128M,1,NA,20.814
801,1,22  1  1311455513 833333333 8 9 897 897 8 8 9 9 8 91102   6 7 6 5 7 6 7 7 8 8 7 844419122222,NA,1 4,221222 11 1      23211111143432344123189532,UT,2910417700366520138M,1,NA,5.344
801,1,21  1  2111244411 42331333397 8 5 4 5989797 5 5 6 52  2   5 7 5 7 5 1 197 4 6 4 544111333312,NA,2,121122211 22     21221111144441444115654512,UT,2910417700367160128M,1,NA,24.424
801,1,12  1  1311111113 421133111 7 6 6 6 7 6 6 8 9 8 8 62  2   4 6 4 3 5 49797 6 4 4 344432121122,NA,1 9,122111 11 1      14211111133343334117276512,UT,2910417700367160128M,1,NA,18.874
802,1,21  2  2331444413 933333333 5 5 5 5 5 5 5 5 5 5 5 52  2   2 6 5 5 597 6 5 5 5 2 244411323132,NA,112,221122111 12     193111111444434443263325111,VT,151093523091    531E,1,NA,18.511
802,1,12  2  211222241117232223331010 1 11098 110 1 1 1 12  112 110 1 1 110 1 11010 1 111131123222,NA,1 2,121112 11 2      142111111244214442223745111,VT,1510935230911303131E,1,NA,25.001
802,1,12  1  232234443 97 3333333 710 5 4 7 4 6 7 9 9 6 71 91 4 2 8 1 298 39797 7 7 1974343113333110,NA,2,222122 22 1      14211111143431344323215512,VT,151093523091    531E,1,NA,14.161
802,1,12  1  211224441297 23333339898989898989898989898982  2  98989898989898989898989822231123122,NA,2,121112 11 2      14211111122222224423514512,VT,151093523091    541E,1,NA,21.581
803,2,122 2  1311444412 933222133 7 4 5 4 4 5 5 7 5 5 4 42  2   4 9 4 3 3 6 1 8 8 8 4 232111123132,NA,2,211112 11 1      132111111441424242253455211,SC,3610865460891760125E,1,3,3.843
803,1,12  1  2311911411 921831113 69797 997979797979797972  2  10 8 8 8 5 797 8 8 697 944433312112,NA,1 4,212122 21 1      11222222244134444225283512,SC,361086546089    545E,1,NA,22.393
803,1,12  1  132294949 97 333333110 9 7 110 1 1 2 1 1 5 52  19910 4 5 5 5 1 110 1 1 5 144411113112,NA,2,222122 11 2      14411111144434334322492522,SC,359139570116    545E,1,NA,25.003
803,3,12 12  212222443 1413122322 810 4 7 5 210 1 1 1 1 12  112 6 8 7 1 4 3 7 9 1 1 1 113111111122,NA,11210,221112 12 2      143111111441114442212511411,SC,361086546089    545E,1,1,3.493
803,2,222 1  331233333 97 333333310 9 8 8 91010 8 8 7 8 78  1 610 5 8 910 8 9 8 8 9 8 843413221112,NA,2,221222 22 2      4 211111144434444223352522,SC,4211115201110600325E,1,2,3.423
803,1,11  2  232222323  423323333 7 7 3 3 5 2 3 1 3 3 3 32  1 6 89797 2 6 1 1 997 7979733431193922,NA,1 210,121112111 2118131132111111444444442253055111,SC,3610865460898140235E,1,NA,22.393
803,1,22  1  292224443 97 33338389797979797979797979797972  8  99 69998 2 5 699979897984242231322118,NA,2,119221 92 1      11192129241324321186493512,SC,279030517028    545E,1,NA,14.463
803,2,222 2  932244553 96        9797979797979797979797971101 597979797979797979797979733421112122,NA,2,211112 11 2      133221111442214442236035211,SC,279030517028    545E,1,3,7.913
803,2,222 1  311194443  4933333331010 110101010 2101010101102   8 8 8 8 8 1 8 8 8 8 8 844433133332,NA,2,212112 91 1      23211111144444444925198522,SC,361086546089    535E,1,3,3.943
803,1,22  2  2122249211 732223332 1 1 5 8 5 1 1 5 1 1 1 12  1 6 1 1 5 8 5 1 5 5 5 5 1 112311113112,NA,9,122122 11 2      3 4222222444414441216325111,SC,4231055191091440325E,1,NA,25.003
803,1,12  1  233144443  938333832 810 6 7 5 7 297101010 88  8   6 9 4 5 5 6 7 8 8 710 744422222112,NA,9,211112 11 1      23221111244343444125198512,SC,4211115201110600325E,1,NA,21.483
803,2,222 1  911144443 1693333333 8979797 597 6 69797 6 58  2   2989797989797979798989833429221192,NA,2,221121 21 2      14111111122221444223444522,SC,3610865460891760125E,1,3,4.243
803,1,12  1  231144441197233333339797979798979797979798972  2  98989898989898989898989844411111122,NA,9,221122 21 2      19311111111111111223333522,SC,3610865460891760125E,1,NA,5.703
803,1,22  2  931144553 96         8 8 7 7 8 7 6 9 9 9 7 7110196 4 8 5 4 6 4 5 6 7 9 6 443421211122,NA,2,222112 22 2      14211111144433444216263512,SC,3610865460891760125E,1,NA,20.873
804,1,22  33123112322119812231213 7 7 5 5 5 598 5 9 410 51111 9 5 6 6 4 5 4 5 5 1 2 3 522411212222,NA,1 9,121112 11 1      214111111444444443 54425112,VA,2850605560596760325E,1,NA,23.753
805,1,22  31 1391944411 423111121 7 9 7 6 6 7 7 1 8 8 7 72  1 4 5 8 5 6 6 7 710 7 7 7 64342123312111 8,7,2,999999 99 1      112111111111111141 6314442,CA,0130028030020680229P,1,NA,1.934
805,1,12  1  2112421411 433232133 5 8 8 5 9 8 6 6 8 8 8 52  2   4 9 6 5 5 5 4 7 8 8 5 522412121221 5,NA,9,121111 11 1      142222121422213443262033211,CA,0130028030024480219P,1,NA,1.314
805,1,22  2  2112224411 42333333398 8 7 8 89898 8 8 8 8 88  1 498989898989798989898989842211123222,NA,9,211111 11 1      14311111144421444123614512,CA,0130028030024480219P,1,NA,7.364
805,1,22  2  2321222511 422222223 5 5 5 1 5 5 5 5 5 5 5 51 91 4 59797 3 7 59797 7 7 3 311111233132,NA,2,111121 11 2      11211111112221124123326512,CA,0130028030028735219P,1,NA,16.284
805,1,22  2  123344449 17938382289797979797979797979797971 98   1 7 6 2 6 1 2 6 7 6 6 633311133232,NA,2,222222 2291      3 322222144431444113709512,CA,0130028030028735219P,1,NA,16.854
805,1,22  1  3311444411 433833888 5 5 5 5 5 5 5 5 5 5 5 51 91 4 8 798 5 6 6 9 5 5 5 5 522212131122,NA,9,221112 11 1      3 2111111444414442236485111,CA,0130028030024480219P,1,NA,7.364
805,1,22  2  121133113  421233123 8 8 8 6 7 5 5 5 8 8 6 82  2   8 5 4 4 698 598 8 698 533422333111 3 4,2,2,211121 11 1      21211111144324444226223512,CA,0171098551157480129P,1,NA,13.454
805,1,22  2  931132343  423283383 5 5 5 5 5 5 5 5 5 5 5 52  2  97 597 49797 7 5979797 433431232322,NA,2,221121 11 1      132111111344424443174165111,CA,0171098551157480129P,1,NA,9.754
805,3,12 41  131141449  92118211397 6 6 897 79797 79797 71 41 4 7 8 7 5 4 79898 6 4 7 944422222331 4,NA,2,122121 19 2      23311111134433134122188442,CA,0171098551157480229P,1,2,2.124
805,1,11  2  111144443  423333133 7 9 7 7 7 5 5 5 7 7 9 72  2   710 4 1 4 5 6 7 5 9 5 344411332111 4,NA,1 3,111111111 11 432111111111144121434123375512,CA,0171098551157480129P,1,NA,16.644
805,1,12  2  2131222211 432222323 6 6 4 1 1 1 4 5 2 1 2 11 81 4 9 5 6 9 5 8 4 6 6 897 511111133312,NA,1 4 9,221122 21 2      3 3111221324214441177315111,CA,0731318001320680229P,1,NA,7.574
805,1,22  2  231114559 96        1010101010101010101010102  2   2 8 4 2 3 3 4 3 8 9 4 444411131131 410,3,9,221112 11 1      111111111444414242275665112,CA,0171098551157460239P,1,NA,8.734
805,1,11  332,NA,NA,9999999999                          137 14,CA,0731318001320680129P,1,NA,10.184
805,1,22  1  2311111413 42213333397 6 5 5 59797 6979797972  2  97979797979797979797979744412213232,NA,9,121111 11 2      3 111111144433444125595512,CA,0130028030024480219P,1,NA,7.104
805,1,22  2  2313333411 428283131 8 8 5 9 9979797 8 997 71 18  98 8 3 69898989898 8989844411231212,NA,1 4,211122 11 1      14311111144442444227534512,CA,0171098551157480129P,1,NA,10.104
805,1,11  1  2312223412 922223813 6 8 4 4 5 3 4 5 4 6 4 48  1 6 5 6 3 4 5 2 597 5 7 6 312111232112,NA,2,121111111 21 422114211111134421244325425512,CA,0130028030028735219P,1,NA,21.394
806,1,11  1  2122444411 411111111 8 510 5 8 41097 9 9 8 92  2   510 9 5 5 6 210101010 544411111112,NA,1 4,122121111 21 421324322222234313444221519442,TX,403128634126    547C,1,NA,4.823
806,3,12 12  131244112  923132123 8 7 6 7 7 6 5 6 7 7 6 52  1 4 5 5 4 6 7 4 5 6 6 6 5 544412111212,NA,2,111112 11 1      132111111444323442231911411,TX,4371486511474600137C,1,3,1.003
806,3,12 22  122141113  933333133 7 6 5 8 6 6 5 5 5 5 5 52  2   5 6 5 5 5 4 5 5 4 5 4 444411221212,NA,2,111121 11 1      13211111144444444223193242,TX,4371486511474600137C,1,3,1.003
806,1,21  31 213122229  5933213239797971097979797979797978  8  9898989898 198989898989844421192112,NA,2,222222922222     293222222444444442 23881411,TX,437148651147    547C,1,NA,7.393
806,1,21  2  221143349  92223332397 897 5 597 497 5 6 597111111 3 6 1 3 2 3 3 4 4 4 3 212111123111 211,NA,2,121192111 19     4 3111111444343441254245112,TX,437148651147    547C,1,NA,23.753
810,1,12  1  131141559 96        1010101010101010101010102  2   2 9 4 5 5 3 5 5 5 9 5 444411111112,NA,2,919912 99 2      111111111444424443154755111,MI,0570095050090440313E,1,NA,25.002
810,1,12  1  231114113  311333113101010 7 710 810101010101121 7 210 2 3 3 3 3 31010101044433333112,NA,9,911112 11 1      112111111444484443157395111,MI,0570095050092160313E,1,NA,16.432
810,1,12  2  2311111112 333833313 5 5 7 197 5 5 5 4 6 5 52  2   6 3 5 1 5 9 5 2 2 2 3 344411333332,NA,9,111112 11 2      113111111444221443243345111,MI,0570095050092160313E,1,NA,13.722
810,1,22  2  111134551296         4 5 3 4 3 4 3 6 4 4 3 62  2   5 6 6 4 5 4 3 7 6 6 4 632211132212,NA,116,222122 11 2      3 422222233332333324763512,MI,0570095050092160313E,1,NA,19.902
810,1,22  1  2313494412 393233133 8 8 5 8 8 8 8 8 8 8 8 81 12   9 9979797 997 7 8 8979734211122122,NA,1 3,121112 11 2      243111111342414442262915111,MI,0570095050092160313E,1,NA,17.192
810,1,12  2  131199999 97 8888888 9 9 9 9 9 9 9 9 9 9 9 92  1 4 8 8 2 2 3 3 2 6 8 5 5 644411131131 1 4,NA,2,221112 22 1      24311111144434444223187512,MI,0570095050092160313E,1,NA,13.162
810,1,11  2  2122244412 312223323 5 5 3 5 5 2 4 3 2 2 7 21 91 3 5 8 2 3 5 2 5 51010 5 522422222222,NA,1 3,221112111 22     112111111141222443232121411,MI,0570095050092160313E,1,NA,1.002
810,1,12  1  292222441397 2322322 4 2 299 6 5 3 6 4 4 1 38  1 3 2 2 5 3 4 4 2 4 3 2 1 243331123231 3 2,NA,2,221221 11 2      114211111434332442253025111,MI,0570095050092160313E,1,NA,18.452
810,1,21  1  3322322412111233218810 1 5 210 2 110 1 1 1 11 11 910 1 5 1 1 1 1 6 1 1 1 511111113312,NA,1 9,211112111 11 933219322222224113228325181522,MI,0630575130622640123E,1,NA,15.342
810,2,212 1  23222344111032333333 5 1 5 1 1 1 1 5 1 1 1 11 38   110 5 1 1 1 1 1 1 1 5 548411313112,NA,2,221212211 22     4 1211111431114444233765211,MI,0570095050092160313E,1,3,5.642
810,1,22  332,NA,NA,999999 999                          630 51,MI,0570095050092160313E,1,NA,17.192
812,3,11 42  39111341131813333313 8 8 2 8 8 5 8 8 1 5 8 58  2   1 1 1 1 1 1 1 1 1 1 1 144411131112,NA,1 4,112212111 11 5132142111111344424442255044411,IN,2090475290504520323E,1,1,1.042
812,1,22  2  232199993  433233338 1 1 1 1 1 1 1 1 1 1 1 11101 6 8 8 4 5 5 5 897 8 897 544211113312,NA,2,129112 21 2      4 211111144422444323212512,IN,2090475290504520323E,1,NA,17.732
812,1,21  1  212234553  423323283 5 1 5 2 2 2 1 3 2 2 3 31 91 6 5 5 5 2 6 9 8 2 6 6 5 511111112112,NA,1 4,999999999 22     14222222233331334223354512,IN,209047529050    543E,1,NA,17.032
812,1,11  2  133941913 97 333333398 198 1 4 1 5 1 6 6 1 21101 698 3 3 5 3 3 3 3 3 3 3 324112221212,NA,2,121112211 22     11111111111141441123364512,IN,2070946490972440323C,1,NA,19.642
813,1,12  333,NA,NA,999999 999                          336 53,FL,1310165390158280115E,1,NA,3.753
813,1,12  2  231122449  99333318397 5 5 5 5 5 5 5 5 5 5 52  2   5 7 2 3 597 7 3 4 497 444421333321 716,NA,2,911992 91 2      234111111444344441242115111,FL,1310165390158280115E,1,NA,15.973
813,1,21  1  221111432  423211122 7 3 1 1 6 2 8 1 7 1 6 12  2   6 4 5 1 7 5 3 2 3 2 7 282122313122,NA,2,112111911 12     13112222131141431116599512,FL,1310165390158280215E,1,NA,8.333
813,1,22  2  231194441197 8133111 810 8 8 8 8 8 8 8 810 98  2   910 8 8 8 8 9 8 6 610 844412223222,NA,2,122222 91 1      3 2111111444414441236635112,FL,1310165390158280115E,1,NA,24.133
813,1,11  1  211144441397 1333133 7 6 6 6 6 6 6 6 6 6 6 62  2   1 9 1 1 1 1 1 1 1 1 1 144431332131 7,NA,1 716,111111111 21 8391132111111444414442234255211,FL,1310165390158280115E,1,NA,11.393
813,1,12  2  331114443 1723333333 7 8 7 8 7 7 7 7 8 8 6 82  2  9797 2 2 3 4 1 4 7 597 844321131122,NA,2,221111 11 1      11211111144443334227305512,FL,1310165390158280115E,1,NA,11.973
813,1,12  2  233122223  728822128 5 7 5 3 5 7 598989898988  1 4 5 8 3 3 5 7 7 5 7 7 5 522412223131 6,NA,1 6,911191 11 1      14211111122331324323284512,FL,1310165390158280115E,1,NA,11.073
813,1,12  2  3311111119 321831113 5 7 7 6 5 7 5 7 7 8 8 81 22   6 8 8 6 6 8 6 5 7 7 7 84443333333116,NA,116,211111 11 1      112111111444434441166075111,FL,1310165390158280115E,1,NA,10.133
813,1,12  31 322111551196         3 7 5 1 5 7 6 4 6 5 2 42  2   3 7 4 5 8 6 4 6 7 3 4 444411212211 7,NA,2,111211 12 2      213111111131121213 3365249,FL,1310165390158280115E,1,NA,3.193
813,1,22  1  2312244411 912822323 2 8 1 198 5 5 8 8 8 5 22  196 1 5 1 1 1 1 1 1 5 1989841411111122,NA,2,211122 22 2      4 422122241414344123441512,FL,1310165390158280115E,1,NA,13.753
813,1,12  1  9911111111 933333333 8 8 8 8 8 8 897 8 897 82  2  97 9 8 5 9 5 9 8 8 8 8 844431132312,NA,9,221112 11 1      13311111144443444321329512,FL,1310165390158280115E,1,NA,17.433
814,1,12  1  2933244413 322323333 998 5 799 4 8 7 9 8 9 82  1 3 8 9 6 6 899 7 7 7 7 7 83332112231111,NA,2,222122 11 2      113299999444334441233425111,PA,1471435161422360122E,1,NA,14.761
814,1,22  1  913945553 10939231121010109898979810101098982  2   5 597 598 398 5 5 598 444431123132,NA,9,211112 22 1      112111111333233341153365111,PA,0330895740928050232E,1,NA,16.551
814,1,22  1  221224443  723333333 397 3979797 3 1 1 1 1972  1 4 3 7 3 497 1 3 4 6 6979734431133112,NA,2,212122 11 1      142211111444433441144335112,PA,033089574092    542E,1,NA,18.331
814,1,11  1  2111333411 422222323 7 7 4 4 4 4 4 8 8 7 7 72  2   2 8 3 3 5 3 3 6 3 3 4 432122122222,NA,2,211112211 12     13311111122421242323372512,PA,1471435161422360122E,1,NA,21.131
815,1,22  1  111144943 1123333131 7 7 5 6 7 7 5 8 8 5 5 68  8   3 5 3 3 3 3 3 3 4 3 3 344429222222,NA,9,121112 11 1      3 211111144441244223625512,IL,1191366101356880123C,1,NA,21.222
815,1,11  1  9312244412 423332333 5 5 2 2 2 5 5 5 5 3 5 51101 4 5 6 5 2 2 6 5 4 4 2 6 524111112122,NA,2,121112111 11 4333122111111344134443234145111,IL,0510036020033740233C,1,NA,19.642
815,1,22  1  2321311111 42132333397 8 1 8 5 3 3 3 5 3 5 51 41 397 597 59797 397 2 897 813211121122,NA,9,121111 11 1      3 1111111444424443167445111,IL,0510036020031600313C,1,NA,9.662
815,3,12 11  292124551396         7 8 7 7 8 6 8 6 8 8 8 68  8   6 6 7 5 5 6 5 7 7 1 7 64231222922118,NA,118,221221 22 2      12311922232211312313392142,IL,0510036020031600313C,1,1,1.482
815,1,12  1  111111111199 1111111 4 7 5 1 5 5 5 5 5 5 5 51 11 6 5 5 5 5 5 5 5 5 5 5 5 544433333332,NA,2,111111 11 1      11111111224131331127426522,IL,0510036020033740133C,1,NA,7.182
816,3,21 2331331315421197 3811132 1 4 4 2 8 6 8 6 1 6 2 41988   1 6 6 1 7 7 1 5 7 3 8 83811133311118,NA,2,122211212 22     223922222888182111 5412242,MO,227159717158    544C,1,1,1.912
816,1,11  1  239999999  7988888889898989898989898989898988  8  98989898989898989898989848431313312,NA,2,222222222212     11322222244443484923333512,MO,1591936381937000134C,1,NA,13.722
816,1,22  1  232234443  423333333979797 8979797 8 89797 81122   5 997 29797 5 5 5 597 244221122212,NA,2,219212 22 2      133111111442411343273025111,MO,157028616032    544C,1,NA,17.192
816,1,11  2  122243443 1723333333 5 6 5 4 5 4 4 6 5 5 5 52  1 4 8 6 8 7 6 7 7 5 6 6 6 622211112212,NA,2,222112111 19     11222222233441424423445512,MO,1570286160323760224C,1,NA,19.642
817,3,11 431 2111444411 9232321221010101010101010101010101 92  1010101010101010101010104443333333110,NA,2,999999999 22     112111111444441442 3323422,TX,1090086230082800117C,1,2,1.613
817,1,21  1  221141459  921233118 7 7 6 6 797 7 7 7 8 9 82  2   4 8 4 5 4 4 4 5 6 697 644411111222,NA,2,221112111 1112131143111111444344441254035111,TX,1090086230082800117C,1,NA,15.813
817,1,12  2  2312214411 521322813 198 5 3 5 5 7 31010 3981 91 4 41097 5 3 5 7 51010 4 543111123311 5,NA,2,999999 99 2      3 122111233444844127659592,TX,1090086230082800317C,1,NA,9.603
817,1,21  31 999999949 98 3883338 7 897 51098 8 7 8 810 98  196 5 1 4 398 398 5 7 7 5 648499999992,NA,9,229919911 19     4 9191191833138343 2333539,TX,2050966250943810137C,1,NA,5.073
817,2,122 2  23114144131723133311 998989898989898989898102  2   1 8 1 8 5 3 5 7 3 8 5 644421313331 411,NA,2,999999 99 2      11211111144443444323395522,TX,2050966250943810137C,1,2,3.093
817,1,12  1  232922553 96         4 2 7 7 6 4 5 8 7 6 4 51 11 2 1 8 6 2 3 5 6 7 7 8 5 712321112111 4,NA,2,221111 11 1      11211111144444444326243522,TX,1090086230082800117C,1,NA,1.613
817,2,112 1  2232143412 312331333 4 6 5 5979797 6 6 6 6 61 9196 1 1 3 5 3 5 5 5 6 6 6 62221111331116,NA,2,211112111 11 3131233191111424214242234225211,TX,2050966250948800137C,1,2,3.093
817,1,22  1  131111552 96         5 5 5 5 5 5 5 5 5 5 5 52  2   3 5 3 3 3 5 3 3 3 3 3 344222122222,NA,2,122112 11 2      4 211111144444444325211512,TX,4051356271439080137C,1,NA,25.003
817,1,22  1  2113222212 422222122 3 5 3 3 3 3 3 3 2 2 1 32  1 8 1 5 1 19898 1989898989811111113112,NA,2,221112 11 2      3 322222244411344925809512,TX,2050966250943810137C,1,NA,15.493
817,2,112 2  931144443  993333333 6 5 1 6 210 4 5 7 7 3 31 9199 6 6 1 1 4 1 4 3 1 5 6 244431212112,NA,2,121112211 22     13322212241111341113253522,TX,2050966250948800137C,1,2,1.553
817,3,12 11  222222949  4938323821010101010101010101010108  2  98989898989898989898989833411121132,NA,9,222912 99 2      4 311111144442444223528122,TX,2050966250948800237C,1,1,4.633
817,1,22  1  21222222121192223332 298 4 1 3 1 4 2 2 1 2 12  1 697979797979797979797979711111111112,NA,2,221191 11 2      24222222211411412223605512,TX,2050966250948800237C,1,NA,25.003
818,1,22  1  3311111311 2221311239797 41010 7 7 8 8 8 7 51 48   7 7 4 7 3 49797 7 798 544421121121 4 5,6,1 3,121111 11 1      111221112444434441274065111,CA,0130028030024480219P,1,NA,4.004
818,1,22  1  12333233121711233312 8 6 6 3 4 6 6 6 8 5 7 61121 4 7 7 3 7 9 8 9 4 7 8 7 431421121232,NA,112,111121 11 1      11311111134342444127435512,CA,0130028030024480219P,1,NA,4.004
818,1,22  2  13111411111113333333 5 5 5 5 5 5 5 5 5 5 5 52  2   5 5 5 5 5 5 5 5 5 5 5 533312123322,NA,112,121121 11 2      14311111144442434213506112,CA,0130028030024480219P,1,NA,6.454
818,1,22  1  21223333119728222322 5 5 5 5 5 5 5 5 5 5 5 5198110 6 5 5 6 5 5 5 6 6 6 6 633321112322,NA,2,111121 11 1      3 211111144324444123741512,CA,0130028030024480219P,1,NA,6.904
818,1,22  1  1311211111 933123122 5 597 3 697 5 5 6 6 6 62  8   3 7 3 2 3 3 3 5 5 5 5 44142112222116,NA,116,111222 11 1      11411111144441334324264512,CA,0130028030024480219P,1,NA,6.674
818,1,21  2  33111111111813333311 9 7 8 9 910 8 9 8 8 8 82  2   4 9 2 197 7 5 4 7 7 7 544413113321 6 8,4,2,999999999 19     13211111144343444325374522,CA,0130028030024480219P,1,NA,5.464
818,1,21  2  231144443  423333333 798 6 8 79898 5 898 5982  2   5 797 49797 59797 6979744411132122,NA,1 8,221292111 22     112111111444424442252945411,CA,0130028030024480219P,1,NA,1.904
818,1,12  1  13114144111723331818 5 5 1 7 6 2 8 3 1 2 5 21 4112 3 8 1 5 5 1 5 3 3 3 5 324411333132,NA,116,211111 11 2      11111111144433444126345512,CA,0130028030024480219P,1,NA,5.154
818,1,22  31 211111113 172333333310 8 6 6 6 79798 6 7 7 71101 49797979797979797979797974443333333112,NA,112,999999 99 1      142111111444313441 5417532,CA,0130028030024480219P,1,NA,1.614
818,1,12  31 2311131113 923233111 8 8 5 7 5 5 6 5 8 8 5 81121 4 4 7 3 5 3 3 3 5 4 7 5 64341211221112,NA,118,111111 11 1      113111111333324332 62535311,CA,0130028030024480219P,1,NA,1.214
818,3,12 12  919149443 97 3232123 7 5 510 6 698 4 3 4 6 51108   3 7 4 3 3989798 2 5989824431111121 4,NA,2,999999 99 1      4 311111144144424213188149,CA,0130028030024480219P,1,3,1.124
818,1,12  2  991141111198 33331331010 5 7 79898 41010 3 5110196 7 3 598 59898 3 7 7 5 544433333332,NA,1 4,999999 99 1      3 311111134444444923654432,CA,0130028030024480219P,1,NA,1.994
818,1,11  31 2311422412 423222321 4 5 2 3 49797 5 5 5 6 48  196 2 7 2 2 2 3 3 4 4 4 4 322321222211 911,2,9,111111111 1118313143111111434424441 6459512,CA,0130028030024480219P,1,NA,5.674
818,1,11  1  2912223311 22222323297 8 1 2 2979797 597 5 51121 4 1 8 1 2 2 4 5 5 4 8 5 741321213211 3,NA,1 3 4,121121111 21 433313311111144441444126335512,CA,0130028030024480219P,1,NA,5.154
818,1,12  2  231211113 98 1832133 3 5 210 9 6 6 3 1 2 1 11 4112 8 9 4 1 3 7 4 2 2 3 1 211232123122,NA,1 4,112121 11 2      4 211111122122212313186142,CA,0130028030024480219P,1,NA,1.004
818,1,12  1  131113113 97 1133313 8 7 8 9 9109710 1 9 8 82  1 297 9 1 5 5 4 4 6 5 3 3 34441112111112,NA,2,211111 11 1      112111111444324442263675111,CA,0130028030024480219P,1,NA,5.554
818,1,12  1  1311133113 421223113 5 9 7 7 7 7 5 9 8 9 8 61 41 4 7 8 1 2 4 2 2 5 7 9 6 733211131321 4,NA,1 4,211122 11 1      132111111243213333252514111,CA,0130028030024480219P,1,NA,5.994
818,1,22  2  1313999413 9332331321010101010101010101010102  2  9797979797979797979797974441132222112 5,2,1 211,111112 29 1      223111111444424441236795111,CA,0130028030024480219P,1,NA,6.904
818,1,12  31 231214143  931331333 7 7 5 8 6 7 4 5 8 8 6 81108   7 8 7 8 8 6 6 7 7 6 5 534333133211 4,NA,2,111222 11 1      212111111243433442 2999142,CA,0130028030024480219P,1,NA,3.244
818,1,12  1  233122333 1731333333 1 1 2 2 4 3 1 4 1 1 1 22  110 1 398 1 29898 1 1 1 29822211191112,NA,2,222222 2222      3 211211183411424323663512,CA,0130028030024480219P,1,NA,5.284
818,1,11  31 212312443 1133333332 2 1 29910 3 4 4 3 5 7 91 4112 8 9 1 1 197 197 110 5 544412313111 4,NA,2,111111211 12     131111111214444441 6375142,CA,0130028030024480219P,1,NA,1.004
818,1,12  2  2312129311 422322123 6 3 5 3 6 3 5 4 7 8 5 52  2   3 5 3 2 5 5 597 6 697 744412333332,NA,1 4,211111 11 2      113111111444414443232755211,CA,0130028030024480219P,1,NA,1.484
818,1,12  1  2122239211 932228322 9 899 9 8 899 8 8 8 8 81 91 1 8 7 8 9 899 8 8 8 8 8 844499999992,NA,9,211111 11 2      192222222444444449232045211,CA,0130028030024480219P,1,NA,1.004
818,1,21  1  131144449  438888888 5 5 5 5 5 5 5 5 5 5 5 58  2   1 1 1 1 1 1 1 1 1 1 1 144412323132,NA,1 4,191192111 21 433329311111144433444925253112,CA,0130028030024480219P,1,NA,9.614
818,1,22  2  211222243  23222332397 1 2 1 3979797 5 597 52  1 4 8 6 6 6 697 397 8 8 7 833311112122,NA,9,121111 11 2      4 111111144423444116676512,CA,0130028030024480219P,1,NA,3.364
818,1,12  2  2322111113 921323132 5 6 4 4 4 4 4 4 4 4 5 42  2   5 5 5 5 5 5 5 5 5 5 5 51311221222112,NA,2,111111 11 1      13411111144344444323393512,CA,0130028030024480219P,1,NA,6.824
818,1,12  1  991144443  223833131 8 8 6 8 8 8 898 6 6 8 82  2   6 9 3 3 397 4 5 5 697 544411112222,NA,2,221112 11 1      14211111144443444215405442,CA,0130028030024480219P,1,NA,3.284
818,1,21  1  22124431111712112333 5 5 5 2 6 5 6 5 2 2 5 28  1 4 4 6 5 4 5 5 5 6 3 3 5 314231123212,NA,1 912,121112111 19     14211121144442344115295442,CA,0130028030024480219P,1,NA,2.274
818,3,22 12  3311492511 932333338 5 7 7 6 6 5 6 5 8 8 5 51 12   8 9 9 9 1 8 6 5 5 6 5 533231121112,NA,2,222122 22 2      24422221231231114212659112,CA,0130028030024480219P,1,2,25.004
818,1,12  2  231134129  421332128 9 9 6 9 4 810 2 1 1 7 52  11010 9 6 3 1 810 1 1 1 4 112211123211 4 7,NA,2,111112 11 1      14222222244344344325228442,CA,0130028030024480219P,1,NA,1.004
847,1,22  332,NA,NA,999999 999                          626 51,IL,0510036020031600213C,1,NA,11.452
847,1,12  2  2212234411 923323333 5 5 4 7 4 697 4 7 897 81 21 5 8 597 8 4979797 497979722111212212,NA,116,191121 11 2      3 3221111444414441257335111,IL,0510036020031600213C,1,NA,10.942
847,1,12  1  331141443  42332311398 5 3 8979798 7 3 5 7981 4110 5 5 1 3 397 5 3 3 597 344312211321 4,NA,2,111112 11 1      11211111134343444324266512,IL,0510036020031600313C,1,NA,9.132
847,1,21  1  22113444131423333333 7 6 3 4 6 2 5 8 6 6 6 32  1 4 6 7 597 697 5 5 3 3989833211111222,NA,2,221111111 22     4 1111111444312443233095111,IL,0510036020031600313C,1,NA,12.792
847,1,22  1  132211551196         7 1 2 1 7 8 8 6 1 6 2 71 58   7 5 6 3 1 8 2 2 1 2 2 43241921311118,NA,2,212292 22 1      3 2222222314234131245235112,IL,0510036020031600213C,1,NA,11.752
847,3,11 11  2112114411 4232838889798979797979797979797972  2   3 997 397979797 3 9 3 344411123112,NA,2,222112111 29     4 3111111444333443134351411,IL,0510036020031600313C,1,2,1.002
847,1,12  1  1192223312 922222322 2 3 3 3 2 3 2 2 2 2 3 31 21 7 3 5 4 3 4 2 2 2 3 4 3 333331223222,NA,116,111112 11 1      3 2999999444324443166865111,IL,0510036020031600213C,1,NA,5.942
847,1,21  1  2122444411 9122222839898 4 2 3 3 3 3 1 1 1 61 7196 5 6 4 1 3989798 3 5 2 541411112112,NA,9,212112111 21 432311311111144311444225374512,IL,0510036020031600313C,1,NA,13.012
847,1,11  2  2112234411 4233233339797 5 3 3 1 4 69797 6 11 8112 897 6 2 4 3 5 6 3 497 333211233122,NA,2,112111111 21 8331112999212444414441254965111,IL,0510036020031600313C,1,NA,17.152
847,2,212 1  2333444411 43332333310 8 8 8 81010 5 1 1 5 12  1 9 5 5 5 5 5 5 5 5 5 5 5 544411123311 7,NA,2,999999999 21 933311311111144441444125373522,IL,0510036020031600213C,1,2,7.702
847,1,11  321331111411297 11111111010101010101098101010102  2  9797989797979797979797974449991999110,NA,2,222222222 1110111111111111444434243 75095411,IL,0510036020031600213C,1,NA,2.572
847,1,22  1  21113334111722223123 8 8 3 3 5 7 7 5 5 6 8 52  2   8 8 1 5 5 3 6 8 6 8 6 533211122232,NA,2,211111 11 1      111111111444444442262355112,IL,0510036020031600213C,1,NA,10.572
860,1,12  31 331311111218231383131010101010101010101010101962   6 9 4 3 6 3 6 6 6 6 6 344421123222,NA,1 8 9,211122 11 1      112111111444444443 34245111,CT,0250245330273283221E,1,NA,14.061
860,1,12  2  2121111111 632333333101097 897 510 8101097102  196 1 6 9 297 3 6 1 9 997971111111111112,NA,2,111111 11 2      114111111444444443239745411,CT,0250245330273283221E,1,NA,2.581
860,1,22  1  291224443  913222333 4 6 6 5 5 4 4 5 5 5 6 68  1 4 4 5 5 497 4 4 4 4 4 5 542411121112,NA,1 2,119122 11 1      3 421222244422444222679512,CT,0250245330275523121E,1,NA,25.001
860,3,11 11  222112551296         5 5 4 6 6 7 5 5 4 6 5 32  1 9 5 4 7 7 6 5 5 8 6 6 8 622221322311 4,NA,9,111211111 11 222122211111111122212225283112,CT,0250245330273283321E,1,1,6.431
860,1,12  2  33112444111713322123 5 510 7 5 710 7 310 7 51 11 2 110 7 7 5 8 3 3 2 5 3 534432131331 7,NA,112,212122 11 2      213111111444334443152315211,CT,0250245330273283221E,1,NA,3.401
860,1,22  2  13124444121113832333 8 8 7 6 7 6 6 7 6 6 8 62  2   4 8 7 5 6 3 5 5 7 6 6 432322113211 911,NA,1 8,222122 22 2      4 311111123222334121975522,CT,0250245330275523221E,1,NA,25.001
860,3,11 22  12114444121731133133 7 7 7 5 7 5 5 8 8 898 81 91 6 7 7 7 5 7 5 5 7 8 898 844431122121 8,NA,2,111112111 11 9121132111111444444443275062111,CT,0250245330273283221E,1,1,2.391
860,1,21  2  131144443 132333333397 7 3 5 5 7 5 597 3 7 62  2   1 7 1 2 4 2 3 3 1 1 4 334221122122,NA,2,111122111 29     11211111132341344326525512,CT,0250245330273283221E,1,NA,8.541
860,1,22  1  131144443 1723333333 5 8 7 5 7 7 4 8 7 7 8 72  2  97 7 4 3 49797 7 8 8 99743422123222,NA,2,112122 11 1      11211111144441444327487512,CT,0250245330273283221E,1,NA,8.541
864,1,22  2  2122242211 492222223 897 6 297 7 797 8 9 8972  2   4 4 4 2 6 3 4 6 6 7 7 411411111312,NA,1 4,211122 11 2      4 322222211111111225534522,SC,213035567035    535E,1,NA,17.723
864,1,21  2  2232331411 4283331189898 4 598989898981098 51 91 4989898 19898 59898 898 483411123111 4,NA,9,221122111 11161314 2191111444424441123945111,SC,2130355670353160225E,1,NA,25.003
864,1,11  1  1311444412 433383133 8 9 8 9 8 8 8 8 8 9 8 82  2   5 7 6 4 5 3 797 7 8 4 333321233332,NA,2,221122911 29     143222222232322341233525111,SC,2130355670353160125E,1,NA,23.823
864,1,22  2  112222553 139333333310 4 2 3 3 2 8 5 4 2 4 22  8   2 9 5 5 6 5 7 5 5 5 5 511431122321 1,NA,2,222112 11 1      4 3111111442414442245035211,SC,2130355670353160235E,1,NA,11.343
864,1,22  2  931144443 98 8333333 5 5 5 5 5 5 5 5 5 5 5 52  2   5 5 5 5 5 5 5 5 5 5 5 544421122322,NA,2,222222 21 2      6 311111144433444323222512,SC,2130355670353160325E,1,NA,21.523
864,1,22  2  212223333  412823828 4 8 4 5 5 3 6 6 3 4 1 71101 4 29898 1 2 1 19898 4 4 211131113132,NA,2,222112 22 2      19422211144444444921551512,SC,2130355670353160345E,1,NA,25.003
903,1,12  2  1311111412 923233313 5 5 4 5 597 5979797 7 61112   5 6 4 5 5 3 49797 5 5 544411132112,NA,1 3,122112 21 1      3 1919111443424443237295111,TX,321071612077    547C,1,NA,12.303
903,1,11  1  232333331398 3332333 6 5 5 5 6 610 7 6 7 6 62  2   5 8 5 2 5 2 2 2 9 9 6 633311112211 7,NA,1 4,221112211 12     14211111144444344224279522,TX,3231127091084420137C,1,NA,5.703
903,1,12  1  2211111111 423333333 5 1 5 5 1 1 1 2 1 1 1 21 48   1 2 1 5 1 1 1 1 1 1 1 134213191312,NA,2,221122 11 1      3 3222222444444442227295111,TX,323112709108    547C,1,NA,25.003
903,2,122 1  239944449 98 3882383 59797 597979797979797978  8   1 5 3 4 3 1 1 5 6 6 3 444411991992,NA,9,299222 9912      29499999984442444212671522,TX,321071612077    547C,1,2,16.243
903,1,12  2  221113443  9212231129797 5 4 597 4 9 9 997 81 82   5 8 3 5 5 4 3 7 6 897 742221121222,NA,2,211111 11 1      3 221111144241444315714512,TX,109008623008    547C,1,NA,19.943
904,2,212 1  1211244412 433333333 6 5 4 4 4 2 2 5 5 6 4 51108   2 6 5 4 5 3 2 6 6 7 6 528811933392,NA,2,292111111 22     3 399999944441444226634522,FL,4131155301148240125E,1,2,1.813
904,2,122 1  221114443  933333333 9 8 7 9 8 610 8 8 1 7 62  2   7 6 1 6 1 1 8 5 9 9 6 744422222232,NA,2,211111 11 1      123111111444444442233145211,FL,3290235340222020125E,1,2,1.553
904,1,21  1  2321243411 31133331310 9 8 8 9 5 21010 810102  1 7 1 5 510 7 8 8 71010 7 744421113231 7,NA,2,999999999 22     14211111142442444317434522,FL,3290235340222020125E,1,NA,4.963
904,1,12  2  231224491397 33333339999999999999999999999998  8  98989898989898989898989844419133322,NA,2,922992 2921      11199911144448444123609512,FL,3350545610543600325E,1,NA,25.003
904,1,21  2  2122222211 912322313 597 8 1 5 8 5 597 5 5 51 81 4 8 597 5 5 5 8 59797 6 631411123322,NA,1 4,122222111 21 422314222222244313334223322512,FL,413115530114    545E,1,NA,23.313
904,1,21  31 132112443  723333332 8 897 797 6 6 6 7 7 7 71101 6 7 7 7 5 5 5 5 5 7 8 5 53321112212116,NA,2,111121111 12     132111111244234441 6325512,FL,4131155301148240125E,1,NA,20.873
904,1,21  2  321124443 98 3323333 1 1 5 7 3 6 1 5 1 1 4 41112   3 3 1 1 5 1 5 1 5 5 5 841422222211 5,NA,1 5,211111911 19     14122222244444444123245512,FL,3350545610543600125E,1,NA,21.523
904,1,22  1  231222433  923333333 4 697 3 3 1 1 3 4 5 2 41121 6 4 697 1 3 4 29797 6 19834211129322,NA,2,222222 91 2      3 211111144443444223533512,FL,335054561054    545E,1,NA,21.423
904,1,12  2  213324442  4333323329999999999999999999999992  1 6 1 1 1 1 1 1 1 1 1 1 1 144431333312,NA,2,222212 21 2      3 3111111444444442235415311,FL,417163656159    545C,1,NA,5.753
904,1,12  31 232223343 1322322223 5 5 5 5 5 5 5 5 5 5 5 51101 710 8 5 5 3 9 5 6 5 5 4 932431113122,NA,2,211111 11 2      113111111444444443 5544512,FL,4171636561596015135C,1,NA,25.003
906,1,12  1  212225553 98 8822882 1 8 1 3 1979797979797978  8  97989798989797989898989811131193332,NA,2,222222 2222      3 399999944444444322719512,MI,315065553176    543E,1,NA,25.002
908,1,22  1  293399449 99 88333999710971097109797979797978  8   7109797979797109797979744411111231 6 2,NA,2,222122 21 2      14211111144443444326374512,NJ,0090015010015190412E,1,NA,8.241
908,1,12  2  1112333411 422123313 5 5 5 5 5 5 5 5 5 5 5 51 91 4 5 5 5 2 4 2 2 5 8 8 2 244311132122,NA,2,111111 11 2      192111111444244441254045111,NJ,0090015010015190412E,1,NA,25.001
908,3,12 431 3311111111 531881111 8 898 8 8 8 8 8 8 8 8 88  1 6 4 9 8 4 598 5 7 8 9 7 844439193131 5,NA,1 4,111111 11 1      6 3111111212114241 73424411,NJ,0090015010015640312E,1,3,1.001
908,1,22  2  2322243411101383333210 4 1 1 1 210 6 1 1 1 11 91 4 1 1 1 1 1 2 1 1 1 1 1 113111112112,NA,2,111111 11 1      3 222212244412424224681522,NJ,0090015010015190412E,1,NA,9.151
908,1,12  1  1311444113173113111310 5 7 1 5 1 9 3 6 5 9 71101 8 1 7 8 3 5 1 7 4 2 9 5 322311133112,NA,2,211112 11 1      23211111144441424225207522,NJ,0090015010015015412E,1,NA,3.401
908,1,22  1  232224441210933333339898989898989897989898982  2  98989898989898989898989811111111112,NA,2,221222 12 2      3 211111144411444223669512,NJ,0090015010015015412E,1,NA,14.241
908,1,11  1  119111113 98 18383311010101010101010101010108  2  10101010101010101010101044499999192,NA,118,999999999 29     3 3111111444444443227595111,NJ,0090015010015190412E,1,NA,21.001
908,1,12  31 29332224111092332222 3 7 1 5 6 1 1 1 2 1 8 12  1 6 2 8 1 8 1 1 1 1 1 1 1 211421321322,NA,1 8,121111 11 1      3 2211999144424443 5759512,NJ,0090015010015190412E,1,NA,17.691
908,1,11  331333224442  432833332 7 7 5 1 7 7 7 5 1 1 7 12  1 4101010 11010 710101010 842411221222,NA,9,111122111 2111333132111111444434443 52922411,NJ,0090015010015190412E,1,NA,1.701
909,1,12  2  131114143  9233333331010101010101010101010102  2  10101010989810101010971044433333332,NA,2,222222 9212      4 911111122334444913218122,CA,0130028030026780419P,1,NA,5.224
909,3,12 12  2311414412 433113333 5 1 5 1 7 5 7 1 1 3 5 51 42   197 3 197 797 3 1 397 344211111111 410,9,1 4,291111 11 1      4 411111144444444322184142,CA,0130028030026780419P,1,3,3.314
909,1,12  1  231222333  923122122 9 9 7 4 7 9 9 7 9 9 9 91 11 4 3 6 5 9 5 7 5 4 2 2 3 642331113332,NA,1 4,121222 21 1      243111111442224242121841411,CA,0130028030026780419P,1,NA,5.154
909,1,22  31 131133443 11313331339797979797979797979797972  2  97979797979797979797979744422333332,NA,2,111111 11 1      3 3111111444444442 7679532,CA,0130028030024480219P,1,NA,1.004
909,1,21  31 111314322 97 2323283 1 2 6 2 8 2 4 2 4 2 2 79  2   2 1 6 1 7 6 3 1 5 4 2 724322232222,NA,2,929921222 92     3 1191222281128111 4465512,CA,0130028030024480219P,1,NA,6.124
909,1,12  2  939999113 97 8218188 5 7 8 7 8 8 8 6 5 7 5 58  8   5 4 5 5999797 6 4 897 538899999922,NA,2,919999 22 2      5 499999944141444222361512,CA,0130028030024480219P,1,NA,10.154
909,1,22  2  911124441199 2823113979797 997979798989898982  2   1 898 1979798 497 198 744419931912,NA,2,121111 11 1      4 311111144441444318771512,CA,0130028030026780419P,1,NA,10.044
909,3,21 42  2322224412 922223383 5 5 5 3 5 5 5 3 3 3 3 32  1 4 3 5 5 2 5 5 597 3 3 5 321211123112,NA,1 4,121121111 21 421314322111144421444425403442,CA,0130028030026780419P,1,2,3.274
909,3,12 11  231222233  932323323 2 3 3 1 2 2 2 2 2 3 2 12  1 4 2 5 2 2 2 2 2 1 1 4 2 132221313212,NA,2,121122 21 2      112111111144424441164941111,CA,0130028030026780419P,1,3,3.514
909,1,22  2  231232559 96         210 3 8 8 4 4 5 5 8 3 81 219698989898989898989898989844211139132,NA,2,222221 22 2      3 322111244421444126952512,CA,0130028030026780419P,1,NA,8.194
909,1,12  2  121144443 1713322223 8 8 7 8 697 6 797 897 42  196 3 997 1 397 6 5 6 6 2 611121111212,NA,2,222922 9922      133111111442414242134831411,CA,0130028030026780419P,1,NA,3.314
909,2,122 2  2121222411 422222223 9 6 1 4 6 2 4 3 7 5 5 42  1 4 110 1 2 4 2 4 7 8 9 5 322431111122,NA,1 4 8,999999 99 1      11311111122321444226325522,CA,0130028030026780419P,1,1,5.134
909,3,21 12  211111243 1622222113 5 4 5 6 5 3 4 7 6 5 6 61 4196 1 1 1 1 1 1 1 1 1 1 1 11111111111112,NA,2,999999999 22     4 322222233322333312511142,CA,0130028030026780419P,1,2,3.764
909,1,12  2  2922423412 432328822 797 7 697979797 8 897 81121 4 8 8 7 8 7 8 7 8 8 8 8 931111233312,NA,1 4 1,121121 92 1      11321111144441444925595512,CA,0130028030026780419P,1,NA,19.584
909,1,12  2  2221322211 423223328 5 7 2 5 6 1 2 710 9 9101101 4 2 7 1 2 5 1 5 1 710 5 142412313132,NA,1 4,211212 21 2      13211111114442444323196522,CA,0130028030026780419P,1,NA,2.394
909,1,22  1  211243443 1323323333 5 6 5 4 2 4 4 4 5 5 5 61121 4 5 5 5 5 5979797 5 597 522411223312,NA,2,211112 21 2      13211111144424444113489512,CA,0130028030026780419P,1,NA,14.964
910,2,122 1  9391999411 43822882310 5109810 51098981010101122  1010101010 510101010101023811193291 1,NA,2,999999 99 9      4 911111133333884223658522,NC,355144550154    545E,1,3,4.163
910,2,122 2  931144143  991333113 8 798 6 59898 8 79898 78  1 3 9 9 2 5 5 7 6 5 8 9 6 728233233232,NA,9,221112 11 2      143111911444434444253435211,NC,2810485180463120125E,1,3,3.843
910,1,22  1  2313224211 422323333 510 8 5 8 597 8 8 8 8 81101 497 9 7 597 5989798 8 8 842311293322,NA,1 4,122122 11 2      3 311111143313344223592512,NC,2810485180463120325E,1,NA,25.003
910,1,22  31 221144443 17933333339797979797979797979797 82  2  979797 5 1 197979710 51044812311332,NA,2,922922 91 2      143111111444444443 42125311,NC,3510325600292560125E,1,NA,5.093
910,1,12  1  2322224411 422232328 8 6 2 2 6 2 8 8 8 4 6 51 91 3 6 6 2 4 4 2 7 7 8 4 6 421411923222,NA,1 4,211192 11 1      11222222233322243323305542,NC,355144550154    545E,1,NA,3.943
910,1,22  1  2311444413 333233113 4 8 7 1 2 2 2 91010 5 41101 7 1 9 3 1 3 4 2 7 8 997 433312213112,NA,2,211111 11 1      3 322211223211434227523512,NC,3551445501549200135E,1,NA,14.463
910,1,21  1  2311144411 9233333331010 8979797 8 810 8 8972  2  97 897 497 4 1 697 5 5 244432122231 2,NA,2,222222221 22     13321111942344243323382522,NC,355144570116    535E,1,NA,12.553
910,1,22  2  23122444111792223333 8 8 5 5 598 5 5 5 5 5 52  1 6 5 5 5 5 5 5 5 5 5 5 5 528211213112,NA,112,222121 29 1      4 1111111242412241163663111,NC,2810485180463120125E,1,NA,7.183
910,1,11  2  231233443  43333331397 6 6 5 4 5 5979797 5 62  2   5 7 4 4 4 4 597 4 597 533332223322,NA,1 4,111112111 111213121211111133232334325334512,NC,3510325600292560125E,1,NA,22.393
910,1,12  1  211132223 97 11211221010 11010101010 5 5 1 12  196 1 5101010 5 110 5 110 54441113122116,NA,2,999999 99 2      112222222222322422132435112,NC,3510325600292560125E,1,NA,15.973
910,2,212 1  9331443411161883188398 898 5989898989898 3988  8   9 8 5 9 8 5 8 8 7 8 6 833311212231 8,NA,2,211112111 22     11311111142421444323434522,NC,2810485180463120125E,1,2,3.423
912,2,122 1  131141443  433333333 797 7 79797 6 6 5 6 7971122  1098 6 598 7 6 69898 79822421212222,NA,2,221212 11 1      24411111114141224225239522,GA,419154525150    545E,1,3,2.573
912,1,12  1  13114444121733333333 7 6 4 6 6 4 5 4 7 7 6 51102   6 1 3 6 6 7 8 4 3 2 3 444411111132,NA,112,221112 11 1      13311111144444444223324522,GA,425102507100    545E,1,NA,3.793
912,2,122 1  1922245511 423823333 7 5 5 5 5 1 1 7 6 6 6 51 81 6 110 8 7 5 6 2 5 5 7 5 444431112232,NA,1 4,222212 22 2      112111111344414442235255211,GA,425102507100    545E,1,2,2.763
912,1,22  2  3312344413 923883111 7 7 5 7 5 4 4 7 7 8 5 58  1 7 7 8 4 4 4 4 497 7 798 433411121212,NA,2,229121 99 1      14311111123241224425275522,GA,2191205031244680125E,1,NA,18.063
912,1,22  2  911333453 10333323139797979797 797 5 997 8108  1 597 897 5 597 9979797 9 331821132112,NA,2,221112 11 1      3 2211111424424443256535111,GA,425102507100    545E,1,NA,23.273
912,1,12  1  231111113  431123313 6 2 4 5 1 5 4 31010 8 42  1 1 1 4 4 3 2 3 3 3 6 5 4 244413131332,NA,2,211122 11 2      143111111414444443232055211,GA,2191205031244680125E,1,NA,3.853
912,1,12  1  2131344413 131133133 8 8 8 8 8 8 8 8 8 8 8 82  8   6 7 4 4 7 5 7 7 7 6 5 544411133331 1 7,NA,116,111111 11 1      11311111144443444327314522,GA,335054561054    545E,1,NA,3.603
912,1,11  2  2122222211 423222213 5 4 1 1 4 5 6 5 6 4 4 22  2   5 5 2 5 6 5 3 1 5 5 6 611111113112,NA,1 4,111122111 21 433111211111144444444223303512,GA,4251025071007520125E,1,NA,16.643
912,1,11  1  311114143  733233113 5 6 5 5 6 5 5 5 5 3 5 31 91 3 4 5 4 5 5 5 5 5 5 4 5 542422333131 9,NA,2,211112111 11 91313 3111111444444442235035111,GA,2191205031244680325E,1,NA,24.333
913,1,12  1  913314449 97 38233239999999999999999999999998  8  97979898989898989898989844419931392,NA,9,111111 11 1      3 422222244448444223819512,KS,3131376051418440134C,1,NA,15.242
913,1,22  1  111144443  423323333 5 6 4 5 3 6 4 5 6 4 6 58  8  97979797979797979797979743313123112,NA,2,222222 2222      3 321111244444444125779512,KS,313137605141    544C,1,NA,12.762
913,1,22  2  921141119 1013131111 5989898989898 8 9 998102  2   410 2 7 410 4 8 5 598 244411111312,NA,110,221119 11 2      14399999944442244325659512,KS,157028616032    544C,1,NA,19.182
913,2,222 2  131144212 98 2232111 6 6 310 7 410 8 2 5 8 82  2  10 3 7 9 7 5 7 8 6 6 2 444311222132,NA,2,221222 22 2      22311111144441441322181522,KS,1570286160323760124C,1,3,10.242
913,1,12  1  2111944411 4211231329799999999999999999999992  2   4 7 4 4 4 4 4 5 5 5 5 544311111122,NA,2,121122 11 2      13211111122222233423253512,KS,313137605141    534C,1,NA,9.132
913,1,12  1  211224443  738888888 5 8 5 5 5 7 5 5 5 5 7 38  1 6 3 7 3 5 5 7 3 5 3 5 7 344411111112,NA,2,221112 11 2      3 229211144421444127715512,KS,313137605141    544C,1,NA,8.932
914,1,22  31 991234441198 3322133 7 9 7 6 6 6 6 7 8 9 7 61 21 6 3 2 8 9 9 9 8 7 7 2 6 928211133112,NA,2,111121 11 1      4 2111111111211119 3999512,NY,0090015010015600312E,1,NA,12.941
914,1,11  1  23114444111011333313 7 8 8 7 7 5 7 7 8 8 7 72  2   5 7 2 2 5 2 5 5 7 8 7 623221223232,NA,1 8,121112111 21 8333142991999444824443275155111,NY,0090015010015660112E,1,NA,11.721
914,1,21  322,NA,NA,9999999999                          318 53,NY,0090015010015600312E,1,NA,3.001
914,1,12  2  221122221197 2233323 2 6 5 2 1 3 1 3 6 7 5 42  1 5 3 6 2 2 2 5 1 5 6 7 4 443322321312,NA,2,222121 22 2      22211111144432444327749512,NY,0090015010015600312E,1,NA,6.401
914,1,21  2  212234343 10223223331010 1 110 110 1101010101 11 8 5 5 5 5 5 5 5 5 5 5 5 543331223312,NA,2,112122111 12     11222221142241144126383512,NY,0090015010015660212E,1,NA,8.241
914,1,12  2  312223551296         1 7 1 6 6 7 1 1 6 1 7 12  1 2 9 3 1 3 3 1 7 2 7 5 7 622222213222,NA,2,292222 2222      12222122221422223225783512,NY,0090015010015600312E,1,NA,11.781
914,1,22  2  231394553 96        9710979797979797979797972  2   510 5 598979898109898 122311333232,NA,2,112112 11 2      13291111144442444117634512,NY,0090015010015660212E,1,NA,7.391
915,1,12  1  2213222412 423222323 9 6 2 2 2 1 1 1 1 5 5 11 11 4 5 6 1 1 1 1 1 1 1 6 5 133231133132,NA,2,121111 11 2      112111111444224442264545111,TX,4391526331515800137C,1,NA,13.213
915,1,21  2  231222342 97 2223323 5 5 2 1 3 2 3 7 5 5 6 72  2   398 2 5 3 2 398 5 6 4 443131233121 4,NA,2,921122111 22     11211111143442434124343512,TX,4391526331515800137C,1,NA,15.523
915,3,21 12  331111112  432111111 5 5 6 8 9 8 7 6 7 5 6 61 42   5 6 6 5 5 8 6 6 8 7 8 744411111111 4,NA,2,112112111 11 4333231121212443343343123311411,TX,3711007650992320127M,1,3,3.943
915,1,11  2  311144443 9898333138 5 6 3 4 5 3 3 7 7 5 6 51121 3 4 7 2 4 3 3 3 4 2 797 48482111111116,NA,2,999999999 12     143299999222214441264255111,TX,3711007650992320127M,1,NA,12.933
915,3,12 12  292222223  493333333 3 1 1 1 1 1 1 1 3 3 1 18  2  98989898989898989898989844411113311 5,NA,9,111111 11 2      19311111144141141213273142,TX,3711007650992320127M,1,3,1.003
915,1,12  1  131144443  42313331398 7 4 598989898 79898 72  2   3 8 3 2 3 3 3 6 6 7 6 643322122222,NA,2,221122 21 1      132111111333344331275255111,TX,439152633151    547C,1,NA,13.213
915,1,22  2  1111444413 433333333 4 5 7 6 5 5 4 4 6 6 5 51 42   5 5 5 6 5 5 4 5 5 4 4 434231113111 4,NA,2,122221 22 2      242111111444434343131814411,TX,371100765099    547M,1,NA,1.003
916,3,11 11  1111111111 211111111 1 1 1 1 1 1 1 1 1 1 1 11 11 1 1 1 1 1 1 1 1 1 1 1 1 111111111111 2,NA,1 8,111111111 11 1111111111111111111111113311111,CA,0670198620206920229P,1,3,20.484
916,1,12  1  2312242411 422223322 597 5 5 5 3 897 5 5 5 38  1 4989898 59797 3989898989842211193232,NA,2,222222 2222      3 321111144424444223559512,CA,0670198620206920229P,1,NA,18.154
916,1,22  1  9313413411 933333113 8 8 8 7 5 5 5 8 9 9 6 68  2   3 7 4 1 2 2 3 4 3 5 2 24442111322112,NA,2,111122 11 1      24311111142443344123183512,CA,089130868131    549P,1,NA,15.034
916,1,12  2  1211433411 923222121 7 7 3 7 7 7 6 8 6 6 5 51 28   8 8 3 5 6 3 7 5 5 8 5 322221111212,NA,1 2,111112 11 1      119111111444322442853225111,CA,4591168111196920329P,1,NA,15.634
916,1,12  2  912224559 96         5 198 5 1 1 1 1 1 1 1 18  1 499999999999999999999999932811113212,NA,9,229222 2229      19921911211388814928568519,CA,089130868131    549P,1,NA,17.494
916,1,21  1  1113144413 421323331 8 898 8 79898 5 8 898 52  2   7 8 2 59797 397 7 797 534311132312,NA,1 4 8,222221211 11121314 211111142232234126374512,CA,0670198620209270229P,1,NA,9.754
916,1,12  1  39132224111723233211 6 6 6 5 697 4 6 5 6 8 42  2   5 6 5 497 4 4 5 4 5 5 544831113312,NA,111,122122 11 1      3 2111111444224442136345411,CA,0670198620206920129P,1,NA,4.284
916,1,22  2  131244493 97933331339898989898989898989898988  2  98989898989898989898989844421233322,NA,9,922122 99 1      3 211111144444444225659512,CA,0670198620206920229P,1,NA,16.254
916,1,11  2  231144441198 3333332 710 210 9 8 2 4 8 810102  2   8 9 8 2 3 51010 81097 844399999991 4,NA,1 9,211111111 21 939311399999944841444127495512,CA,0670198620209270229P,1,NA,13.854
916,3,12 12  3322111411 93333333310 91010 8 5 5 81010 7101 91 1 9 5 5 8 5 5 1 1 9 9 5 944431333131 4,NA,2,122222 22 1      4 311111143444444312182142,CA,0670198620206920129P,1,2,2.124
916,1,12  2  1913322311 223233313 5 5 5 5 5 5 5 5 5 5 5 52  2   5 5 5 5 5 5 5 5 5 5 5 544423233332,NA,2,911112 11 2      241111111444444442176755111,CA,0670198620206920229P,1,NA,7.574
918,1,22  2  131144553 96         5 5 5 5 5 5 5 5 5 5 5 52  2   4 7 6 5 59797 5 5 6 5 54433112123116,NA,1 4,111111 11 1      21311111144343344125205512,OK,269059671058    547C,1,NA,25.003
918,1,22  2  231999993 97 3833333 5 8 2 4 3 3 3 4 3 6 3 52  2   6 5 2 4 4 2 3 4 4 5 3 322211113112,NA,2,211122 21 2      13111111144423334115594512,OK,2690596710588560127C,1,NA,24.843
918,1,12  1  1311444412 923333333 7 8 7 7 7 797 8 8 797972  2   4 8 4 4 5 5 3 6 7 7 6 544412223112,NA,2,221112 11 2      133111111444414449254644212,OK,2690596710588560127C,1,NA,10.193
918,1,22  1  9131944413179333111397 99797979797 6979797 82  2   2 5 1 1 1 1 19797 597 344221221122,NA,2,211122 11 1      11222211144432244323586512,OK,269059671058    547C,1,NA,25.003
919,2,222 1  1319344411 433833313 5 597 397 4 3 5 3 397 32  2   39797 3979797979797979744411313132,NA,2,211912 21 2      132111111443113442235035211,NC,3510325600296640125E,1,3,3.843
919,1,22  899,NA,NA,999999 999                          432 21,NC,3510325600296640225E,1,NA,9.933
919,1,12  2  2293349411 423332139 4 5 6 9 7 1 3 3 3 2 1 22  8   3 4 610 3 1 5 2 5 2 3 244433393132,NA,2,111122 11 1      3 329211244441444223801512,NC,3510325600296640225E,1,NA,12.303
919,1,22  2  933224443 98 3333323 2 2 2 2 2 1 1 1 2 2 2 22  2   5 5 5 5 597 5 5 5 5 5 54442323339111,NA,2,121222 11 1      3 211111144442444323623512,NC,2830395440405720345E,1,NA,25.003
919,1,11  1  9399999911 998888888 5 5 5 5979797 5989897 88  8  989898 1989898989898989888421333131 1,NA,2,221112111 11 41914 2111111444414442259995211,NC,3510325600296640125E,1,NA,14.003
919,1,11  31 333111551196         1 1 1 1 1 1 1 1 1 1 1 11 11 1 1 1 1 1 1 1 1 1 1 1 1 111111111112,NA,2,222222222221 1111111111111111111111 11911112,NC,351032560029    545E,1,NA,16.993
919,1,12  2  1111411113 421333313 79797 797979797979797972  2   79797 6 7979797979797 734323333232,NA,2,221122 11 2      3 399999944443444224684512,NC,3510325600296640225E,1,NA,12.303
919,1,12  2  3321444411 9333331331010101010 11010101010101 52   4 8 2 6 5 4 797 5 797 444332223321 4,NA,2,221122 11 1      233111111434433441262495112,NC,3510325600296640225E,1,NA,11.483
919,1,12  1  3311344411 923133321 8 7 5 5 7 4 8 5 4 998 51 51 7 6 7 6 5 5 2 5 5 3 9 4 344411132111 5,NA,2,211121 11 2      24411111144431444226243522,NC,3510325600296640125E,1,NA,1.613
919,1,12  1  2122222411 433122121 1 3 2 1 1 1 1 1 1 1 3 12  2   1 2 2 1 1 1 1 1 1 1 2 131111111112,NA,2,211122 11 2      11311111148441444313465522,NC,351032560029    545E,1,NA,10.123
919,1,22  1  2312322211 423223138 8 8 1 1 198 8 1 2 8 5 51 11 4 110 11010 1 1101010 51033421233132,NA,1 4,211121 21 1      192221112444414442252545211,NC,3510325600296640125E,1,NA,12.013
919,1,22  31 222215513 97 2888121 5 1 4 8 9 7 7 9 7 7 7 88  8   8 5 7 5 7 4 8 8 6 7 8 188333913119,NA,2,212222 22 2      121111111421433112 2462142,NC,3510325600296640125E,1,NA,4.763
941,1,22  2  1922222411 422223323 5 7 1 1 5 1 3 5 5 5 7 41 21 4 3 7 1 1 4 1 1 4 6 6 3 141111112222,NA,2,221122 21 2      112111111444444444272655111,FL,1330885710832700225E,1,NA,20.873
941,1,12  2  239133443  722223322 5 698 5 4 4 2 4 6 698 41101 6 6 598 6 5 3 3 5 7 798 543412123122,NA,2,211122 11 1      113222222143414443233025111,FL,1310165390153980225E,1,NA,16.643
941,1,22  2  331144442 1013332323 59797 397 1 3 59797 5972  2  10 5 5 597 4 89797 597 533221112112,NA,9,212112 11 2      11322222244232442123241512,FL,1310165390153980225E,1,NA,21.523
941,1,22  2  21122333121723223113 2 8 3 2 5 1 1 6 8 8 6 62  1 6 1 5 2 2 497 197 5 5 5 541211333122,NA,2,111122 11 1      141111111444444443265845111,FL,1330885710832700125E,1,NA,12.513
941,1,12  2  2212222311 422223833 498 1 6 1 5 5 3 1 1 4 22  2  979797979797 1979797979724431113312,NA,2,111111 11 2      3 322222212141444223586512,FL,133088571083    545E,1,NA,17.303
941,1,22  2  331111119 12913311339810 8 698 7 5 8 8 8 7101 22   8 5 79898 59898989898 944411112112,NA,2,129999 99 2      3 399999924421441215618512,FL,1330885710832700125E,1,NA,24.843
941,1,21  1  2222292211 792222828 597 1 5 5 1 1 1 5 5 5 52  1 6 39797 1 4 1 5 29797979722211112222,NA,9,911111111 21 4222293222292444213343233835111,FL,1310165390153980225E,1,NA,20.663
941,1,11  1  233224421197 3133133 6 610 610 6 6 6 6 6 6 62  2   1 3 3 1 1 1 1 1 198 5 344321223232,NA,1 4,999999999 19     11211111144444444322333512,FL,129045548044    545E,1,NA,17.433
941,1,21  2  911111113  8233333331010101010101010101010108  8   5 7 5 5 5 5 5 5 7 7 5 544411113112,NA,1 6 7,121121111 11 7333111111111444444441132881412,FL,1330885710835345135E,1,NA,2.343
941,1,22  1  213999423 97 88238289798989898979898989898 58  8   59898 5 4 59898989898 534811111132,NA,2,212112 11 2      4 299999944484224223465529,FL,6451535390157510125E,1,NA,11.343
954,1,22  2  2322114412 1238838331098 598 510 5 5 5 5 5 51 61 71098989898 598989898989811431133111 6,NA,2,111112 11 2      142111111444414443235085111,FL,1270155280162680115E,1,NA,14.253
954,2,122 1  9399144412 993233333 5 5 4 5 5 7 7 5 5 6 4 62  2   6 7 2 4 4 8 3 4 5 5 5 344411132312,NA,1 7 6,999999 99 2      142111111444434443234255211,FL,1270155280162680215E,1,2,3.093
954,1,21  1  112222552 96         1 8 6 1 1 7 1 2 7 7 1 72  1 1 1 4 5 3 3 3 3 2 4 2 4 332122333912,NA,9,229121292 22     3 322222232233414126339512,FL,1270155280162680215E,1,NA,13.903
954,1,21  2  112232343  722323333 5 5 3 5 5 3 5 7 7 7 7 52  2   7 7 5 5 5 3 3 7 7 7 7 533211312221 7 6,5,2,211111111 11 632313211111133333334124346512,FL,1270155280162680115E,1,NA,15.523
954,2,212 3212312244413 833223322 8 3 3 3 3 1 8 8 8 8 5 52  1 6 5 1 1 1 1 1 5 1 4 4 4 541421133232,NA,2,211112211 22     144111111444132442 4282522,FL,1270155280162680115E,1,3,3.433
954,1,12  1  3112424411 932213118 5 5 5 2 5 3 3 5 8 7 9 78  1 6 3 5 2 3 4 3 3 6 7 8 9 741333231312,NA,1 2,121112 11 1      3 211111141441444216763512,FL,1270155280162680115E,1,NA,7.213
970,1,22  2  211294449 17938333339797979797 99797979797972  2   5 8 5 3 5 5 5979710 79733431133212,NA,2,222222 2222      3 222111244442444126762512,CO,241021751018    548M,1,NA,12.304
970,1,22  2  2319222212 492228388971097 1 5979797979797978  1 4 4 7 1 598 4 3 5 7 8 8 722321113112,NA,1 4,222912 21 9      3 399292943441444123692512,CO,241021751018    548M,1,NA,16.854
970,1,21  1  2212222311 4222233229898 6 998 89898989898988  1 4 5 5 3 1 5 3 5 5 5 5 5 521211113112,NA,2,221121111 21 422224211111124223443126429512,CO,241021751018    548M,1,NA,9.754
972,1,21  2  131111113  433333333 6 6 6 6 6 6 6 6 6 6 6 62  2   4 7 5 4 5 4 5 6 6 8 4 444431323331 4 7,9,1 4,111111111 21 413113399999922222224926308522,TX,1090086230081920117C,1,NA,3.553
972,3,22 31  331133559 97 8119188 1 5 1 7 5 2 7 1 1 1 1 12  8   1 8 4 8 1 1 6 1 1 4 7 618319131231 6,NA,2,921111 92 1      13122219111814814215469312,TX,1090086230081920117C,1,2,3.903
972,1,22  1  121215141197 3313111 6 7 1 1 1 6 1 2 4 7 1 72  2   6 1 6 1 1 8 1 7 1 2 1 514313211311 7,NA,2,122121 12 2      13111111111424184213282522,TX,1090086230081920217C,1,NA,6.763
972,3,22 21  323214151198 8133111 8 7 9 1 9 1 1 1 1 8 1 11 11 598989898 198989898 9989834431931911 5,NA,2,221122 21 2      12211111144822344322519242,TX,1090086230081920217C,1,2,1.963
972,2,122 1  2132222211 92382232310 1 1 1 4 1 6 4 1 1 1 18  1 3 5 7 1 6 4 4 4 4 5 5 5 513111111111 4,NA,1 4,111111 11 1      4 422111241444444223443522,TX,1090086230081920217C,1,1,17.153
972,1,12  1  333292343 97 1228813 8 6 2 1 2 1 3 5 2 5 2 51 92   6 2 5 8 6 2 5 1 1 2 8 214322121211 9,NA,2,922211 11 1      3 192111221122112114589512,TX,1090086230081920317C,1,NA,17.303
972,1,11  2  9399999911 439883888 5 5 5 5 5 5 5 5 5 5 5 51 98   5 7 3 3 3 5 5 7 7 7 5 544433333332,NA,2,111111111 22     14211111134242244125375512,TX,1090086230081920317C,1,NA,20.373
972,1,11  31 2312222312 922222128 6 6 4 5 6 3 4 4 6 6 4 61961 4 8 7 7 6 6 6 6 7 8 8 8 732411133132,NA,9,111112111 22     143111111444214441 63955111,TX,1090086230081920217C,1,NA,12.933
972,1,21  2  231144443  923333333 6 8 6 6 6 5 5 6 6 6 6 61 4110 5 798 6 597 597 5 5979833331232121 2,NA,9,221122211 19     4 2111111444313443232855111,TX,1090086230081920317C,1,NA,15.523
972,1,12  1  131221559 96         1 1 2 1 6 1 2 7 2 5 1 28  2   2 7 1 1 1 3 2 1 3 2 1 122111122232,NA,118,122222 12 1      14111212231134222116789512,TX,1090086230081920217C,1,NA,7.213
972,3,21 12  213125551396         4 1 8 7 1 5 7 1 7 1 8 11 42   5 8 1 1 7 8 1 1 8 1 9 133833113191 4,NA,2,121222121 12     12222222234431143225589142,TX,1090086230081920217C,1,2,1.553
972,1,12  2  9232221211 432222222 5 5 5 5 5 5 5 5 5 5 5 52  2   5 5 5 5 5 5 5 5 5 5 5 511112193312,NA,1 4,911112 11 2      11311111144442444323503512,TX,1090086230081920217C,1,NA,16.193
972,1,22  999,NA,NA,999999 999                          999 99,TX,1090086230081920317C,1,NA,13.423
972,1,12  1  1311111411 423123131 4 7 3 2 5 3 3 5 4 6 6 51102   7 9 4 3 3 5 6 4 6 6979744221132221 4,NA,1 1,111122 11 2      13311111131131413115399142,TX,1090086230081920117C,1,NA,4.163
972,1,12  2  1312222411 422223232 410 4 4 4 5 5 8 6 8 9 52  1 497 9 5 5 5 4 49797 797 544121122111 2,NA,2,111112 11 2      13111111144442444326517512,TX,1090086230081920317C,1,NA,13.213
972,1,12  2  211244443  423333333 6 5 6 6 6 5 5 5 5 6 2 21102   397 8 697 4 397 5 897 444413122211 4,NA,1 4,211121 11 1      132221111444424441235785111,TX,1090086230081920317C,1,NA,17.303
972,1,21  1  2332343412 923223333 79898 298 4 4 7 798 4988  2  98989898989898989898989844331133132,NA,2,211112111 22     11222221244442444125295512,TX,1090086230081920217C,1,NA,18.663
