AREA,SAMTYPE,SEX,S1,S2,S3,S4,S5,S6,Q1,Q2,Q3,Q4,Q5A,Q5B,Q5C,Q5D,Q6,Q7,Q9,Q8,Q10A,Q10B,Q10C,Q10D,Q10E,Q10F,Q10G,Q11A_Africa,Q11B_Europe,Q11C_MiddleEast,Q11D_Mexico,Q11E_CentralSouthAm,Q11F_Cuba,Q11G_Caribbean,Q11H_India,Q11I_China,Q11J_Japan,Q11K_Philippines,Q11L_OtherAsian,Q12,Q12A,Q13,Q13A,Q14A_Africa,Q14B_Europe,Q14C_MiddleEast,Q14D_Mexico,Q14E_CentralSouthAm,Q14F_Cuba,Q14G_Caribbean,Q14H_India,Q14I_China,Q14J_Japan,Q14K_Philippines,Q14L_OtherAsian,Q15a,Q15b,Q15c,Q16a,Q16b,Q16c,Q16d,Q16e,Q16f,Q16g,Q17,Q19,Q21a,Q21b,Q21c,Q21d,Q21e,Q21f,Q21g,Q21h,Q21i,Q22,Q24,Q25,Q26,Q27a,Q27b,Q27c,Q28,Q29,Q30,Q31a,Q31b,Q31c,Q31d,Q31e,Q31f,Q32a,Q32b,Q32c,Q32d,Q32e,Q32f,Q32g,Q32h,D2,D3,D5,D6,D7,D8,D9
201,1,1,2,,,3,1,,2,3,1,1,1,1,1,4,1,2,14,1,3,1,3,3,1,1,1,5,7,5,5,5,5,5,5,7,8,7,7,1,10,1,5,5,8,3,5,3,8,7,7,8,8,7,8,4,4,4,2,1,3,3,3,3,3,2,1,2,1,1,1,1,2,,1,1,,1,,,,,,3,,3,1,1,1,1,1,1,4,4,4,4,1,4,4,4,3,,3,69,4,5,1
201,1,1,2,,,1,,,1,1,1,2,2,2,2,5,3,,10,2,3,2,3,3,3,3,3,3,7,5,5,4,5,2,3,6,7,7,7,2,,2,,3,7,4,5,5,3,2,5,6,7,8,7,1,2,1,2,1,1,2,2,2,2,2,2,1,1,1,1,1,2,,1,1,,2,,,,,,1,4,1,2,2,1,1,1,1,3,3,4,4,2,4,4,4,1,2,7,55,7,5,1
201,3,2,1,,2,1,,,2,3,1,1,4,4,4,4,1,1,4,2,3,3,2,3,3,2,3,6,97,97,8,6,8,6,4,7,97,7,6,1,4,2,,5,97,4,5,97,6,5,4,7,7,5,3,4,4,3,2,1,3,1,1,1,1,2,1,2,2,1,1,2,2,2,1,1,,2,2,,,,,1,1,2,1,1,1,1,1,1,4,4,2,2,1,4,2,4,2,1,6,32,3,2,4
201,1,2,2,,,3,2,1,1,3,1,1,1,1,1,1,3,,98,,1,1,1,1,1,1,1,8,5,6,6,6,6,8,8,8,8,8,7,2,,2,,8,7,8,5,6,7,8,7,8,7,1,8,3,4,4,2,2,2,2,2,2,2,2,1,1,2,1,2,1,2,,1,1,,1,,,,,,6,,2,1,1,1,1,1,1,4,3,4,4,1,3,4,4,2,,5,20,8,4,4
201,1,2,2,,,1,,,2,3,1,2,2,2,2,2,1,1,9,9,2,2,2,3,3,2,3,97,97,97,97,97,97,97,10,97,97,97,10,2,,1,96,98,98,98,98,98,98,98,98,98,98,98,98,4,1,3,3,1,1,2,3,1,3,2,1,1,2,1,1,2,2,,2,1,,2,,,,,,4,,4,1,1,1,1,1,9,4,8,4,3,3,4,4,4,9,1,3,68,4,5,1
201,2,1,2,2,,1,,,2,3,1,1,4,4,4,4,3,,10,3,3,2,2,2,3,2,3,7,2,5,5,6,7,7,3,3,3,3,3,1,6,1,7,6,10,5,2,5,5,5,4,8,9,3,3,4,4,4,1,1,1,1,2,2,2,2,2,2,1,1,1,2,2,,1,1,,1,,,,,,4,,4,2,2,2,2,2,2,4,4,4,4,2,4,4,4,3,2,2,19,4,5,2
201,1,2,2,,,3,2,2,,,,,,,,,,,,,,,,,,,,,,,,,,,,,,,,,,,,,,,,,,,,,,,,,,,,,,,,,,,,9,9,9,9,9,9,,9,9,9,,,,,,,,,,,,,,,,,,,,,,,,,,3,25,,5,2
201,1,2,2,,,1,,,9,1,1,1,1,1,1,1,3,,98,,1,1,1,1,1,1,1,6,9,4,6,3,4,5,5,6,6,6,4,2,,2,,6,5,5,6,5,5,5,6,5,5,5,5,4,4,4,3,2,3,3,9,2,3,2,1,1,2,1,1,2,1,,1,1,,1,,,,,,1,3,2,1,1,1,1,1,1,4,3,3,3,4,2,3,4,1,1,6,41,5,5,1
201,3,2,2,,2,1,,,9,3,1,1,4,4,4,4,1,1,9,9,3,3,3,8,3,8,3,10,10,10,10,10,10,10,10,10,10,10,10,8,,2,,98,10,97,1,1,1,1,1,97,97,97,98,4,4,4,2,1,1,2,2,1,2,2,1,2,2,1,1,2,2,,2,1,,2,,,,,,4,,1,1,1,1,1,1,1,4,4,4,4,3,4,4,4,2,1,6,27,5,2,1
201,2,1,1,2,,2,,,1,3,1,3,2,4,4,4,3,,9,2,3,8,3,3,3,3,3,7,5,2,5,5,5,7,2,2,2,2,2,1,10,1,9,1,10,2,2,1,1,2,7,5,8,2,5,1,4,4,1,1,1,1,1,1,2,2,2,2,1,1,1,2,2,2,1,1,,2,2,,,,,1,1,1,1,1,1,1,1,1,4,2,4,2,2,4,4,4,2,2,6,55,7,5,2
201,1,2,2,,,2,,,2,3,2,2,3,4,4,4,1,2,8,1,3,3,3,1,3,3,3,6,5,98,5,98,4,6,4,4,4,4,98,2,,2,,5,5,5,5,98,5,5,5,5,5,5,98,2,2,4,3,1,1,3,3,3,3,1,9,1,1,1,1,2,2,,1,1,,2,,,,,,1,4,3,1,1,1,1,1,1,4,4,4,2,2,4,4,4,2,2,5,38,5,5,2
201,1,1,2,,,1,,,1,3,1,1,4,4,4,4,3,,97,,3,3,3,3,3,3,3,6,10,8,6,8,5,5,8,8,8,8,8,2,,2,,5,8,8,5,5,3,5,8,8,8,5,5,4,4,4,2,1,1,2,2,2,1,1,2,1,1,1,1,1,2,,1,1,,2,,,,,,1,4,2,9,9,9,9,9,9,3,3,3,3,1,4,4,4,2,2,6,54,4,5,1
201,1,1,2,,,2,,,3,1,1,1,1,1,1,1,3,,2,2,1,3,3,3,1,3,3,5,5,5,5,5,5,5,5,5,5,5,5,1,2,9,,8,7,97,97,97,97,97,97,97,97,97,97,4,4,4,1,3,3,3,1,1,1,2,2,2,2,1,1,1,2,,1,1,,1,,,,,,1,9,1,1,1,1,1,1,1,4,4,4,4,4,4,4,4,2,2,7,59,6,5,1
201,1,1,2,,,1,,,2,3,1,9,1,4,4,4,3,,17,2,3,3,3,3,3,1,3,7,7,6,7,6,5,7,7,7,8,6,7,2,,2,,5,8,4,4,4,3,5,6,6,4,98,4,4,4,4,2,1,1,3,1,2,2,1,9,2,1,1,1,9,2,,1,1,,1,,,,,,1,1,1,1,1,1,1,1,1,4,4,4,2,2,2,2,4,3,2,7,24,6,5,1
201,1,2,1,,,1,,,3,3,2,3,3,2,3,4,1,1,9,2,3,2,3,3,3,3,3,8,7,8,8,7,7,6,6,8,8,7,8,1,5,1,7,6,7,6,6,6,7,3,6,7,7,7,7,2,2,4,3,1,1,2,3,2,3,1,2,9,9,9,9,9,9,9,9,9,,2,9,,,,,1,1,3,1,1,1,1,1,1,4,4,4,4,1,4,4,4,3,2,3,23,2,5,2
201,1,1,2,,,1,,,1,1,1,1,2,4,1,1,1,1,17,3,3,1,3,3,1,3,1,7,9,7,6,7,8,6,8,7,7,7,8,1,10,1,4,5,8,3,2,3,3,3,4,4,6,5,4,4,4,4,1,1,1,3,3,1,2,1,1,2,1,1,1,1,1,,1,1,,1,,,,,,1,3,2,1,1,1,1,1,1,4,4,4,4,2,3,4,4,1,2,6,21,3,3,1
201,1,2,2,,,2,,,1,1,1,1,1,1,1,1,1,1,17,3,2,1,3,3,1,3,3,5,5,5,5,5,5,5,5,5,6,5,6,8,,8,,5,97,3,3,4,5,3,5,5,5,5,5,4,4,4,3,1,3,3,3,3,3,1,1,9,9,9,9,9,9,,9,9,,1,,,,,,1,1,2,1,1,1,1,1,1,4,4,4,2,3,4,4,4,3,2,4,52,9,5,1
201,1,2,2,,,1,,,1,1,1,2,2,9,9,4,9,,98,,8,8,8,8,8,8,8,5,5,5,5,5,5,5,5,5,5,5,5,8,,8,,1,1,1,1,1,3,3,3,3,2,1,1,3,3,3,1,1,3,3,3,3,1,2,2,2,1,1,1,1,2,,1,1,,2,,,,,,2,3,3,1,1,1,1,1,1,3,1,4,1,1,4,4,4,9,1,3,62,8,5,1
201,1,1,2,,,9,3,3,,,,,,,,,,,,,,,,,,,,,,,,,,,,,,,,,,,,,,,,,,,,,,,,,,,,,,,,,,,,9,9,9,9,9,9,,9,9,9,,,,,,,,,,,,,,,,,,,,,,,,,,4,23,,1,4
201,3,1,1,,4,2,,,2,3,1,1,4,4,4,4,1,1,10,9,3,3,3,2,3,3,3,5,5,5,5,8,6,10,4,5,5,97,5,2,,2,,1,5,1,1,5,1,4,5,1,1,1,1,4,4,4,1,2,2,3,1,2,2,2,1,2,1,1,1,1,2,1,1,1,,1,1,5,1,3,1,1,4,3,1,1,1,1,1,1,4,4,4,4,2,4,4,4,2,1,5,29,3,4,4
201,1,1,2,,,3,2,2,,,,,,,,,,,,,,,,,,,,,,,,,,,,,,,,,,,,,,,,,,,,,,,,,,,,,,,,,,,,9,9,9,9,9,9,,9,9,9,,,,,,,,,,,,,,,,,,,,,,,,,,3,19,,5,3
201,1,2,2,,,1,,,2,1,1,9,9,1,1,1,1,1,10,3,3,1,3,1,1,1,8,8,7,8,98,98,98,5,8,5,98,7,98,2,,1,10,98,98,98,98,98,98,98,98,98,97,98,98,4,4,4,3,3,2,9,3,9,3,1,1,9,9,9,9,9,9,,9,9,,1,,,,,,2,4,3,1,1,1,1,1,1,4,4,4,4,4,4,4,4,9,2,5,25,5,5,1
201,1,1,2,,,3,2,2,,,,,,,,,,,,,,,,,,,,,,,,,,,,,,,,,,,,,,,,,,,,,,,,,,,,,,,,,,,,9,9,9,9,9,9,,9,9,9,,,,,,,,,,,,,,,,,,,,,,,,,,6,36,,5,1
202,1,2,2,,,1,,,2,3,1,2,3,4,4,5,1,1,97,,2,8,3,2,3,2,3,5,97,97,9,5,97,5,97,3,97,5,4,8,,8,,2,10,5,1,6,5,1,98,6,5,97,6,1,2,4,3,1,1,1,1,2,1,2,2,1,1,1,1,1,2,,1,1,,2,,,,,,1,3,3,1,1,9,9,9,9,4,4,4,4,4,4,4,4,2,2,6,50,4,5,2
202,1,2,2,,,1,,,2,2,1,1,1,1,1,4,1,3,9,2,1,3,3,3,1,2,1,5,5,5,5,5,5,5,97,5,5,5,5,1,9,8,,5,10,1,5,5,5,1,5,10,10,5,5,3,3,4,1,1,1,1,1,1,1,2,2,1,1,9,2,2,2,,1,1,,1,,,,,,1,1,3,2,2,2,1,1,1,4,4,4,4,2,4,4,4,2,1,6,52,4,5,2
202,2,1,2,2,,2,,,2,1,2,2,2,2,2,2,3,,12,3,2,2,2,2,2,2,2,1,4,2,2,2,1,3,4,2,5,3,2,1,8,1,12,1,2,3,1,2,1,2,2,2,3,1,1,4,4,4,2,1,1,1,2,1,1,2,2,2,1,1,1,1,2,,2,2,,1,,,,,,3,,3,1,1,1,1,1,1,4,4,4,4,4,4,4,4,2,2,7,74,9,5,2
202,2,2,1,2,,1,,,2,3,2,2,2,4,3,4,3,,3,1,3,2,3,2,1,2,2,8,97,97,7,97,97,7,3,10,10,10,10,1,9,1,3,10,97,2,5,1,1,1,5,6,6,6,5,3,1,4,1,1,1,9,1,1,1,2,2,2,2,1,1,1,2,1,1,1,,1,9,,,,,1,4,3,1,1,1,1,1,1,4,4,4,3,1,4,4,4,2,2,2,35,4,5,2
202,1,2,2,,,2,,,3,3,1,3,4,4,4,4,9,,9,2,3,3,3,3,8,3,3,5,5,97,5,5,5,5,5,5,5,5,5,2,,2,,97,97,97,97,97,97,97,97,97,97,97,97,4,4,4,3,3,3,3,3,3,2,2,9,2,9,9,1,9,2,,9,1,,2,,,,,,1,4,2,1,1,1,1,1,1,4,4,4,4,2,8,3,4,2,1,7,58,7,5,1
202,1,1,2,,,2,,,2,3,1,1,1,1,1,4,9,,4,9,1,8,3,2,3,3,1,2,3,4,5,2,4,2,2,3,4,4,4,2,,1,1,2,5,3,4,2,3,2,3,3,4,3,3,4,4,4,1,2,1,1,2,2,3,2,2,2,2,1,1,2,2,,1,1,,2,,,,,,3,,4,1,1,1,1,1,1,4,4,4,4,2,4,4,4,2,2,7,99,9,5,2
203,1,2,2,,,2,,,1,3,1,1,1,1,1,1,1,2,5,2,1,3,3,3,1,1,3,7,8,7,8,8,8,8,8,9,9,8,9,1,12,1,4,5,7,6,6,6,7,6,7,7,9,7,8,4,4,2,1,2,2,2,1,1,2,2,2,1,2,1,1,1,1,,1,1,,1,,,,,,2,4,1,1,1,1,1,1,1,4,4,4,4,2,4,4,4,1,2,7,45,7,5,1
203,1,2,2,,,1,,,9,2,1,3,2,4,4,4,3,,17,1,3,8,3,2,1,3,3,97,5,5,97,97,97,3,5,8,4,97,4,2,,1,8,7,97,97,97,97,97,7,97,97,97,97,97,3,4,2,1,9,1,2,2,1,2,1,2,2,1,1,1,1,2,,1,1,,1,,,,,,1,1,3,1,1,1,1,1,1,4,4,4,4,2,4,4,4,3,2,6,63,6,5,1
203,1,2,1,,,2,,,1,3,1,1,3,1,1,1,3,,17,3,1,1,1,3,3,1,3,1,1,1,1,1,1,1,1,1,1,1,1,2,,1,5,5,5,5,5,5,5,5,5,5,5,5,5,4,4,4,3,2,1,2,3,3,2,1,1,1,2,2,1,2,1,1,1,1,,1,2,,,,,1,1,1,1,1,1,1,1,1,4,4,1,4,4,4,4,4,1,2,6,49,3,5,1
203,3,2,1,,4,3,1,,1,9,1,1,9,9,9,9,1,2,97,,3,1,8,3,1,3,8,98,8,3,10,6,8,10,7,7,6,98,98,1,4,1,4,5,5,98,9,7,6,10,98,5,98,6,8,4,4,4,3,3,3,9,9,1,1,2,2,1,2,1,2,1,1,1,1,1,,1,2,,,,,1,4,2,1,9,9,1,9,1,4,4,4,1,4,4,4,4,9,,2,32,2,4,2
203,1,2,1,,,2,,,1,3,1,1,9,1,1,1,9,,5,2,1,3,3,3,8,3,8,10,10,5,10,10,98,10,10,10,10,10,10,2,,2,,5,5,1,2,3,1,2,3,8,8,5,5,3,3,4,1,2,1,2,2,2,2,1,1,1,2,1,1,2,1,1,1,1,,1,1,5,3,3,3,4,,2,1,1,1,1,1,1,4,4,4,4,1,2,4,4,3,2,6,36,7,5,1
205,1,2,1,,,2,,,9,1,3,3,2,3,2,5,1,1,9,3,3,3,3,1,3,1,8,7,8,97,4,97,97,97,2,8,8,10,8,1,11,1,8,8,8,2,6,4,2,9,97,9,9,10,7,4,4,4,1,1,1,2,3,3,3,2,2,2,1,1,1,1,2,1,1,1,,1,2,,,,,1,4,3,1,1,1,1,1,1,4,4,4,3,4,3,4,4,1,2,3,41,7,5,1
205,1,1,1,,,1,,,2,1,2,2,3,3,3,3,1,1,9,2,3,3,2,3,3,2,3,9,1,6,2,97,8,8,7,8,8,8,7,2,,1,96,1,8,1,1,1,1,8,3,3,5,7,3,4,3,4,3,1,3,3,3,2,3,2,1,9,1,1,1,2,2,2,1,1,,2,1,16,3,3,1,1,3,1,1,1,1,1,1,1,4,4,4,4,1,4,4,4,1,2,3,28,4,5,1
205,2,1,2,2,,2,,,1,9,1,1,1,4,4,4,9,,1,3,1,8,2,3,8,8,8,9,5,5,6,8,98,8,9,7,7,98,8,2,,8,,98,98,98,98,98,98,98,98,98,98,98,98,4,4,4,1,2,2,3,1,2,3,2,2,1,1,1,1,2,2,,1,1,,2,,,,,,2,4,2,1,1,1,1,1,1,4,4,4,3,3,4,4,4,3,1,3,23,9,5,2
205,1,2,2,,,2,,,2,3,2,2,4,3,3,2,1,2,4,9,3,3,3,2,3,3,3,10,98,98,4,98,98,98,98,5,4,4,98,2,,1,4,7,5,4,5,5,5,5,5,7,4,4,3,2,3,2,9,9,9,9,9,9,9,2,2,2,1,1,2,2,2,,2,2,,2,,,,,,2,9,3,1,1,1,1,1,1,4,3,2,4,2,3,4,4,2,2,3,19,4,5,1
205,1,2,1,,,1,,,3,1,9,9,4,4,4,4,3,,98,,2,3,3,3,3,3,3,3,4,97,98,6,4,4,3,2,2,1,4,2,,2,,97,97,97,97,97,97,97,97,97,97,97,8,8,3,3,1,1,1,1,1,1,3,2,9,1,2,1,2,2,1,1,1,1,,2,9,,,,,1,3,3,2,2,2,2,2,2,4,2,3,4,4,3,3,1,3,8,8,98,8,9,9
205,2,2,2,2,,1,,,1,1,1,1,2,4,4,4,1,2,8,3,3,3,3,3,1,3,3,5,5,1,4,5,5,6,6,3,1,5,1,2,,1,9,6,5,1,5,5,5,8,5,1,1,1,1,3,3,3,3,3,1,3,3,3,3,2,2,2,1,1,1,1,1,,1,1,,1,,,,,,3,,3,1,1,1,1,1,1,4,3,4,3,3,4,3,4,2,2,6,62,4,5,2
205,1,1,1,,,2,,,9,2,2,1,2,9,3,4,1,3,4,1,1,3,8,3,3,3,3,7,2,3,3,5,5,2,4,5,5,6,2,2,,1,7,5,5,2,4,5,5,3,5,7,6,4,3,2,2,3,3,1,1,3,1,1,3,2,2,2,2,1,1,1,2,9,2,1,,1,2,,,,,3,,2,2,2,1,2,2,2,4,4,4,4,3,3,4,4,2,2,3,55,3,5,2
205,1,2,1,,,1,,,2,2,1,3,2,9,4,4,1,1,4,2,3,2,2,3,2,8,3,4,6,1,5,5,3,1,3,8,8,7,7,1,9,1,4,97,7,3,3,3,2,2,6,7,6,5,5,2,2,1,1,1,2,1,1,1,1,1,2,1,2,2,1,2,2,1,2,2,,1,1,12,3,3,3,4,,1,1,1,1,1,1,1,2,2,1,1,1,2,4,4,1,2,5,35,8,5,1
206,1,2,2,,,2,,,3,1,1,1,1,9,1,1,1,1,2,2,1,3,2,1,1,1,3,9,10,8,9,97,8,9,9,9,9,9,9,1,10,2,,9,4,3,2,2,4,8,9,97,6,4,7,4,4,4,1,2,3,3,2,1,2,1,1,9,9,9,9,9,9,,9,9,,1,,,,,,1,1,2,1,1,1,1,1,1,4,4,3,3,3,4,3,4,2,2,6,26,3,5,1
206,1,1,1,,,3,1,,1,1,1,1,4,1,5,5,1,3,96,,,,,,,,,6,6,6,6,6,6,6,6,6,6,6,6,2,,8,,98,98,98,98,98,98,98,98,98,98,98,98,4,4,4,3,3,3,3,3,1,3,1,2,1,1,1,1,1,1,1,1,1,,1,1,16,1,1,1,1,1,4,1,1,1,1,1,1,4,4,4,4,4,4,4,4,3,,6,53,3,5,3
206,1,1,1,,,3,1,,1,3,1,1,4,4,4,4,1,2,11,2,3,3,3,3,3,3,3,6,6,6,6,6,6,6,6,6,6,6,6,2,,2,,6,6,6,6,6,6,6,6,6,6,6,6,4,4,4,3,3,3,3,3,3,3,1,1,1,1,1,1,1,1,1,1,1,,1,1,3,3,3,1,1,4,4,1,1,1,1,1,1,4,4,4,4,4,4,4,4,3,,5,53,3,5,3
206,1,2,1,,,1,,,1,2,1,1,2,4,4,4,3,,16,2,3,2,3,3,3,3,3,5,8,5,3,5,5,4,7,5,5,5,5,1,9,1,4,3,6,2,2,97,3,3,4,4,8,97,4,4,4,4,1,2,1,2,2,1,2,1,1,9,9,9,9,9,9,9,9,9,,1,2,,,,,1,1,2,1,1,1,1,1,1,2,1,1,2,1,2,2,4,1,2,5,34,5,5,1
206,1,1,2,,,2,,,9,1,1,3,9,9,9,9,1,1,11,2,3,8,2,8,8,1,8,2,8,5,3,5,2,2,4,5,4,4,6,1,2,1,4,2,8,3,1,4,2,2,4,3,5,4,2,2,4,3,1,1,2,2,3,1,1,1,1,1,1,1,1,1,2,,1,1,,1,,,,,,3,,3,2,2,2,2,2,2,2,2,2,2,2,4,4,4,1,2,7,75,9,5,1
206,1,1,2,,,3,3,2,,,,,,,,,,,,,,,,,,,,,,,,,,,,,,,,,,,,,,,,,,,,,,,,,,,,,,,,,,,,9,9,9,9,9,9,,9,9,9,,,,,,,,,,,,,,,,,,,,,,,,,,8,99,,2,4
206,2,1,2,2,,2,,,2,3,3,3,2,9,9,2,1,1,16,1,2,8,2,2,2,2,3,10,10,10,10,10,10,10,10,10,10,10,10,8,,2,,5,7,97,2,5,1,8,2,5,5,2,1,1,1,4,1,1,1,1,2,1,1,2,1,2,1,1,1,1,2,,1,1,,1,,,,,,2,3,2,1,1,1,1,1,1,3,3,1,3,1,4,1,4,3,2,3,25,4,5,2
206,3,1,2,,3,1,,,1,3,1,3,4,1,4,4,1,2,11,2,3,2,3,3,1,1,1,5,6,5,6,6,6,4,6,6,6,6,6,2,,2,,3,6,3,3,5,4,6,5,7,7,5,4,1,1,1,2,1,1,3,1,1,2,1,1,2,1,1,1,1,1,,1,1,,1,,,,,,1,1,2,1,1,1,1,1,1,4,4,4,1,1,4,2,4,3,2,6,32,5,3,1
206,1,1,2,,,2,,,1,9,1,1,4,4,4,4,3,,12,2,3,8,3,8,3,3,3,7,8,98,98,98,98,9,98,8,8,8,8,8,,2,,97,7,98,5,98,7,98,98,7,7,98,97,3,3,1,1,2,2,2,2,9,9,2,2,2,2,1,1,1,1,,1,2,,1,,,,,,3,,2,1,1,1,1,1,1,3,3,3,3,2,2,3,3,3,2,3,67,9,5,1
207,1,2,1,,,1,,,9,3,9,2,9,4,5,5,3,,96,,,,,,,,,97,97,97,97,97,97,97,97,97,97,97,10,2,,1,6,5,8,3,3,3,3,8,98,9,9,5,5,4,4,2,1,1,1,1,2,1,9,2,2,2,2,2,2,1,2,1,2,2,,2,2,,,,,2,9,3,1,1,9,1,1,1,2,2,1,1,2,2,2,4,3,2,3,36,8,5,1
207,1,1,2,,,2,,,2,2,1,2,4,4,4,4,1,2,16,3,3,8,3,2,8,3,3,6,98,6,5,97,5,4,8,8,8,98,6,2,,2,,5,98,97,98,6,5,5,98,6,6,98,5,4,3,4,2,1,1,3,3,1,3,1,2,9,9,9,9,9,9,,9,9,,2,,,,,,2,1,2,1,1,1,1,1,1,4,4,4,4,3,4,4,4,3,2,3,37,3,5,1
207,1,1,2,,,2,,,1,3,1,3,3,4,5,5,3,,99,,9,3,3,3,3,3,3,2,9,7,5,5,6,2,8,8,10,6,4,1,12,1,4,3,10,6,1,5,2,3,5,6,8,5,4,4,3,2,1,1,1,3,9,1,1,2,2,2,2,2,2,2,2,,2,2,2,1,,,,,,1,1,2,1,1,2,1,1,1,4,4,4,4,2,4,4,4,2,2,6,77,7,5,1
207,1,2,2,,,2,,,1,3,1,1,4,4,4,4,3,,11,3,3,3,2,3,3,3,3,5,5,5,5,5,5,5,5,5,5,5,5,2,,2,,3,5,5,5,5,5,3,5,5,5,5,5,4,4,4,3,3,3,3,3,3,3,2,2,2,2,2,1,2,2,,2,1,,2,,,,,,2,4,3,1,1,1,1,1,1,4,4,4,2,2,4,4,4,3,2,5,27,3,5,1
207,1,1,1,,,1,,,1,1,1,3,3,4,5,5,3,,96,,,,,,,,,5,7,5,4,5,4,4,4,4,5,5,5,2,,8,,4,5,4,3,4,4,4,4,4,4,4,4,4,4,4,3,3,1,1,3,3,3,2,2,1,2,1,1,2,2,2,1,1,,2,2,,,,,1,4,2,1,1,1,1,1,1,4,4,4,4,4,4,4,4,3,1,3,38,7,5,1
207,1,1,2,,,1,,,1,3,1,2,3,4,4,5,1,2,10,2,3,3,3,3,1,3,3,6,6,6,4,5,4,5,5,6,7,8,6,1,9,1,4,6,8,6,5,7,97,7,6,7,6,7,5,4,3,3,2,1,2,2,1,1,1,2,2,2,2,2,1,2,2,,1,1,,2,,,,,,1,4,3,1,1,1,1,1,1,2,3,3,3,1,3,2,4,3,2,6,26,3,5,1
208,1,2,1,,,2,,,2,3,1,1,9,3,4,4,1,2,9,2,9,2,2,3,1,3,1,7,7,4,4,4,97,5,10,10,8,8,97,1,10,1,96,6,7,2,4,5,1,3,97,97,7,5,6,3,2,2,1,2,3,2,2,2,2,1,2,2,2,1,1,1,2,1,2,2,,1,1,16,1,3,1,4,,1,1,1,1,1,1,1,3,1,2,2,1,3,3,4,3,2,7,54,7,5,1
208,1,2,2,,,1,,,2,3,2,2,3,4,3,3,1,2,97,,3,2,2,2,2,3,3,2,2,1,5,9,2,97,2,2,2,5,2,2,,1,5,2,2,2,2,2,2,97,2,2,2,2,2,3,1,9,1,1,1,1,3,1,1,1,2,1,1,2,9,9,2,,2,2,,1,,,,,,4,,2,1,1,1,1,1,1,4,3,4,4,1,1,1,4,3,2,3,19,1,5,1
208,1,2,2,,,2,,,9,1,2,2,3,2,2,2,9,,99,,8,8,8,2,8,8,8,5,5,5,1,5,1,5,5,5,5,5,5,8,,8,,10,10,10,10,10,10,10,10,10,10,10,10,4,4,4,3,9,1,3,3,3,1,2,2,2,2,2,1,1,2,,2,1,,1,,,,,,3,,4,1,1,1,1,1,1,4,4,4,4,4,4,4,4,1,1,3,58,1,5,1
208,1,1,2,,,2,,,2,1,2,2,2,2,2,2,1,1,9,2,2,2,3,3,2,9,9,1,2,1,1,1,1,1,1,1,2,3,1,2,,1,4,99,99,99,99,99,99,99,99,99,99,99,99,1,1,2,1,1,2,1,2,1,3,2,2,1,2,1,1,2,1,,1,1,,1,,,,,,4,,2,2,2,2,2,2,2,4,1,4,1,1,4,3,1,9,2,6,99,7,5,4
208,1,1,2,,,1,,,1,3,1,1,3,3,3,3,3,,4,3,3,2,1,3,3,3,3,4,6,5,3,5,4,3,6,6,7,6,4,1,10,1,4,2,7,5,2,3,3,2,2,6,7,5,4,4,3,4,2,1,2,3,3,1,1,2,1,1,2,1,1,2,2,,1,1,,2,,,,,,2,3,3,1,1,1,1,1,1,4,4,4,4,1,4,1,4,1,2,3,18,8,5,1
208,1,1,2,,,1,,,2,3,1,1,3,1,4,4,3,,7,2,3,1,1,3,1,3,3,9,10,7,8,5,7,7,8,10,10,8,8,1,10,1,6,10,10,7,7,7,97,10,10,10,10,7,7,4,4,4,2,1,1,2,2,2,1,1,1,1,1,1,1,1,1,,1,1,,1,,,,,,1,3,2,1,1,1,1,1,1,4,4,4,4,4,4,4,4,3,2,6,19,4,5,1
208,1,2,2,,,2,,,2,9,1,1,4,4,4,4,3,,4,3,3,2,3,2,1,3,3,7,8,5,6,6,5,8,5,5,7,8,5,1,10,2,,5,9,2,1,4,3,5,3,6,5,4,3,3,3,3,1,1,2,3,1,2,1,1,1,2,1,1,2,1,2,,1,1,,1,,,,,,1,1,4,1,1,1,1,1,1,3,4,2,4,2,3,3,4,2,2,5,20,3,5,1
209,1,1,2,,,2,,,9,3,1,3,9,2,2,2,9,,4,2,2,2,2,3,8,2,8,97,98,98,98,98,98,98,98,98,98,98,98,8,,2,,98,98,98,97,98,98,98,98,98,98,98,98,4,4,4,3,1,3,3,3,3,3,2,9,2,2,2,2,2,2,,2,2,2,9,,,,,,4,,9,9,9,9,9,9,9,3,3,3,3,3,4,3,4,9,2,6,99,9,5,1
209,1,1,1,,,1,,,1,1,2,1,2,9,4,4,3,,4,3,1,1,3,2,1,8,3,8,10,7,8,10,98,5,10,10,10,10,5,1,1,1,3,5,5,5,3,5,3,97,5,5,5,5,5,2,3,4,1,1,3,1,3,2,1,2,2,1,2,1,1,2,2,1,1,1,,2,2,,,,,1,1,3,1,1,1,1,1,1,4,2,3,4,2,4,2,4,1,2,3,31,1,5,1
209,1,1,2,,,2,,,2,3,1,2,9,2,2,3,1,3,15,1,2,2,2,3,2,2,2,97,97,7,6,5,97,97,10,9,10,6,3,8,,8,,2,10,1,4,1,1,9,3,1,8,4,6,4,4,3,2,1,1,1,2,2,2,2,1,2,2,2,2,2,2,,2,1,,1,,,,,,2,4,3,1,1,1,1,1,1,4,4,3,1,1,3,4,4,3,2,5,21,9,1,4
209,3,2,1,,2,2,,,3,2,2,2,2,4,4,4,1,1,17,1,3,2,1,3,3,3,2,7,6,7,10,8,7,8,9,8,8,8,8,1,8,1,10,7,6,8,10,7,8,7,9,9,9,8,9,4,2,1,1,3,1,1,1,1,1,2,2,2,2,2,1,1,2,2,1,1,,2,9,,,,,4,,3,1,2,1,1,1,1,4,4,3,4,3,4,3,4,9,1,3,21,6,2,1
209,1,1,2,,,3,3,2,,,,,,,,,,,,,,,,,,,,,,,,,,,,,,,,,,,,,,,,,,,,,,,,,,,,,,,,,,,,9,9,9,9,9,9,,9,9,9,,,,,,,,,,,,,,,,,,,,,,,,,,7,39,,5,2
209,1,2,2,,,2,,,2,1,1,2,2,2,4,4,1,2,4,2,2,2,2,2,1,2,2,6,7,6,4,6,4,4,6,6,6,6,6,2,,2,,7,5,4,4,4,4,4,5,4,4,5,4,3,3,2,2,1,1,1,3,1,2,2,2,1,2,1,1,9,2,,1,2,,1,,,,,,2,1,2,1,1,1,1,1,1,4,4,2,4,2,4,4,4,1,2,3,18,7,5,1
209,1,1,2,,,1,,,2,2,2,2,1,1,3,4,1,2,9,2,2,2,2,2,1,2,2,5,10,8,9,9,2,2,7,8,8,8,2,2,,2,,2,10,2,2,2,5,5,2,5,5,2,2,3,3,4,2,1,1,3,3,1,1,2,2,1,2,1,1,1,1,,1,1,,1,,,,,,2,3,3,1,1,1,1,1,1,3,3,3,1,2,4,4,3,3,1,3,19,5,1,1
209,1,2,1,,,2,,,2,1,2,2,3,2,4,4,1,3,4,2,3,2,2,3,3,3,2,5,5,5,5,5,5,5,5,5,5,5,5,8,,2,,5,98,97,98,97,98,98,97,97,98,98,98,3,3,3,1,1,2,2,1,1,1,2,2,2,2,1,9,1,2,1,2,1,,2,9,,,,,1,4,2,1,1,1,1,1,1,4,4,4,2,4,4,4,4,9,2,4,40,7,5,1
209,1,2,1,,,2,,,2,3,2,2,2,2,2,4,1,2,3,2,2,3,2,2,3,8,2,1,97,1,3,1,1,1,1,9,9,7,5,2,,1,6,7,9,3,4,5,3,7,5,5,5,5,5,4,1,1,3,1,1,2,1,1,3,2,2,2,2,1,2,1,2,1,1,1,,2,1,11,1,3,1,4,,3,2,1,1,9,2,9,4,2,4,2,2,4,4,4,2,2,3,41,9,5,1
209,3,1,2,,1,3,1,,1,3,1,1,4,4,4,1,3,,4,2,3,3,3,3,1,1,3,9,8,7,9,1,8,7,1,99,99,1,1,2,,2,,4,7,4,4,97,3,97,97,5,4,3,2,4,4,4,2,1,1,3,2,2,2,2,9,2,1,1,1,2,1,,1,1,,2,,,,,,1,9,2,1,1,1,1,1,1,4,3,3,4,2,4,4,4,3,,4,23,4,1,4
209,1,2,1,,,1,,,2,1,2,2,2,2,2,2,1,3,9,2,2,2,2,2,2,2,2,2,4,3,1,1,1,1,3,3,2,2,1,2,,1,5,3,5,5,1,5,3,3,4,5,5,5,4,1,1,1,1,1,3,2,2,1,1,2,1,2,1,1,1,2,2,1,1,1,,2,1,5,2,2,3,1,4,1,2,2,2,2,2,2,4,3,3,3,2,4,4,4,3,2,5,45,9,5,1
210,1,2,1,,,1,,,2,2,1,1,2,2,2,2,3,,4,3,3,3,2,3,3,3,3,97,4,5,10,97,6,5,97,97,98,97,97,2,,1,6,5,3,4,8,97,6,6,97,97,5,97,5,4,4,4,3,1,1,1,1,1,2,1,2,2,2,1,1,2,2,2,1,1,,2,1,4,3,3,3,4,,4,1,1,1,1,1,1,4,4,4,4,1,1,1,4,3,2,2,53,1,1,4
210,1,1,2,,,2,,,1,3,1,1,4,4,4,4,3,,4,2,1,3,3,3,1,8,8,10,10,5,10,9,9,8,9,10,10,8,8,1,96,1,96,5,9,2,6,4,5,5,6,8,8,3,5,4,4,4,1,1,3,3,3,1,3,2,9,9,2,9,1,2,1,,1,1,,9,,,,,,2,1,2,1,1,1,1,1,1,4,4,3,4,3,3,3,4,2,2,4,45,3,4,4
210,3,1,2,,1,1,,,2,2,1,2,4,3,4,4,3,,4,3,3,2,3,2,3,2,3,5,9,5,6,4,3,2,6,10,9,8,5,1,10,1,4,1,8,4,1,4,1,4,8,3,2,3,3,1,3,3,1,1,1,1,2,1,1,1,2,1,2,1,1,1,2,,1,1,,1,,,,,,2,4,3,1,1,1,1,1,1,3,2,2,2,1,2,2,4,2,1,3,20,2,1,4
210,1,2,1,,,1,,,2,3,1,2,2,2,2,4,1,1,4,2,2,2,2,2,3,2,3,3,5,6,1,2,1,2,3,4,4,4,4,1,1,1,1,4,5,3,1,4,1,3,6,6,6,5,4,1,1,2,1,1,1,1,3,1,1,2,2,2,2,1,2,1,2,1,1,1,,2,1,1,3,3,3,1,4,3,1,1,1,1,1,1,4,4,4,4,1,4,4,4,9,2,5,50,5,1,4
210,3,1,2,,1,3,2,1,1,1,3,1,2,1,1,1,3,,4,3,3,8,8,8,8,8,3,4,8,4,5,5,3,3,4,98,8,5,3,8,,8,,97,97,1,1,1,1,97,97,5,7,4,1,4,4,4,1,1,1,1,1,1,1,2,9,2,2,9,2,1,2,,1,1,,2,,,,,,1,4,3,2,2,1,2,2,2,4,4,4,4,3,4,4,4,2,,1,55,1,1,4
210,3,2,2,,2,1,,,9,3,9,1,2,3,2,2,1,1,4,2,2,2,3,3,3,3,3,5,98,3,3,97,98,97,2,5,5,5,5,2,,2,,8,98,98,98,98,98,98,98,9,9,98,5,4,4,8,3,1,3,3,3,1,1,2,1,2,2,2,1,2,2,,2,2,,2,,,,,,4,,2,1,1,1,1,1,1,2,4,4,4,2,4,4,4,4,2,3,47,4,2,4
210,3,2,2,,1,1,,,3,3,3,3,3,3,2,2,1,2,4,3,8,2,2,2,1,2,1,5,5,97,9,6,5,7,97,97,98,97,97,8,,8,,5,10,7,1,1,1,1,97,8,9,97,97,4,4,4,9,9,9,9,9,9,9,1,1,1,1,1,1,1,2,,1,1,,2,,,,,,1,3,2,1,1,1,1,1,1,9,9,9,9,9,9,9,9,3,1,6,26,5,1,1
210,3,2,2,,1,1,,,2,3,1,2,2,2,2,4,1,2,4,2,2,2,2,3,3,2,3,8,9,5,5,7,6,4,5,8,97,6,7,1,2,1,4,8,10,8,7,5,8,9,9,9,8,6,9,3,2,4,1,1,3,3,3,1,3,2,2,1,2,1,1,2,1,,1,1,,1,,,,,,3,,1,2,1,2,1,1,1,4,4,4,4,1,4,4,4,2,2,6,63,5,1,1
210,1,1,2,,,2,,,9,1,1,1,4,4,4,4,9,,4,9,3,8,3,3,8,3,3,6,7,6,6,5,6,6,5,5,6,7,5,8,,2,,5,6,5,5,5,5,5,5,5,5,6,5,3,4,3,2,1,2,2,2,2,1,2,2,2,2,1,1,2,2,,1,1,,2,,,,,,3,,2,1,1,1,1,1,1,4,4,4,4,4,4,4,4,3,2,3,65,4,5,1
210,3,1,2,,4,2,,,2,3,2,2,2,2,3,4,1,1,4,3,2,2,2,3,3,3,3,8,5,7,3,3,3,3,3,9,8,5,6,1,1,1,4,10,10,5,10,5,5,2,4,4,7,3,3,2,2,3,2,1,1,1,3,1,1,2,1,1,1,1,1,1,1,,1,1,,1,,,,,,2,3,4,1,1,1,1,1,1,3,3,3,3,1,3,3,4,2,2,2,18,6,4,1
210,1,2,2,,,1,,,1,3,1,1,4,4,3,4,3,,4,2,1,1,3,1,1,1,3,8,8,7,9,9,9,8,8,6,6,8,7,2,,2,,97,97,3,9,97,3,97,97,97,3,97,3,4,4,4,1,1,1,1,2,2,2,2,1,1,1,1,1,1,1,,1,1,,2,,,,,,1,1,2,1,1,1,1,1,1,4,2,8,2,2,4,2,4,2,2,6,30,6,1,4
210,1,1,2,,,2,,,2,2,1,3,3,4,4,4,1,2,4,2,3,3,2,3,3,3,3,5,5,97,6,5,5,5,5,5,5,5,5,2,,8,,97,98,97,3,3,3,2,98,98,98,98,98,4,4,4,2,1,2,2,2,2,1,2,2,1,2,2,1,2,2,,2,1,,2,,,,,,3,,3,1,1,1,1,1,1,3,3,3,3,1,3,3,3,2,1,5,53,4,2,1
210,1,1,2,,,2,,,2,3,1,1,4,4,4,4,3,,9,2,3,1,2,1,1,1,1,97,97,97,7,97,97,97,8,97,8,97,97,1,1,1,96,8,7,6,4,4,4,3,97,97,6,97,6,4,4,4,1,1,3,3,3,1,1,2,2,1,1,1,1,1,2,,1,1,,1,,,,,,1,1,2,2,1,1,1,1,1,4,4,4,4,3,4,4,4,1,2,3,50,5,5,1
210,1,1,1,,,2,,,1,3,1,2,1,4,1,4,1,2,4,2,3,3,2,2,1,1,3,3,3,4,9,7,3,2,4,2,2,4,3,1,8,1,96,2,1,2,3,4,1,4,2,1,1,3,5,4,4,4,2,1,2,1,2,1,2,1,2,1,1,2,1,1,2,1,1,1,,1,2,,,,,1,3,3,1,1,1,1,1,1,4,4,4,4,2,2,1,4,2,2,5,30,4,4,4
210,1,1,2,,,1,,,9,1,1,1,2,9,2,9,1,2,98,,2,2,2,1,8,1,1,5,10,1,8,5,10,10,5,5,5,5,5,2,,8,,1,1,1,10,1,1,1,1,1,1,1,1,1,1,2,1,9,1,3,1,2,1,2,2,2,2,2,2,2,2,,2,2,1,2,,,,,,3,,3,2,2,2,2,2,2,2,2,2,2,2,3,2,2,3,2,3,69,3,5,1
210,1,1,2,,,1,,,2,1,2,2,2,2,2,2,1,2,9,3,2,2,2,2,2,2,2,8,4,8,8,7,7,7,8,8,8,8,8,2,,1,4,6,6,5,6,6,6,7,5,6,6,6,7,2,2,2,1,1,1,1,1,2,1,2,2,2,2,1,2,1,2,,1,1,,2,,,,,,3,,3,2,2,2,2,2,2,3,2,2,1,3,4,4,2,2,2,6,76,8,5,1
210,1,2,2,,,2,,,2,3,1,1,2,4,4,4,3,,4,2,3,2,3,3,3,2,3,7,7,4,7,7,7,7,5,5,5,7,5,1,10,1,3,3,6,2,4,5,4,4,5,6,6,6,5,3,4,4,3,1,1,3,3,1,3,2,2,2,1,2,1,1,2,,1,1,,1,,,,,,1,4,3,1,1,1,1,1,1,4,4,4,4,2,4,4,4,3,2,3,22,5,4,1
210,3,2,2,,1,1,,,2,1,3,3,2,2,2,2,1,1,9,2,3,2,2,3,3,3,3,5,97,2,5,5,97,97,1,3,3,3,3,1,9,1,3,5,9,2,1,3,1,4,7,4,4,4,4,3,2,4,3,1,3,1,1,1,1,2,2,2,2,2,2,2,1,,2,1,,2,,,,,,1,4,3,1,1,1,1,1,1,1,4,4,4,1,4,4,4,2,2,5,55,9,1,4
210,1,2,1,,,1,,,1,3,1,1,4,4,9,4,9,,18,1,1,2,2,2,3,8,8,6,3,98,5,5,3,6,1,1,3,1,3,1,96,2,,98,98,98,1,98,1,97,1,1,1,1,98,4,4,4,3,1,3,3,3,2,3,1,2,2,1,2,9,9,2,1,1,9,,1,2,,,,,1,1,4,1,1,1,1,1,1,4,4,4,4,2,4,4,4,2,2,3,30,4,4,4
210,1,1,2,,,3,2,2,,,,,,,,,,,,,,,,,,,,,,,,,,,,,,,,,,,,,,,,,,,,,,,,,,,,,,,,,,,,9,9,9,9,9,9,,9,9,9,,,,,,,,,,,,,,,,,,,,,,,,,,2,20,,1,4
210,1,1,2,,,2,,,3,1,2,2,2,4,4,4,1,2,4,3,2,1,8,2,2,2,3,7,10,6,3,4,5,8,1,9,9,8,9,1,2,1,1,8,10,4,7,5,5,7,3,4,3,3,4,4,4,2,2,1,1,1,2,1,1,2,1,2,1,1,1,1,2,,1,1,,1,,,,,,1,3,3,1,1,1,1,1,1,2,2,2,4,4,4,2,4,3,1,3,25,2,1,4
212,3,1,1,,4,3,3,2,,,,,,,,,,,,,,,,,,,,,,,,,,,,,,,,,,,,,,,,,,,,,,,,,,,,,,,,,,,,9,9,9,9,9,9,9,9,9,9,,,,,,,,,,,,,,,,,,,,,,,,,,6,38,,4,4
212,1,2,2,,,2,,,9,3,1,3,3,2,2,2,1,1,10,9,2,2,2,2,3,2,2,3,3,3,3,3,3,3,3,3,3,3,3,8,,1,98,5,5,5,5,5,5,5,5,5,5,5,5,2,2,1,1,3,1,1,1,1,1,1,2,9,9,9,9,9,9,,9,9,,1,,,,,,9,,3,9,9,9,9,9,9,4,4,4,4,1,8,2,4,1,2,6,99,3,5,1
212,1,1,2,,,3,1,,3,3,1,1,3,1,4,1,1,1,97,,1,2,2,3,1,1,3,8,6,8,8,9,8,9,8,8,8,8,8,1,4,2,,5,2,2,4,4,2,2,2,2,8,2,3,4,4,4,3,3,3,3,3,3,1,1,1,1,1,1,1,1,1,,1,1,,1,,,,,,1,2,3,1,1,1,1,1,1,4,4,4,4,1,4,4,4,3,,5,19,3,4,1
212,1,2,2,,,1,,,1,3,1,1,1,1,1,1,1,2,12,3,1,8,3,2,1,1,3,8,9,5,8,8,7,6,7,7,9,9,9,1,10,2,,3,7,1,2,3,2,2,3,2,4,3,4,4,4,3,9,9,9,9,9,9,9,1,1,2,1,1,1,2,2,,1,1,,1,,,,,,1,4,3,1,1,1,1,1,1,4,4,3,4,1,4,4,4,2,2,7,40,4,5,1
212,1,2,2,,,3,2,1,3,1,1,1,4,1,1,1,1,3,8,2,1,3,3,1,1,1,1,8,8,8,8,8,8,8,8,8,8,8,8,1,9,2,,98,10,5,4,5,6,6,6,8,10,6,6,4,4,4,2,1,2,2,2,2,1,2,2,2,1,1,1,2,2,,1,1,,1,,,,,,1,1,2,1,1,1,1,1,1,4,4,4,4,4,4,4,4,3,,6,28,4,5,1
212,1,1,2,,,2,,,3,3,1,1,1,1,1,1,3,,8,2,3,3,3,3,1,3,2,7,6,6,8,8,6,8,8,7,8,8,7,1,12,2,,4,5,3,4,4,4,4,5,5,3,4,4,4,4,4,1,1,1,3,1,2,2,2,1,2,2,1,1,9,1,,1,1,,1,,,,,,1,3,3,1,1,1,1,1,1,4,4,4,4,2,3,4,4,3,2,7,50,5,5,1
212,1,1,1,,,2,,,1,2,1,2,4,1,1,1,1,3,7,3,1,3,2,3,1,1,2,6,1,6,6,6,5,5,6,1,6,6,6,2,,2,,5,5,5,5,6,1,5,5,5,5,5,5,1,1,1,1,3,1,1,2,3,3,1,1,1,1,1,2,1,1,1,1,1,,1,1,4,2,2,2,1,3,3,1,1,1,1,1,1,4,4,4,3,1,1,2,1,3,2,5,35,4,5,1
212,1,1,2,,,1,,,2,3,1,3,4,4,4,4,3,,17,2,3,3,3,3,3,3,3,6,8,5,6,7,4,7,5,5,7,7,7,1,10,1,3,5,7,4,4,5,4,5,5,6,5,5,5,4,3,3,1,1,1,3,1,1,1,1,1,1,1,1,1,1,1,,1,1,,1,,,,,,1,1,2,1,1,1,1,1,1,4,4,4,4,1,4,4,4,1,1,5,27,4,5,1
212,1,2,2,,,2,,,3,2,1,3,2,2,2,2,1,1,3,2,2,2,1,2,3,2,3,8,10,1,97,5,97,5,5,8,9,97,97,1,96,8,,97,10,97,97,1,97,5,97,97,97,97,97,4,4,1,1,1,1,2,3,3,1,1,1,1,1,1,1,1,1,,1,1,,1,,,,,,1,2,1,1,1,1,1,1,1,4,4,4,4,1,4,4,4,3,2,7,52,5,5,1
212,1,1,1,,,1,,,3,3,2,2,3,2,2,2,1,1,9,2,2,3,3,1,3,3,3,10,10,10,10,10,10,10,10,10,10,10,10,1,6,2,,10,10,10,10,10,10,10,10,10,10,10,10,4,4,4,3,3,3,3,3,3,3,2,2,1,1,1,1,1,1,1,1,1,,1,1,6,1,1,1,1,1,1,1,1,1,1,1,1,1,1,1,1,1,1,1,1,1,1,6,49,9,5,4
212,1,2,2,,,2,,,1,2,1,1,1,1,1,1,1,3,9,3,1,1,3,3,1,3,1,5,5,5,5,5,5,5,5,5,5,5,5,1,1,1,6,5,7,3,5,4,3,97,3,97,5,5,3,3,4,3,2,1,1,2,2,1,2,1,1,9,1,1,1,1,2,,1,1,,1,,,,,,1,1,2,1,1,1,1,1,1,4,4,4,4,3,3,3,4,3,2,5,24,4,5,1
212,1,2,2,,,2,,,2,3,1,2,2,2,2,4,2,,9,2,3,2,3,3,3,3,2,5,5,5,3,3,5,5,5,5,5,5,5,1,12,1,4,4,9,1,3,3,4,2,3,3,5,97,3,3,2,4,2,2,2,3,3,1,3,1,1,2,2,1,1,2,1,,1,2,,2,,,,,,6,,3,2,2,1,2,1,2,4,4,4,3,2,4,3,4,2,2,6,21,1,5,2
212,1,2,9,,,9,9,9,,,,,,,,,,,,,,,,,,,,,,,,,,,,,,,,,,,,,,,,,,,,,,,,,,,,,,,,,,,,9,9,9,9,9,9,,9,9,9,,,,,,,,,,,,,,,,,,,,,,,,,,9,99,,9,9
212,1,1,2,,,1,,,2,3,9,2,2,2,2,2,1,1,9,2,2,2,2,2,3,2,3,5,9,5,2,2,7,7,3,7,7,9,3,2,,1,9,97,97,97,9,7,97,97,97,97,97,97,97,4,4,4,1,1,1,2,3,2,2,2,9,2,2,1,1,2,2,,1,2,,2,,,,,,3,,4,2,2,9,9,9,9,4,4,2,4,1,2,4,4,3,1,5,47,9,9,2
212,1,1,1,,,2,,,1,3,3,1,4,4,5,5,2,,96,,,,,,,,,4,7,6,4,5,5,5,97,6,5,7,8,2,,2,,5,7,6,7,7,3,4,7,6,8,6,6,4,4,4,1,2,2,1,2,1,2,1,1,2,1,2,1,1,2,1,1,1,,1,2,,,,,1,3,2,1,1,1,1,1,1,4,3,4,3,1,4,4,4,3,2,5,35,9,5,1
212,1,1,2,,,1,,,3,3,1,1,1,1,1,1,1,3,4,9,3,1,2,2,1,2,1,97,97,5,5,5,5,5,97,97,97,97,97,1,96,2,,97,8,1,2,2,97,1,97,97,97,97,1,4,4,4,3,3,1,3,2,1,3,1,1,1,1,1,1,1,1,,1,1,,1,,,,,,1,1,3,1,1,1,1,1,1,4,4,4,4,3,4,4,4,2,1,5,24,3,4,4
212,1,1,2,,,1,,,3,3,3,1,2,2,2,4,1,1,4,2,3,8,3,3,1,3,8,97,7,97,7,97,97,8,8,9,97,97,8,1,9,1,4,1,5,1,1,1,1,1,1,1,1,1,1,4,4,4,1,1,1,1,1,1,1,2,2,1,1,1,1,2,2,,1,1,,1,,,,,,1,1,3,1,1,1,1,1,1,9,4,4,9,4,4,4,4,2,2,5,28,4,5,1
212,1,2,2,,,3,1,,2,3,1,1,1,1,1,1,3,,4,2,1,3,1,3,3,1,3,10,10,4,10,97,10,8,10,9,9,10,10,2,,1,7,3,10,1,6,3,8,5,8,9,10,8,7,4,4,4,2,1,1,1,1,2,2,2,1,1,1,1,1,2,1,,1,1,,1,,,,,,1,4,3,1,1,1,1,1,1,4,4,4,4,3,3,4,4,1,,7,30,5,5,3
212,1,1,2,,,2,,,2,1,3,1,4,4,4,4,1,1,1,2,3,8,8,3,1,1,1,8,8,5,8,8,5,8,10,8,8,8,8,1,1,2,,5,10,5,5,8,5,1,5,7,8,5,8,4,4,4,2,3,1,1,3,1,1,1,1,1,1,1,1,2,1,,1,1,,1,,,,,,1,4,4,1,1,1,1,1,1,4,2,2,2,2,2,4,2,9,2,7,54,6,5,2
212,1,1,2,,,2,,,1,2,2,2,4,3,5,5,1,3,96,,,,,,,,,7,8,7,7,97,97,6,97,97,97,4,97,1,5,1,1,9,9,97,97,97,3,97,97,97,97,9,9,4,8,4,2,3,2,2,3,2,3,1,1,2,1,1,1,1,1,,1,1,,1,,,,,,3,,1,1,1,1,1,1,1,4,4,4,4,4,4,4,4,2,2,7,74,6,5,1
212,1,1,2,,,1,,,2,3,3,2,4,2,4,2,1,1,3,1,2,3,3,2,1,1,2,10,9,1,6,5,8,10,1,7,7,7,7,1,10,1,3,1,10,98,2,5,3,1,5,7,9,7,9,3,4,4,2,1,1,1,2,3,1,1,1,2,2,1,1,1,2,,1,2,,1,,,,,,1,9,2,1,1,1,1,1,1,2,4,4,1,1,4,2,4,3,2,8,19,6,5,4
212,1,2,1,,,3,1,,9,3,1,3,1,9,1,9,1,1,4,3,1,3,2,2,1,3,1,9,9,2,9,9,8,9,5,9,9,8,8,8,,1,3,9,9,1,8,8,5,8,7,8,8,7,7,3,2,3,1,1,3,2,2,1,3,1,1,1,1,1,1,1,1,1,1,1,,1,1,7,3,3,3,4,,4,1,1,1,1,1,1,4,4,4,4,1,3,2,4,2,,5,31,1,4,4
212,3,2,2,,2,3,1,,9,9,1,1,1,1,9,4,1,9,5,2,3,3,8,3,1,1,8,8,9,97,9,9,7,97,6,7,97,97,97,1,96,1,5,98,98,8,98,10,6,98,97,98,98,97,98,4,4,4,9,9,9,9,9,9,9,1,2,9,9,9,9,9,9,,9,9,,2,,,,,,3,,2,9,1,1,1,1,1,8,4,4,4,8,4,4,4,2,,6,65,5,2,4
212,1,1,1,,,1,,,2,3,2,2,2,2,2,2,1,1,12,1,3,3,3,2,1,2,3,5,8,2,2,2,5,2,3,5,7,7,3,1,2,1,7,2,9,1,4,3,1,5,7,2,7,4,1,2,1,4,3,1,1,3,3,3,1,2,1,2,1,1,1,1,1,1,1,2,,2,1,7,1,3,1,1,9,4,2,2,2,2,2,2,4,2,4,4,1,4,4,4,2,1,5,42,4,2,1
212,1,2,2,,,3,3,2,,,,,,,,,,,,,,,,,,,,,,,,,,,,,,,,,,,,,,,,,,,,,,,,,,,,,,,,,,,,9,9,9,9,9,9,,9,9,9,,,,,,,,,,,,,,,,,,,,,,,,,,6,51,,5,1
213,1,2,2,,,3,1,,3,3,1,1,4,4,3,4,1,2,4,2,2,8,2,3,3,2,2,4,5,6,6,4,5,5,5,6,6,5,6,1,9,2,,4,4,5,7,6,6,5,6,5,5,6,6,2,2,2,3,2,3,3,1,1,1,1,1,1,2,1,2,2,2,,1,1,,1,,,,,,2,1,3,2,2,2,2,2,2,4,4,4,2,1,4,3,4,2,,6,24,2,4,4
213,1,1,2,,,1,,,1,1,1,1,1,1,1,1,1,3,9,1,2,1,3,3,1,2,3,3,97,97,10,1,97,97,1,2,4,97,1,1,4,2,,5,97,97,10,4,3,4,97,3,4,97,4,4,3,3,1,2,1,1,3,1,1,2,1,2,2,1,1,2,2,,1,1,,1,,,,,,4,,3,1,1,1,1,1,1,4,4,4,3,3,4,3,4,2,2,3,18,7,5,2
213,1,2,2,,,3,3,2,,,,,,,,,,,,,,,,,,,,,,,,,,,,,,,,,,,,,,,,,,,,,,,,,,,,,,,,,,,,9,9,9,9,9,9,,9,9,9,,,,,,,,,,,,,,,,,,,,,,,,,,3,21,,1,4
213,1,1,1,,,2,,,1,1,2,1,2,4,1,4,1,2,4,1,8,8,2,2,2,3,3,8,97,97,5,5,97,97,97,1,1,7,7,1,1,2,,10,10,8,6,97,97,10,97,10,10,97,10,4,4,4,1,2,1,3,3,1,3,1,2,1,2,2,1,2,2,1,1,1,,2,2,,,,,4,,4,9,9,2,9,1,9,1,4,2,1,1,1,2,3,2,2,3,28,1,1,4
213,1,2,2,,,1,,,1,3,1,1,1,1,1,1,1,2,9,3,1,2,3,3,1,1,1,9,10,7,9,9,97,9,9,10,9,8,10,1,10,2,,7,10,6,6,7,97,97,7,9,9,97,8,4,4,2,1,1,1,1,2,2,1,1,1,1,1,1,1,1,1,,1,1,,1,,,,,,2,3,3,1,1,1,1,1,1,3,4,3,4,3,4,4,4,1,2,6,22,5,5,1
213,3,2,1,,4,1,,,2,3,1,1,2,2,3,3,1,1,4,2,2,2,2,2,3,2,3,2,8,8,3,1,5,2,8,8,8,7,5,1,12,1,4,5,2,10,1,2,1,2,8,8,8,7,5,2,2,2,1,3,3,1,1,1,1,1,2,9,9,9,9,9,9,9,9,9,,2,1,4,2,2,2,4,,3,1,1,1,1,1,1,4,2,4,2,1,4,4,4,2,1,5,45,3,4,4
213,1,2,2,,,3,1,,1,3,1,1,4,3,4,4,1,1,17,3,3,3,3,3,3,3,3,5,5,5,5,5,5,5,5,5,5,5,5,2,,1,4,2,8,5,2,3,3,2,4,2,2,98,2,3,3,4,2,3,2,3,3,1,2,1,1,2,1,1,1,1,2,,1,1,,2,,,,,,1,1,3,1,1,1,1,1,1,3,3,1,3,3,3,3,4,3,,7,23,5,5,3
213,1,1,2,,,3,3,3,,,,,,,,,,,,,,,,,,,,,,,,,,,,,,,,,,,,,,,,,,,,,,,,,,,,,,,,,,,,9,9,9,9,9,9,,9,9,9,,,,,,,,,,,,,,,,,,,,,,,,,,7,36,,1,4
213,1,1,2,,,1,,,1,3,1,2,1,3,5,5,1,2,96,,,,,,,,,3,1,8,1,3,1,2,1,3,1,1,5,1,4,2,,2,1,7,8,2,8,1,1,2,6,1,7,4,1,1,2,1,2,1,1,1,1,1,2,2,1,2,2,1,2,,2,1,,1,,,,,,1,2,2,2,2,1,2,2,1,2,1,1,1,1,2,2,2,1,2,6,47,9,5,4
213,1,1,2,,,1,,,2,2,1,3,1,1,1,1,1,1,17,2,2,1,2,3,1,1,3,97,5,97,97,97,97,97,97,97,97,97,97,1,96,1,96,8,6,4,4,6,5,5,5,7,6,7,6,4,4,2,2,1,3,2,1,3,3,2,1,2,1,1,1,1,1,,1,1,,1,,,,,,1,1,3,1,1,1,1,1,1,4,4,3,4,1,4,4,4,1,2,6,38,6,5,1
213,1,2,1,,,3,2,1,3,9,1,2,2,9,4,9,9,,97,,2,2,3,2,3,2,2,98,10,10,10,10,1,1,10,10,1,10,9,1,98,8,,97,1,10,10,98,10,10,10,1,10,98,1,4,4,3,1,9,3,9,1,2,9,1,2,1,2,2,2,2,2,1,2,2,,2,9,,,,,2,4,2,1,2,2,1,9,1,3,3,3,3,8,4,4,4,3,,2,30,8,1,1
213,1,2,1,,,2,,,1,3,1,1,1,1,1,2,2,,4,1,2,2,8,3,1,3,3,7,9,3,8,9,7,7,1,6,9,5,9,1,5,1,9,1,97,5,4,97,97,97,97,97,97,97,97,4,2,4,3,1,3,2,1,2,3,1,2,1,1,2,1,2,2,2,2,1,,1,2,,,,,1,3,4,2,2,2,1,1,1,4,4,1,4,1,3,4,2,3,2,6,25,2,4,4
213,3,2,1,,1,1,,,3,1,1,1,2,2,2,2,1,1,4,3,2,8,2,2,2,2,2,7,1,7,5,7,1,3,5,6,6,6,4,2,,1,4,9,1,9,8,8,5,2,3,10,9,7,7,4,2,4,1,2,2,2,2,2,1,2,2,1,1,1,2,2,1,1,2,2,,2,9,,,,,6,,3,1,1,1,1,1,1,1,4,4,4,2,2,4,4,3,1,3,22,1,1,4
213,1,1,2,,,1,,,1,3,1,1,1,1,1,1,1,1,9,3,1,2,3,3,1,1,3,8,7,8,8,8,8,8,7,6,7,9,8,2,,2,,5,8,2,2,3,9,4,4,98,7,98,4,3,3,4,1,1,2,2,1,1,1,2,1,1,2,1,1,1,1,,1,1,,1,,,,,,1,4,3,1,1,1,1,1,1,4,3,4,3,3,4,4,4,2,2,7,29,5,5,1
213,1,1,2,,,3,1,,2,3,1,1,1,1,2,2,1,2,5,2,3,3,3,3,3,3,3,97,97,8,8,10,10,7,7,7,9,7,8,1,7,2,,6,9,5,5,4,5,6,5,6,8,6,6,4,4,4,3,1,3,1,3,1,3,1,2,9,9,9,9,9,9,,9,9,,1,,,,,,1,1,3,1,1,1,1,1,1,4,4,4,4,4,4,4,4,2,,3,32,2,1,1
213,1,2,2,,,1,,,2,9,9,2,4,3,4,4,1,1,97,,3,8,8,8,3,3,3,98,98,5,2,5,2,98,5,5,9,5,5,8,,8,,98,98,98,98,98,98,98,98,98,98,98,98,8,8,3,1,1,1,1,3,3,1,2,1,2,2,1,2,2,2,,2,1,,2,,,,,,3,,3,9,9,9,9,9,9,4,4,4,1,4,4,4,4,3,2,3,73,4,5,1
213,1,1,2,,,3,3,2,,,,,,,,,,,,,,,,,,,,,,,,,,,,,,,,,,,,,,,,,,,,,,,,,,,,,,,,,,,,9,9,9,9,9,9,,9,9,9,,,,,,,,,,,,,,,,,,,,,,,,,,8,47,,1,4
213,1,1,2,,,1,,,9,3,2,2,4,1,1,1,3,,9,3,8,1,1,1,1,1,1,8,1,5,6,8,6,4,7,8,8,5,7,2,,2,,4,6,3,5,5,4,5,4,1,3,1,3,4,2,4,3,2,3,9,3,3,3,1,9,2,2,1,1,2,2,,2,1,,2,,,,,,4,,3,1,1,1,1,1,1,4,8,4,8,8,8,8,4,3,1,3,18,1,1,4
213,1,1,2,,,3,2,2,,,,,,,,,,,,,,,,,,,,,,,,,,,,,,,,,,,,,,,,,,,,,,,,,,,,,,,,,,,,9,9,9,9,9,9,,9,9,9,,,,,,,,,,,,,,,,,,,,,,,,,,3,51,,5,1
213,1,1,2,,,2,,,2,1,1,1,4,3,2,4,9,,17,2,3,8,2,2,8,3,3,97,97,97,5,97,97,97,97,8,8,8,10,1,98,1,4,97,97,97,2,10,97,97,97,97,97,97,97,4,3,4,2,1,1,2,2,1,2,2,2,2,2,2,2,2,2,,2,1,,2,,,,,,3,,1,1,1,1,1,1,1,4,4,4,4,4,4,4,4,2,2,2,65,5,5,2
213,1,2,2,,,3,1,,3,3,1,1,1,1,1,1,1,1,4,2,1,3,3,3,1,1,2,7,7,7,5,7,7,7,7,7,7,7,7,2,,1,4,5,9,4,5,6,5,9,2,2,2,1,1,4,4,4,1,1,1,1,2,3,3,2,2,2,2,2,1,2,2,,1,1,,1,,,,,,1,3,1,1,1,1,1,1,1,4,3,4,4,1,4,4,4,1,,6,18,3,4,1
213,1,1,1,,,2,,,9,3,1,9,9,9,9,9,1,1,4,2,2,2,2,3,3,2,2,97,5,3,1,2,97,97,5,5,7,4,3,2,,1,4,98,98,98,98,98,98,98,98,98,98,98,98,3,2,4,2,1,1,1,2,1,2,2,1,9,9,9,1,2,1,9,1,1,,1,9,,,,,3,,1,1,1,1,1,1,1,4,4,4,4,2,4,2,4,3,2,9,74,9,5,1
213,2,1,2,2,,3,1,,1,2,2,1,2,1,4,4,3,,4,1,1,3,2,3,3,3,2,8,6,6,8,4,5,3,3,3,3,2,1,2,,1,4,2,2,2,2,5,5,5,4,5,2,5,2,1,1,1,2,2,2,2,2,2,2,2,2,2,1,1,1,1,1,,1,1,,2,,,,,,4,,1,1,1,1,1,1,1,1,1,1,1,1,2,2,4,1,,2,36,1,5,2
213,1,2,2,,,1,,,2,3,2,2,2,2,2,4,1,2,9,3,3,2,3,3,1,2,3,10,5,1,3,3,1,1,1,1,1,10,1,2,,2,,3,10,1,2,3,1,5,1,5,3,1,3,1,1,1,1,1,1,2,3,1,2,2,1,1,1,1,1,2,1,,1,1,,1,,,,,,4,,2,1,1,2,2,1,1,4,4,4,4,1,4,4,4,2,2,2,18,8,5,2
213,1,2,2,,,2,,,2,3,1,1,3,2,3,2,3,,4,2,3,3,3,2,1,3,3,5,3,5,9,10,5,4,3,7,6,6,6,1,5,1,4,4,3,4,7,5,3,4,4,6,6,5,5,4,4,4,1,3,1,2,1,1,3,1,2,1,2,1,2,2,2,,2,1,,2,,,,,,4,,9,1,1,1,1,1,1,4,4,4,4,4,4,4,4,3,1,3,18,8,4,4
213,1,1,2,,,2,,,2,1,1,2,4,2,4,3,9,,2,2,3,8,1,3,1,2,3,97,9,97,1,9,97,97,97,3,97,5,97,1,5,1,4,97,10,3,5,5,97,97,5,5,7,5,97,2,2,1,1,1,3,2,1,1,1,2,1,9,9,9,9,9,9,,9,9,,1,,,,,,5,,3,2,1,2,1,1,1,4,4,4,4,1,4,4,4,2,1,5,68,1,5,1
213,1,1,2,,,2,,,1,2,1,1,4,4,1,1,9,,2,2,3,8,1,3,1,8,3,98,98,6,8,6,98,98,7,8,8,98,7,2,,2,,97,9,2,1,97,3,3,5,8,10,97,8,3,3,3,1,1,1,3,1,1,2,2,1,2,2,1,1,1,1,,1,1,,1,,,,,,1,1,2,1,1,1,1,1,1,3,3,3,3,2,3,3,4,3,1,6,30,6,5,1
213,1,1,2,,,1,,,2,2,1,2,2,2,2,2,1,1,9,2,2,2,2,2,3,1,3,8,8,4,6,6,5,5,8,7,7,4,7,1,2,1,1,8,6,7,4,4,6,97,7,7,7,5,5,3,1,3,1,1,1,2,3,2,1,1,1,9,1,1,1,9,1,,1,1,,2,,,,,,1,1,2,1,1,1,1,1,1,4,4,4,3,2,3,4,4,4,2,2,37,3,5,1
213,1,2,2,,,2,,,9,2,1,1,4,3,3,3,1,2,4,2,3,2,2,3,3,2,3,3,3,3,3,3,3,3,3,3,3,3,3,2,,2,,6,97,1,5,5,97,97,5,6,3,97,6,3,2,2,2,1,1,1,1,2,3,2,2,2,2,2,9,2,2,,2,2,2,1,,,,,,1,4,3,1,1,1,1,1,1,4,4,2,4,1,4,3,4,2,2,6,36,3,5,1
213,2,2,2,2,,1,,,2,3,2,3,3,2,2,5,2,,4,3,3,2,2,2,3,2,3,7,5,3,2,5,3,7,5,3,3,3,3,2,,1,5,5,7,97,2,2,2,5,5,6,6,4,3,2,2,4,1,2,1,3,3,3,1,2,2,2,2,1,1,1,2,,1,1,,2,,,,,,1,4,3,1,1,1,1,1,1,4,2,2,4,2,3,2,4,2,2,5,20,9,5,2
213,1,1,2,,,3,3,2,,,,,,,,,,,,,,,,,,,,,,,,,,,,,,,,,,,,,,,,,,,,,,,,,,,,,,,,,,,,9,9,9,9,9,9,,9,9,9,,,,,,,,,,,,,,,,,,,,,,,,,,3,32,,2,4
213,1,1,1,,,2,,,3,3,1,2,1,2,2,2,1,1,4,2,2,3,2,2,1,1,8,7,3,6,5,6,4,5,7,6,7,5,6,2,,2,,3,6,3,2,2,2,4,3,3,3,97,3,1,3,4,2,1,1,1,3,1,2,2,1,1,1,1,1,2,1,1,1,1,,1,1,12,1,2,1,1,1,4,1,1,1,1,1,1,4,4,4,4,4,4,4,4,3,1,5,40,9,5,2
214,3,2,1,,1,1,,,2,3,1,1,3,4,1,5,1,3,97,,3,3,3,1,3,1,3,1,4,1,1,7,6,1,9,7,6,2,4,1,98,2,,1,6,7,8,1,1,6,7,6,8,6,8,3,3,4,2,1,2,3,1,3,3,2,2,1,1,2,1,2,1,1,2,1,,2,9,,,,,2,2,3,9,1,1,1,1,2,2,2,2,2,3,2,1,1,2,1,4,34,3,1,4
214,1,2,2,,,1,,,2,2,1,2,2,2,2,2,1,1,4,2,2,2,2,3,3,2,3,1,5,1,1,1,1,1,1,1,1,1,5,8,,1,1,6,5,98,4,97,98,98,97,97,97,97,97,1,1,1,1,1,1,1,1,1,2,1,2,2,2,1,1,1,1,,1,1,,2,,,,,,3,,2,2,2,2,2,2,2,4,1,3,1,1,4,2,4,2,2,3,82,9,5,1
214,2,2,2,2,,2,,,2,9,2,2,2,2,2,2,1,1,13,1,2,8,2,8,8,1,8,98,98,2,97,98,97,97,6,98,99,1,5,2,,1,12,7,1,98,9,1,1,1,9,3,98,3,1,8,4,4,2,1,1,3,1,2,1,2,1,2,2,1,2,1,2,,2,2,,2,,,,,,5,,3,1,1,1,1,1,1,4,3,4,4,4,4,4,4,2,2,2,88,1,5,2
214,1,2,1,,,1,,,3,3,3,3,4,4,4,4,1,1,17,1,3,3,2,2,1,2,8,8,8,6,9,9,2,6,9,9,10,7,5,1,10,1,4,10,4,1,10,8,8,6,7,10,10,8,10,2,4,3,1,1,1,1,2,2,1,2,2,1,2,1,1,1,1,2,1,1,,1,2,,,,,1,4,3,1,1,1,1,1,1,4,4,4,4,1,4,4,4,2,2,3,38,4,5,2
215,1,1,2,,,1,,,2,3,1,1,1,1,1,1,3,,4,3,3,3,3,3,3,3,3,9,5,5,7,5,5,6,5,9,8,98,5,2,,2,,2,9,2,2,5,3,1,1,1,1,1,1,4,4,4,3,1,1,1,1,2,2,2,9,2,2,2,2,2,2,,1,1,,1,,,,,,2,3,2,1,1,1,1,1,1,4,4,4,3,3,4,4,4,2,2,3,18,2,5,2
215,1,2,2,,,1,,,3,1,2,2,3,2,3,2,3,,97,,2,2,2,2,1,2,2,10,3,10,10,10,1,10,4,1,10,1,10,2,,1,9,10,1,1,10,10,1,10,10,10,1,1,10,3,4,1,2,1,1,3,1,1,1,2,2,1,2,1,1,1,1,,1,1,,1,,,,,,1,3,4,2,2,2,2,2,2,1,1,3,3,1,1,1,4,2,2,2,35,1,2,1
215,1,2,2,,,2,,,9,1,3,2,3,1,4,3,1,1,98,,9,8,8,1,1,1,1,2,1,2,1,9,1,8,8,1,8,1,7,9,,2,,2,1,1,1,9,1,2,7,1,8,1,1,1,8,8,2,3,2,2,9,2,1,2,1,2,1,2,9,1,1,,2,9,,2,,,,,,1,3,9,2,1,2,2,1,2,1,1,8,2,1,1,8,1,3,2,4,69,9,5,1
215,1,2,1,,,2,,,2,3,1,1,4,4,4,1,1,1,4,2,3,3,3,2,3,3,3,5,5,4,9,4,5,1,5,8,8,5,5,1,9,1,7,5,97,97,97,97,5,97,97,8,97,97,97,4,4,4,1,1,1,3,2,1,1,1,1,2,1,1,1,2,1,2,2,1,,2,2,,,,,2,4,3,1,1,1,1,1,1,4,4,2,4,1,4,1,4,2,1,3,26,9,1,1
215,1,1,2,,,3,1,,3,2,1,3,1,4,4,4,1,2,5,2,2,2,2,3,3,3,3,5,8,8,3,3,98,4,10,7,7,5,5,1,12,1,6,97,97,97,97,97,97,97,97,97,97,97,97,2,2,2,3,2,3,3,3,1,3,2,2,2,2,1,1,2,2,,2,1,,1,,,,,,3,,2,9,9,9,9,9,9,4,4,4,4,1,4,2,4,1,,7,75,9,5,1
215,1,2,2,,,1,,,2,2,2,2,3,4,4,4,3,,97,,3,3,3,3,3,2,3,7,7,7,5,6,5,6,6,6,6,6,6,1,8,1,4,5,7,6,4,4,4,5,4,6,6,3,6,4,4,4,2,1,1,1,3,3,3,2,2,2,2,1,1,1,2,,2,1,,1,,,,,,4,,3,1,1,1,1,1,1,4,4,2,3,3,2,4,4,1,2,5,32,5,5,1
215,1,2,2,,,1,,,3,3,1,1,1,4,4,4,1,3,13,3,1,3,3,3,1,3,3,10,10,10,10,10,10,10,10,10,10,10,10,1,12,1,12,5,10,1,3,97,3,6,97,7,97,5,8,4,3,2,1,1,1,3,1,3,3,1,2,2,2,1,2,1,2,,1,1,,1,,,,,,3,,2,2,2,2,2,2,2,4,4,4,4,4,4,4,4,3,1,3,65,3,5,1
215,1,2,1,,,1,,,2,3,2,2,4,4,4,4,3,,2,1,3,2,3,2,3,2,2,4,5,4,4,6,4,4,6,5,5,5,5,2,,2,,3,98,2,4,3,3,3,4,3,3,97,3,2,2,1,9,1,1,2,2,2,3,2,2,1,2,1,9,1,2,1,2,1,,2,2,,,,,4,,4,2,1,2,2,2,2,4,4,4,4,4,4,4,4,2,2,3,27,9,5,1
215,1,2,2,,,2,,,1,3,1,1,4,4,4,4,1,2,16,2,3,3,3,3,3,1,3,6,6,4,4,6,6,6,98,5,4,6,4,2,,1,9,5,9,3,4,97,4,3,97,3,6,97,6,2,3,4,1,1,1,2,1,1,3,2,1,1,1,1,1,1,2,,1,1,,1,,,,,,1,3,2,1,1,1,1,1,1,4,4,3,4,3,4,4,4,3,2,6,38,7,5,2
215,2,1,2,2,,2,,,2,1,1,1,1,1,1,1,1,1,16,2,1,3,3,3,1,1,3,8,8,8,8,8,7,7,8,5,5,8,6,1,7,2,,1,1,1,1,1,1,1,1,1,1,1,1,4,4,4,3,2,3,3,3,2,1,2,1,2,2,1,1,2,2,,1,1,,1,,,,,,1,4,1,1,1,1,1,1,1,4,4,4,4,1,4,4,4,2,2,7,37,5,5,2
215,1,1,2,,,1,,,3,3,1,1,1,1,4,4,3,,15,3,1,8,8,3,1,1,3,7,6,7,2,4,3,4,10,8,8,8,9,2,,1,4,8,8,5,3,7,5,2,97,3,3,97,7,2,4,4,3,1,1,3,2,1,3,1,1,2,2,2,2,1,2,,1,2,,2,,,,,,1,9,1,1,1,1,1,1,1,4,4,4,3,1,4,3,4,2,1,6,23,4,5,4
215,1,1,2,,,1,,,2,2,2,2,2,2,2,2,1,1,2,1,2,8,3,2,3,2,3,3,1,3,3,3,3,3,3,3,5,3,3,8,,1,2,5,8,3,1,5,5,3,5,5,10,5,5,1,1,2,1,1,1,2,2,1,2,2,1,9,9,9,9,9,9,,9,9,,2,,,,,,1,3,2,1,1,1,1,1,1,4,1,4,1,1,2,2,4,2,2,5,26,4,5,1
216,1,2,2,,,1,,,1,1,1,2,1,4,4,4,3,,9,2,3,3,3,3,1,3,3,97,7,97,5,97,97,97,7,8,8,97,7,2,,2,,3,6,5,4,5,7,5,4,7,8,5,5,2,4,4,1,2,1,2,1,1,9,2,2,2,2,1,1,1,2,,1,1,,2,,,,,,3,,2,1,1,1,1,1,1,4,3,4,2,2,2,1,4,1,1,3,60,9,5,1
216,1,2,2,,,2,,,9,3,1,1,9,4,4,4,1,2,16,1,3,1,3,3,1,1,3,7,7,5,5,97,97,7,9,9,9,9,9,1,10,8,,97,7,4,3,3,3,97,97,6,97,97,97,4,4,4,1,1,1,1,1,1,1,2,9,9,1,1,2,1,2,,2,1,,9,,,,,,2,4,2,1,1,1,1,1,1,4,4,4,4,3,4,4,4,3,2,7,43,5,5,1
216,1,2,2,,,2,,,2,1,1,1,4,4,4,2,3,,98,,2,2,2,2,8,3,3,10,10,97,8,8,97,97,97,97,97,97,97,8,,8,,97,1,1,99,1,97,97,97,97,97,97,97,4,4,2,1,1,1,1,1,1,1,2,2,2,2,1,1,1,2,,1,1,,2,,,,,,3,,3,2,2,2,2,2,2,4,4,4,1,4,4,4,4,2,2,3,82,1,5,1
216,1,2,2,,,1,,,2,3,1,1,4,4,4,4,3,,98,,3,3,3,3,3,3,3,97,97,5,6,97,97,97,97,97,97,10,97,1,11,2,,97,10,1,1,97,1,97,5,97,97,99,1,4,2,3,2,1,1,2,1,1,2,2,2,1,2,1,1,1,1,,1,1,,2,,,,,,5,,3,2,2,2,2,2,2,4,2,3,3,1,4,3,4,2,2,3,50,1,5,1
216,1,1,2,,,2,,,2,2,1,1,2,4,4,4,3,,10,9,3,3,3,3,8,3,3,97,97,97,97,97,97,97,97,97,97,97,97,2,,1,6,2,7,2,1,1,1,3,97,4,7,97,4,3,3,3,2,1,1,2,3,1,2,2,2,2,2,2,1,1,2,,2,2,,2,,,,,,1,4,2,9,9,9,9,9,9,8,3,3,1,1,4,4,4,1,2,6,47,3,5,1
216,1,1,1,,,1,,,1,1,1,1,1,1,1,1,1,1,99,1,1,1,1,1,1,1,1,1,1,1,1,1,1,1,1,1,1,1,1,1,1,1,1,1,1,1,1,1,1,1,1,1,1,1,1,1,1,1,1,1,1,1,1,1,1,1,1,9,9,9,9,9,9,9,9,9,,1,1,1,1,1,1,1,1,1,1,1,1,1,1,1,1,1,1,1,1,1,1,1,1,1,1,62,1,1,1
216,1,2,2,,,1,,,2,9,1,1,4,4,4,4,3,,9,2,3,3,3,3,3,3,3,5,9,1,1,2,2,1,1,5,5,5,5,2,,1,96,1,7,1,1,1,1,1,1,1,2,2,2,1,1,1,1,1,1,2,1,1,3,2,2,2,2,2,2,2,2,,2,2,2,1,,,,,,1,4,9,2,2,2,2,2,2,4,4,4,4,3,3,4,4,3,1,3,99,9,5,1
216,1,1,2,,,2,,,2,3,2,2,2,3,2,4,1,2,4,9,3,3,3,3,3,3,3,3,8,7,4,5,5,4,9,8,5,7,5,2,,1,4,7,98,4,5,97,3,4,98,4,3,5,4,4,1,1,1,1,3,1,3,3,1,2,2,2,2,2,2,1,2,,9,1,,1,,,,,,3,,2,1,1,1,1,1,1,4,4,4,4,2,4,4,4,1,2,6,72,9,5,1
216,1,2,2,,,1,,,2,3,2,9,4,4,3,4,9,,3,1,3,3,3,2,1,2,3,5,5,5,5,5,97,98,5,5,5,5,5,2,,2,,3,6,5,97,3,97,3,5,5,5,4,4,3,3,4,1,1,1,9,9,2,1,2,9,2,2,1,2,1,2,,2,1,,2,,,,,,1,4,2,1,1,1,1,1,1,4,4,4,4,2,4,4,4,3,2,5,27,3,5,2
217,1,2,2,,,2,,,1,2,1,3,3,3,9,9,1,1,12,3,3,2,8,3,3,3,3,98,98,98,98,98,98,98,98,98,98,98,98,1,9,2,,5,98,3,1,98,98,98,5,7,10,5,5,4,2,8,3,3,3,1,3,1,1,1,1,9,1,1,1,1,2,,2,1,,2,,,,,,6,,9,9,9,1,9,9,9,9,9,9,9,9,9,9,9,9,9,6,25,5,5,3
217,1,2,2,,,2,,,2,1,1,2,2,4,4,4,3,,13,9,3,2,2,3,3,3,3,5,5,1,3,5,1,3,1,1,1,3,1,2,,1,98,5,8,1,3,3,3,97,97,97,5,97,5,1,1,1,1,1,1,2,3,2,2,2,1,1,2,2,1,1,2,,1,1,,2,,,,,,1,3,2,2,2,2,2,2,2,4,4,4,4,2,2,4,3,3,2,3,45,4,5,1
217,1,2,1,,,1,,,2,1,1,2,2,2,2,4,3,,4,3,2,2,2,2,1,2,8,97,97,97,4,4,97,97,9,97,97,97,97,8,,1,4,5,5,5,4,3,2,2,7,6,9,6,4,3,3,3,2,1,1,2,3,2,2,2,2,2,1,1,1,1,1,1,1,1,,2,1,4,9,2,2,1,4,2,2,2,2,1,1,2,4,4,4,4,3,4,4,4,3,2,2,49,2,5,1
217,1,1,2,,,2,,,1,3,2,2,3,4,4,4,3,,4,2,3,3,2,3,1,3,3,5,5,1,2,4,1,3,5,1,1,5,2,2,,1,4,8,8,2,5,5,3,6,5,7,7,5,3,1,2,1,1,1,1,1,3,3,1,2,2,2,2,1,1,2,2,,1,1,,1,,,,,,1,4,3,1,1,1,1,1,1,4,4,4,2,3,2,4,4,2,2,3,19,5,5,1
217,1,2,2,,,1,,,1,3,3,2,4,3,4,4,3,,4,3,3,3,3,3,3,3,3,98,98,98,98,98,98,98,98,98,98,98,98,8,,2,,10,10,10,1,10,10,10,10,10,10,10,10,4,2,4,2,9,3,3,1,9,3,2,2,2,2,2,2,2,2,,2,2,2,2,,,,,,4,,3,2,2,2,2,2,2,4,4,4,4,2,4,4,4,3,2,6,27,8,5,1
218,1,1,1,,,1,,,2,3,1,1,4,4,4,4,3,,99,,3,3,3,3,3,3,3,7,7,6,7,6,98,6,5,5,5,6,5,2,,2,,7,7,6,6,6,5,6,5,5,5,6,5,2,3,3,3,3,3,9,3,3,2,2,2,2,2,1,1,1,2,1,1,1,,2,9,,,,,1,4,3,1,1,1,1,1,1,4,4,4,4,4,4,4,4,3,2,3,50,6,5,1
218,1,2,2,,,1,,,9,1,2,2,9,5,5,5,3,,96,,,,,,,,,99,9,99,99,99,99,99,99,99,99,99,99,9,,9,,99,99,99,99,99,99,99,99,99,99,99,99,8,8,2,9,9,9,9,9,9,9,2,2,2,2,2,2,2,2,,2,2,2,2,,,,,,3,,2,2,2,2,2,2,2,4,4,4,4,2,4,4,4,9,2,2,70,9,5,1
218,1,1,1,,,2,,,1,3,2,2,2,3,4,4,3,,97,,2,3,3,3,3,3,3,10,8,8,8,8,6,8,8,8,8,8,8,8,,1,6,8,8,7,7,5,3,7,8,8,8,8,8,4,4,3,3,2,1,9,9,2,3,2,2,2,2,2,1,2,2,9,2,1,,2,2,,,,,4,,4,1,1,1,1,1,1,2,8,8,8,2,8,8,4,2,2,5,54,4,5,1
219,1,1,1,,,2,,,1,3,3,2,2,4,3,3,1,2,9,3,3,3,2,3,1,3,2,10,10,10,1,5,10,10,10,10,10,10,5,1,10,2,,3,10,8,1,97,1,10,1,8,8,2,2,4,4,4,1,1,2,3,3,2,1,2,2,2,2,1,1,1,2,1,1,1,,2,2,,,,,1,2,4,1,1,1,1,1,1,4,4,4,3,1,3,3,4,3,2,3,28,2,5,2
219,1,1,2,,,1,,,1,3,2,2,2,2,4,4,3,,9,2,3,3,2,3,3,3,3,8,10,3,4,5,4,5,5,5,5,4,4,2,,1,6,5,10,4,3,2,3,1,4,5,5,1,4,3,1,2,1,1,1,2,3,3,2,2,2,2,2,2,2,2,2,,2,2,2,2,,,,,,1,1,3,1,1,1,1,1,1,4,4,4,4,3,4,4,4,1,2,3,41,4,5,1
219,1,2,1,,,2,,,1,3,1,1,3,4,4,4,1,2,9,2,3,3,2,3,3,3,3,4,5,7,4,5,3,5,7,6,6,6,5,1,2,1,6,6,5,4,4,5,4,6,5,6,6,6,5,4,4,3,1,1,1,1,1,1,1,2,2,1,1,1,1,1,2,1,1,1,,1,2,,,,,1,1,2,1,1,1,1,1,1,1,3,3,3,1,1,3,3,1,2,5,43,4,5,1
219,1,2,2,,,1,,,2,3,3,3,4,3,3,3,1,2,4,9,2,2,2,3,1,3,3,5,6,3,3,5,3,5,7,7,7,5,7,1,12,1,6,5,7,3,3,98,3,5,98,6,7,98,5,3,1,2,2,2,1,2,2,2,1,1,2,9,9,9,9,9,9,,9,9,,2,,,,,,1,3,3,2,1,1,2,2,2,4,4,2,2,2,2,4,4,3,2,3,41,2,5,1
219,1,2,1,,,2,,,3,3,2,2,3,3,4,4,1,1,4,3,3,3,3,3,3,2,3,5,5,5,1,5,5,5,5,5,5,5,5,2,,1,4,5,5,5,5,5,5,5,5,5,5,5,5,3,3,3,2,1,1,3,1,3,2,2,2,2,1,2,9,2,2,1,1,1,,2,2,,,,,1,3,3,2,1,2,1,2,1,4,4,4,1,4,3,3,4,3,2,2,38,9,5,1
219,1,2,1,,,1,,,2,9,2,2,2,4,4,4,1,2,98,,3,3,3,2,3,8,3,97,97,5,5,5,97,97,5,8,8,6,8,8,,2,,99,99,99,99,99,99,99,99,99,99,99,99,4,4,4,1,1,1,1,3,3,1,1,9,2,1,1,1,1,2,1,1,1,,1,2,,,,,4,,2,9,9,9,9,9,9,4,4,4,4,4,4,4,4,9,2,3,35,2,5,1
219,1,2,2,,,1,,,2,3,1,2,4,4,1,4,3,,14,3,3,3,3,1,1,1,3,97,97,97,5,97,7,97,97,7,8,97,97,2,,1,4,8,8,97,3,5,3,98,5,4,97,97,97,4,4,4,1,1,1,3,3,3,1,2,1,2,2,2,2,1,2,,9,1,,2,,,,,,3,,3,1,1,1,1,1,1,4,4,3,3,2,3,4,4,3,2,3,61,2,5,1
219,1,1,2,,,2,,,2,1,2,2,2,4,5,5,3,,96,,,,,,,,,2,2,2,1,3,2,2,3,2,2,2,3,2,,2,,2,2,3,2,3,2,2,2,2,2,2,3,2,2,2,1,1,1,1,2,1,2,2,2,2,2,2,2,2,2,,2,2,2,2,,,,,,1,4,3,2,2,2,2,2,2,3,4,4,2,4,4,4,2,1,2,3,62,4,5,1
219,1,2,2,,,2,,,3,3,1,1,1,1,1,1,3,,14,9,3,3,8,3,1,3,3,10,5,5,9,5,5,5,9,9,9,5,5,2,,2,,8,5,5,5,5,5,9,8,8,8,5,9,4,4,4,3,3,1,3,3,3,3,2,2,1,1,1,1,1,1,,1,1,,1,,,,,,2,2,1,1,1,1,1,1,1,4,4,4,2,1,4,4,4,3,2,3,19,1,5,2
301,1,2,1,,,3,3,2,,,,,,,,,,,,,,,,,,,,,,,,,,,,,,,,,,,,,,,,,,,,,,,,,,,,,,,,,,,,9,9,9,9,9,9,9,9,9,9,,,,,,,,,,,,,,,,,,,,,,,,,,3,36,,5,4
301,1,1,1,,,2,,,2,2,9,9,4,4,4,4,9,,99,,8,3,3,3,3,3,3,97,97,10,97,10,10,97,97,97,97,97,97,8,,2,,99,99,99,99,99,99,99,99,99,99,99,99,4,4,4,3,9,3,9,3,3,3,2,9,2,2,1,2,2,2,1,1,1,,2,2,,,,,1,9,4,1,1,1,1,1,1,4,4,4,4,1,4,4,4,3,2,2,40,2,5,2
301,1,2,2,,,2,,,3,1,1,1,4,4,4,4,3,,98,,3,3,3,3,3,3,3,1,6,1,1,1,1,5,1,98,1,1,1,2,,2,,1,1,1,1,1,1,1,1,1,1,1,1,4,4,4,3,3,3,3,3,3,3,2,9,2,2,1,2,1,1,,1,1,,1,,,,,,3,,2,1,1,1,1,1,1,1,4,1,4,1,4,4,4,2,2,6,75,9,5,1
301,1,1,2,,,1,,,1,1,1,2,1,1,1,1,1,1,99,,1,1,1,3,1,1,1,6,6,6,6,6,6,6,6,6,6,6,6,2,,2,,6,9,6,5,6,6,6,6,5,6,6,5,3,3,3,2,1,2,2,2,2,1,2,1,2,2,1,1,1,1,,1,1,,1,,,,,,1,3,2,1,1,1,1,1,1,4,4,3,3,1,4,3,4,1,2,5,39,5,5,1
301,1,2,2,,,1,,,1,1,1,2,2,2,2,2,1,1,9,9,8,8,3,3,1,8,3,9,9,9,9,9,9,1,9,9,9,9,9,1,2,2,,97,7,97,4,4,4,97,97,5,4,8,8,4,4,4,1,1,1,1,1,1,1,2,2,1,1,1,1,1,1,,1,1,,1,,,,,,3,,3,1,1,1,1,1,1,4,4,4,4,1,4,4,4,2,2,6,67,3,5,1
301,1,1,2,,,1,,,2,3,1,2,2,4,4,4,3,,1,2,3,3,3,3,3,3,3,6,5,3,3,5,4,3,5,4,5,3,2,2,,1,12,3,8,2,2,2,2,2,5,7,7,3,3,1,1,4,1,1,1,1,1,1,1,1,1,1,1,1,1,2,1,,1,1,,2,,,,,,2,4,3,1,1,1,1,1,1,4,8,4,1,1,4,4,4,1,2,4,35,5,5,2
301,1,1,2,,,1,,,1,2,2,2,2,2,2,2,1,1,14,2,2,2,2,2,2,2,2,1,1,1,1,1,1,1,1,1,1,1,1,2,,1,7,1,1,1,1,1,1,1,1,1,1,1,1,1,1,1,1,1,1,1,1,1,1,2,1,9,9,9,9,9,9,,9,9,,2,,,,,,1,4,2,2,2,2,2,2,2,1,1,1,1,1,1,1,1,1,2,2,32,4,5,1
301,1,2,2,,,2,,,3,3,3,3,3,3,1,1,9,,97,,8,1,1,1,8,1,1,7,1,1,9,1,7,6,6,1,2,1,8,8,,2,,7,7,7,5,7,1,7,4,1,7,4,5,4,4,4,3,1,3,1,1,9,9,9,2,1,1,2,2,1,2,,2,2,,2,,,,,,2,3,4,2,1,9,1,1,2,8,2,3,3,8,2,1,1,1,2,2,46,1,2,1
301,1,2,2,,,2,,,3,3,1,3,3,4,4,4,1,1,1,2,3,1,2,3,1,2,3,8,8,7,7,7,7,7,7,8,8,7,8,1,8,1,7,4,7,3,4,4,3,4,5,5,5,4,4,4,4,4,1,1,1,2,9,2,1,1,1,1,1,1,1,1,1,,1,1,,1,,,,,,1,1,2,1,1,1,1,1,1,3,4,4,3,3,3,4,4,3,2,6,27,5,5,1
301,2,1,2,2,,3,3,2,,,,,,,,,,,,,,,,,,,,,,,,,,,,,,,,,,,,,,,,,,,,,,,,,,,,,,,,,,,,9,9,9,9,9,9,,9,9,9,,,,,,,,,,,,,,,,,,,,,,,,,,5,20,,5,2
301,1,2,1,,,1,,,2,3,1,1,4,4,4,4,1,2,97,,3,3,3,3,3,3,3,7,97,5,5,5,1,7,7,7,4,7,3,2,,2,,6,97,98,5,98,5,8,5,5,5,7,98,3,3,3,3,1,1,1,3,2,3,2,9,1,1,1,1,1,2,1,1,1,,1,9,,,,,1,4,3,1,1,1,1,1,1,2,1,1,1,1,2,4,4,2,2,3,45,3,5,2
301,1,2,2,,,2,,,2,9,1,1,1,4,1,5,1,2,17,2,1,3,3,3,3,3,3,7,4,5,3,5,7,7,6,7,7,5,8,1,96,2,,7,5,7,5,7,7,7,7,4,7,5,6,8,4,4,2,2,1,2,1,1,3,1,1,2,1,1,1,1,1,,1,1,,1,,,,,,1,9,2,1,1,1,1,1,1,4,4,4,4,2,4,4,4,1,1,7,50,8,5,1
301,1,1,2,,,2,,,2,1,9,2,4,4,4,4,9,,17,9,3,3,3,3,3,3,3,8,6,7,7,97,7,7,7,7,7,6,97,2,,1,4,2,8,4,2,97,3,2,3,5,3,3,2,4,4,4,3,1,1,1,1,2,2,2,9,2,2,1,1,2,2,,1,1,,2,,,,,,1,4,2,1,1,1,1,1,1,3,3,3,4,1,4,4,4,2,2,6,22,4,5,2
301,2,2,2,2,,2,,,2,1,1,2,2,2,2,2,1,2,9,2,3,2,2,3,1,3,3,8,8,8,7,7,7,7,8,8,9,8,7,1,10,1,96,5,7,7,5,5,5,5,6,6,8,6,5,4,4,4,9,9,9,9,9,9,9,2,2,2,2,1,1,2,1,,1,1,,2,,,,,,1,3,4,1,1,1,1,1,1,4,4,2,2,2,4,4,2,2,2,6,99,5,5,2
301,1,2,2,,,3,3,2,,,,,,,,,,,,,,,,,,,,,,,,,,,,,,,,,,,,,,,,,,,,,,,,,,,,,,,,,,,,9,9,9,9,9,9,,9,9,9,,,,,,,,,,,,,,,,,,,,,,,,,,7,30,,5,4
301,1,1,2,,,2,,,1,3,1,1,2,3,3,4,3,,17,3,3,2,3,3,3,3,3,5,1,4,3,5,6,5,8,9,97,97,6,1,2,1,4,5,1,6,7,5,2,5,8,8,5,6,3,3,2,2,1,1,1,1,3,1,3,2,2,2,2,2,1,1,2,,2,1,,1,,,,,,4,,2,1,1,1,1,1,1,4,4,4,4,1,3,3,4,3,2,6,65,7,5,1
301,1,1,2,,,2,,,2,3,1,2,3,4,4,4,3,,15,2,3,3,3,3,3,3,3,8,7,6,6,6,6,7,6,6,6,7,6,2,,2,,1,9,6,5,5,5,4,2,6,6,5,5,3,3,4,1,3,1,1,3,3,1,2,1,2,1,1,1,2,2,,2,2,,2,,,,,,1,3,2,1,1,1,1,1,1,4,4,4,3,3,4,4,4,2,2,5,39,7,5,2
301,2,2,2,2,,1,,,2,3,1,1,4,4,4,4,9,,97,,3,3,3,3,3,3,3,5,5,5,5,5,5,5,5,5,5,5,5,2,,2,,2,3,4,5,4,4,5,5,5,5,5,5,4,4,4,3,3,3,3,3,3,3,2,2,2,2,1,1,2,2,,1,2,,2,,,,,,4,,9,1,1,1,1,1,1,4,4,4,4,4,4,4,4,3,2,3,27,9,5,2
302,2,1,2,2,,2,,,3,9,2,2,2,2,2,2,2,,98,,3,2,3,2,3,2,8,5,2,1,1,1,3,1,1,1,1,5,1,1,1,8,,2,6,1,5,1,1,1,1,3,5,5,1,8,4,4,1,1,1,1,1,1,3,2,1,2,2,1,2,2,2,,1,1,,2,,,,,,2,3,2,1,9,1,9,1,1,4,4,2,3,1,4,4,4,2,2,2,32,9,5,2
302,1,2,2,,,1,,,2,3,9,1,2,2,4,2,1,2,18,3,3,2,2,3,3,3,8,6,5,2,3,1,2,2,5,3,3,4,6,8,,8,,5,2,4,3,3,6,1,9,8,9,9,9,2,1,2,1,1,1,9,3,1,1,2,2,1,2,1,2,1,2,,1,1,,2,,,,,,3,,3,2,1,2,1,2,1,4,4,4,2,2,4,4,1,1,1,3,78,1,5,1
302,3,2,1,,2,1,,,9,3,3,3,1,1,4,5,1,2,4,3,1,1,1,1,1,1,1,8,8,9,8,8,9,8,9,9,8,9,8,1,10,1,4,1,10,3,1,1,3,4,8,4,6,5,6,4,4,4,1,2,1,1,1,1,1,1,1,1,2,1,1,1,2,2,1,1,,1,1,18,3,3,3,4,,4,1,1,1,1,1,1,3,3,3,3,1,3,4,4,1,1,3,24,2,2,4
302,1,1,1,,,1,,,3,3,3,3,3,3,4,4,1,1,4,3,2,3,3,2,3,1,2,5,7,5,7,7,4,7,7,97,4,7,5,1,96,1,7,5,6,5,6,6,4,4,4,4,4,6,5,2,2,2,2,1,1,1,1,1,1,2,1,1,1,1,1,1,1,1,1,1,,1,1,6,1,3,1,1,1,2,1,1,1,1,1,1,4,4,4,4,1,4,4,4,1,2,3,45,3,5,2
302,1,2,2,,,2,,,2,3,1,3,3,4,4,4,3,,9,2,3,3,3,3,3,3,3,5,7,6,5,5,6,5,8,5,6,3,4,2,,1,6,4,7,5,3,5,3,4,6,3,5,3,5,3,3,2,1,2,1,1,1,2,1,1,1,2,2,1,1,2,2,,1,1,,1,,,,,,2,3,2,2,2,2,2,2,2,4,4,4,4,2,4,4,1,2,2,5,46,2,5,1
303,1,2,1,,,1,,,2,3,2,2,4,4,4,4,1,2,4,2,3,2,2,2,3,3,2,5,5,5,5,5,5,5,5,5,5,5,5,2,,1,4,2,5,2,2,5,2,4,97,6,6,97,4,2,2,4,1,1,1,2,3,1,3,2,2,2,1,1,1,2,2,1,1,1,,2,1,4,3,2,3,1,3,3,1,1,1,1,1,1,4,4,2,2,1,4,4,4,3,2,3,24,3,5,1
303,1,2,2,,,1,,,2,9,1,1,4,4,4,4,9,,4,9,3,8,8,8,8,8,8,8,8,7,10,97,97,10,7,97,97,97,97,8,,1,6,5,7,5,5,5,1,7,5,5,97,97,98,4,4,4,2,1,1,3,1,1,3,2,2,2,2,2,2,2,2,,1,1,,2,,,,,,3,,3,1,1,1,1,1,1,4,4,4,4,8,3,4,4,3,2,5,70,2,5,4
303,1,2,2,,,2,,,1,1,1,3,2,2,4,9,1,1,4,9,8,8,1,8,1,3,1,5,98,98,98,98,98,98,98,98,98,98,98,8,,8,,5,7,5,5,5,4,4,4,4,6,6,4,3,3,1,2,2,2,2,1,1,2,2,2,2,2,2,2,2,9,,2,2,2,1,,,,,,3,,2,2,1,1,1,2,1,4,4,4,1,8,4,4,3,2,2,3,74,9,5,4
303,1,2,1,,,2,,,9,1,3,3,1,4,4,4,1,1,4,2,3,3,3,3,3,3,3,8,8,8,8,8,8,8,8,8,8,8,8,8,,1,4,3,7,3,3,4,5,97,8,5,5,3,7,4,3,4,3,3,3,3,3,2,2,1,1,1,1,1,1,9,1,1,1,1,,1,1,4,1,3,1,1,3,2,1,1,1,1,1,1,4,4,4,4,1,4,4,4,2,2,3,29,3,1,1
303,1,2,2,,,2,,,2,9,2,2,2,2,2,2,1,1,9,3,2,2,2,2,2,2,2,4,3,4,3,6,4,6,5,3,3,3,3,2,,2,,97,97,97,97,97,6,97,97,97,97,97,97,2,1,2,1,1,1,1,1,2,1,2,9,1,1,1,1,1,2,,1,1,,2,,,,,,1,4,2,1,1,1,1,1,1,4,2,4,1,1,2,4,4,2,2,3,39,9,5,1
303,2,2,1,2,,2,,,2,3,2,2,9,4,9,3,1,1,9,1,2,3,2,2,1,2,2,8,8,8,8,8,8,8,8,8,8,8,8,2,,1,96,10,10,3,7,2,10,6,5,10,10,5,2,1,1,2,3,1,1,3,1,3,2,1,1,1,1,1,1,1,2,2,2,2,,1,2,,,,,1,1,4,9,1,1,1,1,1,4,4,4,4,4,4,4,4,2,2,5,32,3,5,2
303,1,2,2,,,2,,,1,3,1,1,9,4,4,4,3,,4,2,1,8,8,3,1,1,1,8,8,8,8,8,8,8,8,8,8,8,8,2,,2,,5,7,3,7,7,97,98,98,5,5,98,5,4,4,4,2,2,2,3,1,3,3,2,1,2,1,1,1,1,2,,1,1,,2,,,,,,1,3,2,1,1,1,1,1,1,4,4,4,4,4,4,4,4,1,2,7,50,7,5,1
303,1,1,2,,,2,,,2,2,2,2,2,2,2,4,1,2,4,2,2,2,2,3,3,3,2,10,10,5,5,8,8,10,7,6,6,8,7,2,,1,7,5,5,5,5,5,5,5,5,5,5,5,5,2,2,2,1,1,2,1,1,1,1,2,2,2,2,2,1,2,2,,1,1,,2,,,,,,3,,2,1,1,1,1,1,1,4,3,4,2,1,3,3,4,3,2,6,59,9,5,1
303,1,1,2,,,2,,,1,3,1,1,4,3,3,4,3,,3,3,3,1,3,3,1,3,3,5,7,5,5,7,5,6,6,6,7,7,7,2,,1,6,5,5,5,5,5,5,5,5,5,5,5,5,4,2,2,1,1,2,3,3,1,2,1,1,2,1,1,1,1,1,,1,1,,1,,,,,,1,1,2,1,1,1,1,1,1,4,4,4,4,4,4,4,4,1,2,3,25,2,5,1
303,1,1,2,,,2,,,2,3,1,1,4,3,3,4,1,1,4,2,3,2,2,3,3,3,3,5,5,4,4,98,98,3,98,8,9,98,9,1,12,1,96,5,5,98,98,98,98,98,98,98,98,98,98,2,2,2,1,1,1,2,3,2,1,2,2,9,1,1,1,2,1,,1,1,,1,,,,,,3,,3,2,2,2,2,2,2,4,4,4,4,1,4,4,4,3,2,6,58,9,5,1
303,1,1,1,,,1,,,3,2,9,1,2,1,1,4,1,1,9,9,1,2,2,8,1,1,1,97,9,1,3,7,3,3,7,8,8,7,7,2,,1,6,3,9,1,1,3,1,1,6,5,7,6,6,4,1,4,2,1,1,3,2,1,3,1,9,1,2,1,9,1,2,9,1,1,,2,9,,,,,1,4,2,1,1,1,1,1,1,3,2,1,4,1,4,4,4,2,1,7,47,6,5,1
303,1,1,1,,,1,,,2,1,1,3,3,1,5,1,3,,97,,1,3,2,2,2,3,3,2,6,3,1,1,2,6,6,1,7,1,2,8,,1,2,1,10,3,2,4,1,4,4,2,4,1,5,2,3,4,3,2,1,2,2,3,2,9,2,1,1,1,1,2,1,9,1,2,,1,2,,,,,1,3,2,2,2,1,2,2,2,1,1,3,4,3,2,2,1,1,1,3,42,3,5,1
303,1,2,2,,,3,1,,1,2,1,1,2,2,2,1,1,9,17,2,3,2,8,3,3,3,3,97,8,5,3,8,5,97,6,8,10,97,5,8,,1,4,97,10,3,5,8,6,97,6,6,8,97,97,3,3,3,1,1,1,3,2,1,3,2,1,1,2,1,2,2,1,,1,1,,1,,,,,,3,,2,1,1,1,1,1,1,4,4,4,4,1,4,4,4,2,,5,55,1,5,1
303,1,2,2,,,1,,,2,1,3,2,2,2,2,4,1,2,97,,2,3,2,2,1,2,2,98,98,98,97,98,98,98,98,98,98,98,98,2,,1,6,2,6,2,2,1,1,3,2,2,4,4,3,1,2,1,1,1,1,3,3,3,2,1,2,9,9,9,9,9,9,,9,9,,2,,,,,,1,3,4,1,1,1,1,1,1,1,4,2,4,1,4,3,4,9,2,7,39,4,5,1
304,1,2,2,,,1,,,1,2,2,1,4,4,4,4,3,,16,1,3,3,3,2,1,2,2,9,6,8,8,7,7,7,8,7,7,8,8,2,,8,,5,5,1,1,5,1,3,4,9,8,4,1,2,3,1,1,1,1,1,3,3,1,2,2,1,2,2,2,1,2,,2,1,,9,,,,,,4,,3,2,2,2,2,2,2,3,3,1,3,1,1,2,4,1,2,3,23,2,5,1
304,1,2,2,,,2,,,3,1,3,1,9,4,4,4,1,2,11,1,3,3,3,3,3,8,3,97,1,98,98,98,1,1,7,98,98,98,97,8,,1,6,6,3,5,8,6,9,8,2,5,5,4,7,4,4,4,2,9,3,3,1,2,1,1,2,1,2,1,1,1,1,,2,1,,1,,,,,,4,,3,9,1,2,2,2,2,4,4,4,4,4,4,8,4,3,1,7,57,4,5,1
304,1,1,2,,,2,,,1,1,2,2,2,2,2,4,3,,99,3,3,1,2,2,2,2,2,1,1,1,1,1,1,1,1,1,1,1,1,2,,1,6,1,1,1,1,1,1,1,1,1,1,1,1,1,1,1,1,1,1,1,1,1,1,2,2,1,1,2,1,2,2,,1,2,,2,,,,,,1,1,4,1,2,2,1,2,1,2,1,1,1,1,2,2,2,2,2,3,62,1,5,1
304,1,1,2,,,1,,,2,3,3,1,2,4,4,4,1,3,17,3,3,3,3,3,1,1,3,7,9,7,7,7,7,7,7,7,7,7,7,1,96,1,96,7,8,4,5,5,5,98,98,6,7,98,5,2,3,4,1,2,1,3,3,2,2,9,1,1,1,1,1,1,2,,1,1,,1,,,,,,1,4,3,1,1,1,1,1,1,4,4,3,3,1,2,4,4,3,2,3,26,2,5,1
304,1,2,2,,,2,,,3,1,9,1,4,4,4,4,1,3,9,2,3,2,2,3,3,2,2,8,8,6,6,7,6,6,8,8,8,6,6,2,,2,,6,8,6,3,5,2,4,5,4,6,5,4,2,2,2,1,2,1,1,2,1,2,2,2,1,2,1,1,1,2,,1,1,,1,,,,,,1,1,2,1,1,1,1,1,1,3,4,3,2,2,2,3,4,3,2,4,27,5,5,1
304,1,1,2,,,1,,,2,1,2,2,3,4,4,4,3,,9,2,3,3,3,3,3,3,3,5,6,4,5,5,5,5,5,5,5,5,5,2,,1,4,5,6,5,3,5,5,5,5,4,5,5,7,4,4,4,2,1,1,2,3,1,3,2,2,2,2,2,1,1,2,,2,2,,2,,,,,,1,1,3,1,1,1,1,1,1,4,2,1,2,1,3,4,4,3,2,5,38,5,5,1
305,1,2,2,,,1,,,1,3,3,2,4,3,9,9,1,2,7,2,3,3,3,3,3,1,3,5,5,98,6,5,8,5,98,98,98,1,5,2,,2,,1,1,98,1,98,1,1,98,5,5,98,98,4,4,4,2,1,2,3,1,2,2,2,9,1,2,1,1,2,1,,1,1,,1,,,,,,6,,3,1,1,1,1,1,1,2,2,2,4,1,4,2,4,1,1,5,18,8,3,4
305,1,2,2,,,2,,,9,3,2,1,3,4,3,1,3,,7,1,1,8,2,2,3,2,8,5,5,5,5,5,5,5,5,5,5,5,5,1,4,1,6,97,97,97,97,97,97,97,97,97,97,97,97,1,1,1,1,1,1,3,1,3,1,2,1,1,1,1,1,1,2,,1,1,,1,,,,,,2,9,3,2,2,2,2,2,2,4,4,4,3,8,3,4,4,2,2,2,60,4,5,2
305,2,1,2,2,,2,,,1,3,2,2,2,2,2,1,1,1,9,9,3,9,2,2,2,2,2,8,8,3,5,5,2,8,8,8,8,8,6,1,10,1,6,8,7,5,4,5,2,5,6,8,8,7,98,4,1,4,1,1,1,1,2,2,1,2,1,1,1,1,1,1,1,,1,1,,1,,,,,,1,9,2,1,1,1,1,1,1,4,4,4,4,4,4,4,4,2,2,5,27,3,5,2
305,1,1,2,,,3,1,,9,9,9,9,2,4,3,9,9,,7,3,2,8,2,2,3,2,8,5,5,5,5,1,5,3,97,97,97,97,97,2,,1,6,98,98,98,98,98,98,98,98,98,98,98,98,4,4,4,1,1,3,1,3,1,1,1,1,1,1,1,2,1,2,,1,2,,1,,,,,,1,4,3,1,1,1,1,1,1,3,4,4,4,4,4,4,4,4,,2,45,8,3,4
305,1,1,2,,,3,1,,1,1,1,2,2,2,2,2,1,1,7,2,2,2,2,3,3,2,2,2,8,8,2,2,3,1,8,10,9,8,8,1,9,1,7,5,8,5,4,6,6,6,5,3,4,4,3,4,2,4,1,1,1,3,1,1,1,1,2,1,2,2,2,2,2,,2,2,,1,,,,,,1,3,1,1,1,1,1,1,1,1,1,1,1,1,1,1,4,1,,7,51,9,5,4
305,1,2,2,,,3,1,,3,3,1,1,4,3,3,3,1,1,7,2,3,2,2,3,1,2,3,4,5,3,3,3,2,4,3,3,3,3,5,9,,9,,7,8,4,3,5,5,4,4,4,4,97,7,4,2,4,1,1,2,3,3,2,3,2,1,2,1,1,1,2,1,,1,1,,2,,,,,,1,9,3,1,1,1,1,1,1,4,4,4,3,1,4,4,4,3,,7,25,4,5,3
305,1,1,2,,,2,,,2,1,1,1,3,4,4,4,3,,9,2,3,8,3,3,8,3,3,97,8,2,5,8,97,5,5,7,7,97,5,1,2,2,,2,7,2,2,5,2,2,3,4,5,2,4,4,3,2,1,3,3,2,1,2,1,1,2,1,2,1,1,2,1,,1,1,,1,,,,,,3,,3,2,1,1,1,1,1,2,2,2,1,1,2,3,4,3,2,6,65,6,5,1
305,3,1,2,,1,3,3,2,,,,,,,,,,,,,,,,,,,,,,,,,,,,,,,,,,,,,,,,,,,,,,,,,,,,,,,,,,,,9,9,9,9,9,9,,9,9,9,,,,,,,,,,,,,,,,,,,,,,,,,,2,20,,1,4
305,1,2,2,,,3,2,2,,,,,,,,,,,,,,,,,,,,,,,,,,,,,,,,,,,,,,,,,,,,,,,,,,,,,,,,,,,,9,9,9,9,9,9,,9,9,9,,,,,,,,,,,,,,,,,,,,,,,,,,6,24,,1,1
305,1,1,2,,,2,,,3,3,1,1,4,4,4,4,3,,97,,1,3,3,3,3,3,3,10,98,98,98,10,1,10,98,98,98,98,98,1,6,8,,10,98,1,98,10,1,10,98,98,98,98,98,4,4,4,3,1,1,9,3,3,9,2,2,1,2,1,1,1,2,,1,1,,2,,,,,,5,,3,1,1,1,1,1,1,9,2,8,4,4,8,4,4,2,2,2,41,1,5,2
305,2,1,2,2,,2,,,2,3,1,1,4,1,1,1,1,1,7,1,3,3,2,3,3,1,2,10,97,10,97,10,10,10,10,97,10,10,10,2,,2,,1,10,1,1,1,5,1,1,97,8,8,1,4,4,4,3,1,1,3,1,1,3,2,1,9,9,9,9,9,9,,9,9,,1,,,,,,1,1,4,1,1,1,1,1,1,4,4,4,4,3,4,4,4,3,2,5,24,3,5,2
305,1,2,1,,,3,1,,1,3,1,1,2,4,2,4,1,3,7,3,3,3,2,3,3,3,3,5,7,6,6,7,7,7,7,7,7,7,5,2,,1,6,8,7,7,6,7,8,7,7,7,7,8,7,4,4,4,1,1,2,1,2,1,1,2,2,2,2,1,2,2,1,1,1,1,,2,2,,,,,4,,2,2,2,2,2,2,2,4,4,4,4,4,4,4,4,1,,3,37,4,3,1
305,1,2,2,,,2,,,2,1,9,2,2,2,2,2,1,1,9,3,8,2,2,8,3,3,3,97,6,1,1,4,3,3,97,97,8,5,2,2,,1,6,1,97,1,2,2,4,2,97,97,4,3,2,3,3,2,1,1,9,3,3,1,3,2,2,2,2,1,1,2,9,,9,9,,2,,,,,,3,,2,1,1,1,1,1,1,4,4,4,2,1,4,4,4,3,1,6,70,9,5,1
305,1,1,2,,,3,2,2,,,,,,,,,,,,,,,,,,,,,,,,,,,,,,,,,,,,,,,,,,,,,,,,,,,,,,,,,,,,9,9,9,9,9,9,,9,9,9,,,,,,,,,,,,,,,,,,,,,,,,,,3,31,,3,1
305,1,2,1,,,2,,,1,1,3,2,2,2,5,5,1,1,96,,,,,,,,,5,7,5,4,5,97,4,5,97,97,7,97,1,6,1,5,7,97,97,5,97,5,97,97,97,97,97,6,4,4,2,3,1,1,1,2,2,9,2,2,1,2,1,1,9,1,2,1,1,,1,2,,,,,1,4,2,1,9,9,9,9,9,4,2,4,4,2,4,4,4,1,1,5,39,5,4,1
305,1,1,2,,,1,,,2,2,1,2,2,2,2,2,1,1,7,1,2,2,2,2,2,2,2,97,9,5,5,1,1,5,97,2,2,8,2,1,10,1,4,8,10,97,5,2,1,8,8,5,5,97,97,2,1,1,1,1,1,1,3,2,1,2,1,2,1,1,1,1,2,,1,2,,2,,,,,,2,3,3,1,1,1,1,1,1,4,4,2,4,1,4,4,4,3,2,3,24,4,5,2
305,2,2,2,2,,3,3,2,,,,,,,,,,,,,,,,,,,,,,,,,,,,,,,,,,,,,,,,,,,,,,,,,,,,,,,,,,,,9,9,9,9,9,9,,9,9,9,,,,,,,,,,,,,,,,,,,,,,,,,,2,42,,5,2
305,1,2,1,,,1,,,2,2,1,1,1,4,5,5,1,2,96,,,,,,,,,1,3,9,8,6,4,1,1,4,1,5,1,1,4,2,,7,6,5,1,1,4,1,8,1,8,1,4,4,2,4,1,1,1,2,3,1,3,1,2,1,9,9,2,1,9,1,9,1,,1,9,,,,,1,3,1,2,2,2,1,1,1,1,1,1,2,3,1,4,1,1,2,6,38,9,5,1
305,1,1,2,,,2,,,9,9,1,9,9,1,1,4,1,1,7,9,3,8,8,8,8,8,8,99,99,99,99,99,99,99,99,99,99,99,99,8,,8,,98,6,98,98,5,6,98,98,98,98,98,98,4,4,3,1,1,2,2,2,1,1,2,9,2,2,1,1,2,1,,1,1,,2,,,,,,3,,1,9,1,1,9,9,9,4,4,4,4,8,4,3,4,3,2,3,99,6,9,1
305,1,1,1,,,2,,,2,3,1,1,9,9,9,9,1,1,8,2,3,3,2,3,1,2,3,8,6,5,5,7,6,6,5,9,6,7,7,1,12,2,,4,9,3,3,5,3,3,6,6,7,98,97,4,4,4,1,2,1,2,2,1,2,2,9,1,1,1,1,2,1,1,1,1,,1,9,,,,,1,1,1,1,1,1,1,1,1,4,4,4,4,2,4,4,4,3,2,6,49,7,5,2
305,1,1,2,,,3,1,,2,3,1,3,4,4,4,4,1,1,7,2,3,1,2,3,1,1,1,10,10,10,10,10,10,10,10,10,10,10,10,8,,8,,2,10,4,2,7,2,2,5,8,10,97,4,3,4,4,2,2,1,2,1,2,2,1,2,2,1,1,1,2,1,,1,1,,2,,,,,,1,1,1,1,1,1,1,1,1,4,4,4,4,2,4,4,4,3,,5,21,7,4,4
305,1,1,2,,,1,,,1,3,2,2,2,4,4,4,1,1,99,,3,1,1,1,3,3,8,7,2,2,1,1,8,1,2,8,1,6,1,2,,2,,1,7,8,1,1,10,1,4,1,7,7,2,4,1,4,2,1,2,2,1,2,3,2,2,2,2,2,2,2,2,,2,2,2,2,,,,,,1,2,1,2,2,1,2,1,2,2,1,4,1,1,1,3,1,1,9,5,49,8,5,1
305,1,2,2,,,3,1,,1,3,1,1,4,4,4,3,1,1,7,3,3,3,2,3,3,1,2,9,9,8,8,9,9,9,8,9,9,9,9,1,6,2,,2,7,4,4,5,6,5,2,5,7,7,7,4,4,4,1,1,1,2,1,2,3,1,2,1,1,1,1,1,1,,1,1,,1,,,,,,2,3,3,1,1,1,1,1,1,3,4,3,3,2,3,3,4,3,,5,21,3,3,1
305,1,1,1,,,3,2,2,,,,,,,,,,,,,,,,,,,,,,,,,,,,,,,,,,,,,,,,,,,,,,,,,,,,,,,,,,,,9,9,9,9,9,9,9,9,9,9,,,,,,,,,,,,,,,,,,,,,,,,,,3,18,,4,4
305,3,2,1,,1,1,,,3,3,3,1,1,4,4,1,3,,4,3,1,1,1,8,8,3,1,5,3,4,10,8,8,6,3,1,3,3,4,2,,2,,6,7,2,3,4,4,97,4,98,98,98,98,3,4,3,3,2,9,2,3,3,3,2,1,1,1,2,1,1,1,1,2,1,,2,1,4,1,1,1,1,3,2,1,1,1,1,1,1,4,4,8,3,8,3,4,4,2,1,4,39,3,1,4
305,1,1,2,,,2,,,3,3,1,1,3,2,1,1,1,2,4,3,2,2,2,1,1,1,1,5,1,1,10,1,10,2,1,1,1,97,98,2,,1,2,10,1,5,10,1,10,1,1,1,1,98,98,4,4,4,3,3,3,3,3,3,3,2,1,9,9,9,9,9,9,,9,9,,2,,,,,,1,3,4,1,1,1,1,1,1,1,4,1,4,4,1,1,4,9,1,2,56,2,3,4
305,1,1,2,,,3,3,2,,,,,,,,,,,,,,,,,,,,,,,,,,,,,,,,,,,,,,,,,,,,,,,,,,,,,,,,,,,,9,9,9,9,9,9,,9,9,9,,,,,,,,,,,,,,,,,,,,,,,,,,3,20,,3,4
305,1,2,2,,,3,2,2,,,,,,,,,,,,,,,,,,,,,,,,,,,,,,,,,,,,,,,,,,,,,,,,,,,,,,,,,,,,9,9,9,9,9,9,,9,9,9,,,,,,,,,,,,,,,,,,,,,,,,,,4,24,,5,4
305,1,2,2,,,3,3,2,,,,,,,,,,,,,,,,,,,,,,,,,,,,,,,,,,,,,,,,,,,,,,,,,,,,,,,,,,,,9,9,9,9,9,9,,9,9,9,,,,,,,,,,,,,,,,,,,,,,,,,,3,21,,3,1
305,1,2,2,,,3,3,2,,,,,,,,,,,,,,,,,,,,,,,,,,,,,,,,,,,,,,,,,,,,,,,,,,,,,,,,,,,,9,9,9,9,9,9,,9,9,9,,,,,,,,,,,,,,,,,,,,,,,,,,1,98,,4,4
305,3,1,2,,4,3,1,,1,1,1,1,4,3,4,4,3,,7,3,3,3,2,3,1,3,2,7,8,5,7,10,5,8,9,7,7,8,6,2,,1,6,7,9,6,8,10,5,8,5,1,8,7,5,4,4,4,3,1,1,2,3,2,3,2,1,9,9,9,9,9,9,,9,9,,2,,,,,,2,1,3,1,1,1,1,1,1,4,4,2,4,2,4,4,4,1,,3,18,3,4,4
305,1,1,2,,,2,,,1,1,1,1,4,3,3,4,1,1,7,2,2,2,2,2,2,3,2,9,97,97,97,97,4,4,97,97,97,97,97,2,,1,6,97,5,97,97,97,97,97,97,97,97,97,99,2,2,2,1,2,2,3,3,3,1,2,1,1,1,2,1,2,2,,2,2,,2,,,,,,1,4,2,1,1,1,1,1,1,2,2,4,2,2,4,4,4,2,2,4,99,9,5,1
305,1,1,1,,,2,,,2,3,1,2,1,1,1,1,1,1,9,2,1,3,2,3,1,1,1,2,7,1,6,7,7,2,2,7,7,4,2,1,6,1,2,97,98,98,98,98,97,1,98,98,98,98,98,1,4,3,9,9,9,9,9,9,9,2,9,9,9,9,1,2,2,1,9,1,,2,9,,,,,3,,1,9,9,9,9,9,9,4,4,4,1,8,4,3,4,1,1,6,48,7,5,1
307,1,2,2,,,1,,,2,1,1,1,3,4,4,4,1,3,4,3,1,1,3,3,1,3,1,7,7,7,7,7,7,7,7,7,7,97,7,2,,2,,5,5,5,5,5,5,5,5,5,5,5,5,4,4,4,2,1,2,2,2,2,3,2,9,2,1,2,1,1,1,,1,1,,1,,,,,,1,3,4,1,1,1,1,1,1,4,4,4,4,1,4,4,4,1,2,5,47,2,5,1
309,1,1,2,,,2,,,9,1,3,2,2,1,1,4,1,3,11,1,3,8,3,3,1,8,3,9,6,1,7,5,2,9,7,5,7,7,6,8,,1,6,1,5,5,1,3,1,3,5,9,9,1,8,3,2,4,1,9,1,1,1,1,1,1,2,1,2,1,1,1,2,,1,1,,1,,,,,,1,2,2,1,1,1,1,1,1,4,4,3,1,1,4,3,4,3,2,4,21,2,5,2
309,1,1,2,,,2,,,1,3,1,1,3,4,4,4,3,,4,2,3,3,3,3,3,3,3,97,6,5,4,5,97,97,4,97,97,6,5,2,,1,4,5,8,3,3,4,2,5,3,4,6,5,3,4,2,4,1,1,1,2,2,2,2,2,2,1,1,1,2,1,1,,1,1,,1,,,,,,1,1,2,9,9,9,9,9,9,4,4,4,4,2,4,4,4,1,2,6,27,5,5,1
309,1,2,1,,,1,,,2,3,1,1,1,4,4,4,3,,17,9,3,3,3,3,3,3,3,7,5,4,5,3,3,5,5,7,7,7,7,2,,2,,3,9,3,3,3,3,3,5,5,5,4,5,4,2,1,2,1,1,2,2,2,2,2,1,2,2,2,1,2,2,1,2,1,,2,1,18,3,3,1,2,3,1,2,1,1,1,1,1,2,4,2,2,1,3,4,4,1,2,7,42,6,5,1
310,1,1,2,,,2,,,2,1,1,2,2,2,2,4,3,,9,2,2,2,2,3,3,2,3,97,7,1,1,1,97,1,1,97,7,7,1,2,,1,4,4,8,1,1,1,3,1,3,5,8,7,1,3,3,4,3,1,1,2,3,3,1,2,1,2,1,1,1,2,1,,1,1,,1,,,,,,1,4,2,1,1,1,1,1,1,4,4,4,3,1,4,4,4,3,2,5,27,3,5,1
310,1,2,2,,,1,,,9,3,1,1,1,2,5,5,3,,96,,,,,,,,,5,7,5,5,5,5,3,5,5,7,5,5,1,10,1,4,5,8,2,5,5,7,4,6,7,5,97,4,2,2,3,1,1,2,2,3,2,1,2,2,1,1,2,1,2,1,,1,2,,1,,,,,,1,9,4,1,1,1,1,1,1,4,4,2,4,2,4,4,4,2,2,7,28,4,5,1
310,1,2,1,,,1,,,1,2,1,2,2,2,2,4,1,1,9,2,2,2,2,2,3,2,3,3,8,2,2,97,97,97,2,2,6,6,2,2,,1,96,7,8,3,2,3,2,6,4,3,8,4,2,1,1,1,1,1,1,2,2,2,3,1,2,1,1,1,2,1,1,2,1,1,,1,2,,,,,1,3,2,2,2,2,1,1,2,4,2,2,2,1,3,2,4,1,2,7,35,5,4,1
310,1,2,1,,,1,,,2,1,2,3,2,2,2,4,1,1,13,1,2,2,2,2,3,2,3,9,8,7,3,5,4,9,9,5,5,7,3,1,12,1,12,97,7,1,6,5,1,6,3,8,8,7,9,1,1,2,1,1,1,9,1,9,1,2,2,2,1,1,1,1,1,1,1,1,,1,2,,,,,1,2,3,1,1,1,1,1,1,4,4,3,4,1,3,4,4,2,2,5,45,3,5,1
310,1,2,2,,,2,,,2,3,2,1,2,1,1,4,1,1,15,2,2,1,2,3,3,3,1,8,10,4,2,5,1,8,2,4,8,9,5,1,11,1,4,3,8,5,2,5,2,2,5,8,9,9,5,2,2,3,1,1,1,2,2,1,1,2,2,2,1,1,1,1,2,,1,1,,1,,,,,,1,1,2,1,1,1,1,1,1,4,4,4,4,1,4,4,4,3,2,3,44,6,5,2
310,1,2,2,,,2,,,9,3,1,9,2,2,2,4,1,1,4,2,2,2,2,2,2,2,2,4,3,1,2,4,1,2,3,2,3,7,5,1,11,1,4,97,97,97,97,97,97,97,97,97,97,97,97,1,1,1,1,1,1,1,1,1,1,2,2,1,2,1,1,1,1,,1,1,,2,,,,,,4,,2,2,2,2,1,1,2,1,3,4,1,1,4,4,4,1,2,5,81,2,5,1
310,1,1,2,,,2,,,1,3,1,1,4,4,4,4,1,2,4,2,3,8,3,3,1,3,3,97,8,97,7,10,97,97,97,8,8,97,9,2,,2,,97,9,5,3,97,4,4,97,5,5,97,97,4,4,4,1,1,1,3,1,2,2,2,1,1,1,2,1,2,2,,1,2,,1,,,,,,1,1,2,1,1,1,1,1,1,4,3,2,2,3,4,4,4,3,2,6,39,7,5,1
310,1,2,2,,,3,1,,2,1,3,1,2,2,3,1,3,,4,3,3,3,2,3,1,2,2,98,98,4,5,98,98,5,98,5,7,5,4,1,10,1,4,5,9,5,5,5,3,98,98,98,98,98,98,2,3,2,1,1,1,1,3,1,1,1,9,1,1,1,1,1,1,,2,1,,1,,,,,,1,1,3,1,1,1,1,1,1,4,4,3,1,1,2,4,4,3,,3,33,3,4,4
310,1,2,2,,,1,,,9,3,1,1,4,4,4,4,3,,3,1,3,3,3,3,1,1,3,10,10,10,10,10,10,10,10,10,10,10,10,2,,2,,97,10,97,5,5,3,97,97,5,8,97,97,4,4,4,2,2,2,3,2,2,2,1,1,2,1,1,1,1,2,,1,1,,1,,,,,,6,,2,1,1,1,1,1,1,4,4,4,4,3,4,4,4,3,2,6,25,2,5,1
310,1,2,2,,,2,,,9,1,1,2,2,2,2,3,1,1,4,2,2,2,2,1,1,2,2,97,7,5,3,5,97,97,97,4,7,7,6,2,,1,4,1,9,1,1,2,3,3,3,3,2,97,7,4,3,3,1,1,2,2,2,1,1,2,9,2,2,1,1,1,1,,1,1,,1,,,,,,4,,2,1,1,1,1,1,1,4,4,4,3,2,4,4,4,2,2,6,65,2,5,1
310,1,1,1,,,3,9,9,,,,,,,,,,,,,,,,,,,,,,,,,,,,,,,,,,,,,,,,,,,,,,,,,,,,,,,,,,,,9,9,9,9,9,9,9,9,9,9,,,,,,,,,,,,,,,,,,,,,,,,,,7,60,,5,9
310,1,2,2,,,3,3,2,,,,,,,,,,,,,,,,,,,,,,,,,,,,,,,,,,,,,,,,,,,,,,,,,,,,,,,,,,,,9,9,9,9,9,9,,9,9,9,,,,,,,,,,,,,,,,,,,,,,,,,,3,19,,1,1
310,2,1,2,2,,2,,,2,1,1,2,4,4,4,4,3,,4,3,3,3,3,3,3,3,3,5,7,5,5,5,2,5,3,2,2,6,2,2,,1,4,10,1,1,10,10,1,1,1,10,10,1,1,1,1,2,1,1,2,1,2,2,2,2,1,1,1,1,1,1,1,,1,1,,1,,,,,,1,1,2,9,9,9,9,9,9,4,4,4,2,4,4,4,4,2,2,6,42,3,5,2
310,1,1,2,,,3,2,2,,,,,,,,,,,,,,,,,,,,,,,,,,,,,,,,,,,,,,,,,,,,,,,,,,,,,,,,,,,,9,9,9,9,9,9,,9,9,9,,,,,,,,,,,,,,,,,,,,,,,,,,6,31,,5,1
310,1,2,2,,,1,,,9,3,1,1,4,4,2,2,1,1,9,2,3,2,3,2,3,2,2,10,1,7,1,6,5,8,6,1,1,5,3,2,,1,4,2,9,4,1,7,2,3,3,7,7,5,5,1,1,3,2,3,1,1,2,1,1,2,1,2,1,1,1,2,2,,2,1,,1,,,,,,2,1,3,2,2,2,2,2,2,4,4,4,1,1,4,4,4,2,2,6,22,2,5,2
310,1,2,1,,,2,,,2,1,2,2,2,2,2,2,1,1,12,1,2,2,2,2,2,3,2,10,8,2,7,4,8,5,5,3,10,7,2,1,10,1,9,3,9,3,8,5,5,6,3,7,8,5,3,1,1,4,1,1,3,1,3,1,1,2,1,1,2,1,1,1,1,1,1,1,,1,1,9,2,2,2,1,4,3,2,2,2,2,2,2,4,4,4,1,1,4,4,4,1,2,3,48,9,5,1
310,1,1,2,,,2,,,2,3,1,1,9,4,4,4,1,9,4,9,8,3,2,8,1,8,8,97,9,8,5,98,97,97,9,8,9,8,6,2,,1,4,98,98,98,98,98,98,98,98,98,98,98,98,1,1,4,9,9,9,3,9,9,9,2,9,2,9,1,1,1,2,,1,1,,1,,,,,,3,,2,9,9,9,9,9,9,4,4,3,4,3,4,4,4,1,2,6,59,6,5,1
310,1,1,2,,,1,,,2,3,1,1,4,1,1,4,9,,9,3,3,8,2,3,1,3,8,5,7,7,6,6,98,4,98,7,7,5,6,2,,2,,98,5,6,98,98,98,5,98,98,98,98,98,4,4,4,3,3,3,3,3,3,3,2,1,2,2,1,1,9,2,,1,1,,1,,,,,,3,,3,1,1,1,1,1,1,4,4,4,4,1,4,4,4,3,1,4,66,4,5,1
310,1,1,1,,,2,,,1,3,1,1,4,4,4,4,3,,4,2,3,3,3,3,1,3,3,5,5,5,5,5,5,5,5,5,5,5,5,2,,2,,5,5,1,3,3,2,5,5,5,6,5,3,4,4,4,1,1,1,2,1,1,3,1,1,2,2,1,1,1,1,1,1,1,,1,1,12,1,3,1,1,4,1,1,1,1,1,1,1,4,4,4,4,2,4,4,4,1,2,7,37,7,5,1
310,1,2,2,,,8,3,8,,,,,,,,,,,,,,,,,,,,,,,,,,,,,,,,,,,,,,,,,,,,,,,,,,,,,,,,,,,,9,9,9,9,9,9,,9,9,9,,,,,,,,,,,,,,,,,,,,,,,,,,4,23,,3,4
310,1,2,1,,,3,3,2,,,,,,,,,,,,,,,,,,,,,,,,,,,,,,,,,,,,,,,,,,,,,,,,,,,,,,,,,,,,9,9,9,9,9,9,9,9,9,9,,,,,,,,,,,,,,,,,,,,,,,,,,2,40,,5,1
310,1,2,2,,,1,,,2,1,2,2,2,2,2,2,1,1,9,1,3,8,2,2,8,1,2,8,97,97,1,97,1,97,97,8,8,97,97,1,4,1,11,97,8,97,97,97,97,8,7,4,97,97,97,1,1,3,2,1,1,1,3,3,1,2,1,2,2,1,1,1,1,,1,1,,1,,,,,,3,,3,9,9,9,9,9,9,4,4,4,4,4,4,1,4,2,2,2,62,9,5,2
310,2,1,1,2,,1,,,2,2,1,1,1,4,4,4,1,3,9,2,3,2,3,3,3,1,3,5,5,5,5,5,5,5,5,5,5,5,5,2,,2,,98,98,98,98,98,98,98,98,98,98,98,98,4,4,4,1,1,3,1,3,3,1,1,2,1,2,1,1,1,2,2,1,2,,1,1,10,3,3,3,1,3,4,1,1,1,1,1,1,4,4,4,4,1,4,4,4,1,2,6,36,9,5,2
310,1,1,2,,,2,,,2,9,2,2,2,2,2,2,9,,4,1,8,8,2,3,3,3,3,8,8,97,3,8,8,8,8,8,8,97,97,2,,1,4,8,8,8,97,8,8,97,8,8,8,8,97,4,1,4,1,1,1,2,1,9,1,2,1,9,2,9,2,2,1,,1,1,,2,,,,,,3,,3,1,1,1,1,1,2,2,3,4,1,3,4,4,4,1,1,3,75,1,5,9
310,1,2,1,,,1,,,3,3,1,2,4,3,3,4,1,2,9,1,3,2,3,3,3,3,3,4,2,3,4,10,5,10,5,7,3,3,5,2,,2,,3,10,10,10,5,4,4,10,4,4,6,10,4,4,4,1,2,1,1,3,2,3,2,2,1,1,1,1,2,1,1,1,1,,1,1,4,3,2,3,1,1,2,1,1,1,1,1,1,3,8,4,4,3,4,4,3,2,2,5,36,9,5,1
310,3,1,2,,4,1,,,2,3,1,1,2,2,1,1,1,1,4,2,1,8,3,3,1,1,1,6,6,8,7,6,6,6,7,6,8,7,8,8,,1,96,98,98,98,98,98,98,98,98,98,98,98,98,4,4,4,3,3,3,3,3,3,3,1,1,1,1,1,1,1,1,,1,1,,2,,,,,,3,,2,1,1,1,1,1,1,4,4,4,4,4,4,4,4,2,1,6,81,5,4,9
310,1,2,2,,,1,,,2,3,1,3,2,4,4,4,1,2,8,2,3,3,2,3,1,3,3,4,8,5,6,6,5,5,5,3,7,7,3,1,10,1,12,4,8,6,4,4,98,4,5,4,7,98,3,1,1,1,1,1,3,1,3,2,1,2,2,1,2,1,1,2,1,,2,1,,1,,,,,,2,3,2,2,2,2,9,1,9,4,4,3,2,2,4,4,2,1,1,6,33,6,5,1
310,1,2,1,,,1,,,2,1,2,2,2,4,4,4,1,1,9,2,3,2,3,1,1,3,8,8,1,1,6,1,1,8,1,1,1,1,1,1,10,8,,8,1,1,6,1,1,8,1,1,1,1,1,1,4,2,1,1,1,3,1,1,1,2,1,1,1,1,1,1,1,1,1,1,,2,2,,,,,4,,4,1,2,1,1,1,2,2,2,2,2,3,3,3,2,2,2,3,43,1,1,4
310,1,1,2,,,2,,,2,2,1,2,2,2,3,4,1,2,15,1,3,3,2,3,3,3,3,2,4,3,3,2,3,3,3,3,3,2,2,8,,1,96,4,3,3,4,3,3,4,3,4,4,3,4,2,2,1,1,1,1,2,2,1,2,1,2,2,2,2,1,2,2,,1,1,,1,,,,,,3,,4,2,2,2,1,1,1,3,2,3,1,1,3,1,3,2,2,3,66,2,5,1
310,1,1,2,,,3,1,,9,3,1,1,2,2,2,1,1,9,11,1,1,2,2,2,1,2,3,10,9,97,6,4,97,97,7,7,7,8,6,8,,2,,7,9,5,3,2,2,3,97,7,7,8,4,4,4,4,2,1,1,2,1,2,1,1,1,1,1,1,1,1,2,,1,1,,1,,,,,,6,,3,1,1,1,1,1,1,4,4,4,4,2,4,4,4,9,,5,22,3,5,3
310,1,2,2,,,2,,,2,1,1,2,2,2,2,2,1,1,4,2,2,2,2,2,2,2,8,1,3,1,1,1,1,10,1,1,1,1,1,2,,2,,97,97,97,97,97,97,97,97,97,97,97,97,1,1,1,1,1,1,1,3,1,1,2,1,1,2,1,1,1,1,,1,1,,1,,,,,,3,,3,2,2,2,2,2,2,3,3,3,1,1,4,4,4,9,2,6,65,9,5,1
310,1,2,1,,,1,,,2,3,1,1,3,2,2,3,1,1,9,2,3,2,2,3,1,8,8,97,97,5,3,3,7,98,7,7,8,97,7,1,12,1,4,6,8,1,5,5,7,4,5,7,8,6,6,4,4,4,1,1,2,2,3,1,1,2,9,2,2,2,1,1,2,2,1,1,,1,2,,,,,4,,1,1,1,1,1,1,1,2,4,2,1,1,4,4,4,1,2,6,42,5,5,1
310,1,2,2,,,1,,,3,3,2,2,2,2,4,4,1,1,9,2,2,3,2,2,3,2,3,7,6,7,6,5,7,7,7,6,6,7,6,1,11,1,4,97,97,97,3,5,4,5,97,8,8,8,6,3,3,4,1,2,1,1,3,2,3,2,2,2,2,1,1,2,1,,1,2,,2,,,,,,6,,3,2,2,2,2,2,2,4,4,4,3,1,4,4,4,3,2,3,18,9,5,2
310,1,2,2,,,2,,,1,1,1,1,4,2,4,4,1,3,9,3,3,1,3,3,1,3,3,97,9,98,6,7,5,98,8,6,8,8,8,2,,1,4,5,97,3,3,97,3,4,97,8,8,6,7,4,2,4,1,3,1,3,2,2,2,1,2,1,1,1,1,2,2,,1,1,,2,,,,,,1,3,3,1,1,2,1,1,1,4,4,4,4,3,4,4,4,2,2,7,50,4,5,1
312,3,1,2,,1,3,3,1,3,3,9,9,4,4,1,1,3,,9,3,3,1,8,3,1,1,1,2,3,3,2,3,1,98,3,3,3,3,3,1,96,8,,7,4,4,7,4,4,4,4,4,4,4,4,4,4,4,1,1,2,3,2,2,2,1,9,9,9,9,9,9,9,,9,9,,2,,,,,,2,4,1,1,1,1,1,1,1,4,3,3,4,3,3,4,4,1,,3,19,3,1,4
313,1,2,2,,,2,,,1,3,1,1,4,1,1,1,1,3,8,2,1,1,1,3,1,1,3,10,10,7,10,10,97,97,97,97,97,97,97,1,3,2,,97,10,97,10,97,97,97,97,4,97,97,97,4,4,4,1,3,3,3,1,3,1,2,2,2,1,1,1,1,2,,1,1,,1,,,,,,2,4,3,1,1,1,1,1,1,4,4,4,4,4,4,4,4,2,2,6,52,3,4,2
313,2,2,1,2,,1,,,3,1,2,2,2,2,2,2,1,1,3,1,8,2,8,2,3,2,3,10,7,7,7,8,97,98,10,98,98,98,8,2,,8,,10,10,10,10,10,10,10,7,6,98,98,98,4,1,4,1,1,1,3,3,3,1,1,2,9,9,9,9,9,9,9,9,9,,2,1,2,3,3,3,5,,4,2,2,2,2,2,2,4,4,4,4,4,4,4,4,3,2,3,26,1,5,2
313,1,1,2,,,1,,,1,1,1,1,3,4,3,3,9,,4,3,8,2,8,8,3,1,3,1,1,1,1,1,1,1,1,1,1,1,1,1,98,2,,1,1,1,1,1,1,1,1,1,1,1,1,4,4,4,1,1,1,1,1,1,1,1,2,2,2,2,2,2,2,,2,2,,2,,,,,,1,1,2,1,1,1,1,1,1,2,2,2,2,1,2,2,2,2,2,3,67,9,5,2
313,1,2,2,,,1,,,2,3,3,3,4,4,4,4,3,,3,9,3,3,3,3,3,3,3,6,97,5,9,6,8,97,6,8,8,8,2,2,,2,,1,97,5,1,97,97,1,6,6,6,6,4,4,4,4,2,1,1,1,3,1,2,1,2,9,1,2,1,9,2,,1,1,,1,,,,,,2,3,3,1,1,1,1,1,1,4,4,4,4,4,4,4,4,3,2,2,26,4,1,4
313,1,1,2,,,1,,,2,2,1,1,2,5,5,5,3,,3,1,3,3,3,3,3,3,3,98,97,1,2,2,2,5,2,5,5,5,5,2,,1,6,4,4,1,2,3,1,3,1,2,5,6,4,3,3,3,1,1,2,3,3,2,1,2,2,2,2,1,2,2,2,,2,9,,2,,,,,,3,,3,2,2,2,2,2,2,4,4,4,3,1,2,3,4,1,2,3,60,3,5,1
313,1,2,2,,,1,,,1,1,1,1,4,1,4,4,9,,3,1,3,1,3,1,1,1,3,7,8,7,7,6,4,6,5,4,10,5,8,1,10,1,6,8,4,3,1,3,3,97,97,4,8,97,5,3,3,3,2,1,1,1,1,2,1,2,1,1,9,1,1,1,2,,1,1,,2,,,,,,4,,2,1,1,1,1,1,1,4,4,2,3,1,3,4,4,3,1,7,39,2,5,1
313,1,2,2,,,2,,,2,3,9,2,2,4,4,4,3,,17,2,3,2,3,3,3,3,3,6,5,6,97,6,97,7,7,7,7,6,5,2,,1,4,97,3,3,4,97,97,6,3,5,3,97,3,4,4,4,1,1,1,1,1,3,3,2,2,2,1,2,2,1,2,,2,1,,1,,,,,,2,1,3,1,1,1,1,1,1,4,4,4,4,1,4,4,4,4,2,7,44,6,5,1
313,1,2,2,,,1,,,9,3,1,9,4,2,5,5,9,,96,,,,,,,,,98,98,98,98,98,98,98,98,98,98,98,98,2,,8,,98,98,98,98,98,98,98,98,98,98,98,98,4,4,4,1,2,2,2,2,3,2,2,2,2,2,2,2,2,2,,1,1,,2,,,,,,1,2,3,1,1,1,1,1,1,1,1,1,3,3,3,2,1,4,2,7,33,9,5,1
313,1,1,1,,,2,,,1,3,1,1,1,1,1,1,1,2,2,2,3,8,3,3,3,1,3,97,97,97,97,97,97,97,97,97,97,97,97,2,,2,,4,5,3,3,97,5,97,5,6,6,97,6,4,4,4,1,2,1,2,2,3,2,2,1,1,1,1,1,1,2,9,1,1,,2,2,,,,,1,3,2,9,9,9,9,9,9,4,4,4,4,4,4,4,4,3,2,7,37,9,5,1
313,1,1,2,,,2,,,1,1,1,1,4,4,4,1,3,,97,,3,3,3,3,3,3,3,5,5,5,5,5,5,5,5,5,5,5,5,1,6,2,,3,8,3,3,5,5,3,5,5,5,5,5,4,4,4,3,3,3,3,3,3,1,2,2,2,2,2,2,2,2,,1,2,,2,,,,,,1,1,2,1,1,1,1,1,1,4,4,4,4,3,4,4,4,3,2,5,56,5,5,1
313,2,1,2,2,,1,,,3,3,2,2,4,4,4,4,3,,3,2,2,3,2,3,3,3,3,10,5,5,5,5,6,7,5,3,3,5,3,1,3,2,,1,8,4,6,6,3,3,3,7,7,5,6,4,4,2,1,1,3,3,3,3,1,2,1,1,2,1,1,1,1,,1,1,,1,,,,,,2,1,4,1,1,1,1,1,1,2,2,4,2,1,2,4,4,3,2,2,18,4,5,2
313,2,2,2,2,,2,,,2,3,1,2,4,4,4,4,3,,97,,3,3,2,1,3,3,2,7,97,5,5,5,97,4,97,5,5,2,2,2,,2,,6,4,4,7,1,2,4,4,5,5,2,2,4,4,4,1,2,1,1,2,1,1,2,2,2,2,1,1,1,2,,1,1,,2,,,,,,6,,2,1,1,1,1,1,1,4,4,1,4,1,4,4,4,3,2,3,18,1,5,2
313,1,2,1,,,1,,,2,2,2,1,4,4,4,4,1,1,3,1,3,3,3,2,3,3,3,9,97,97,4,97,97,97,97,5,5,97,5,2,,2,,1,5,3,4,5,3,5,4,4,5,97,1,3,2,1,1,1,1,2,2,2,2,1,2,2,1,1,1,1,2,9,1,1,,2,2,,,,,2,3,3,2,1,2,1,2,2,4,2,2,1,2,1,4,4,3,2,3,35,8,5,1
313,1,2,2,,,2,,,1,3,1,1,1,1,1,1,1,2,3,3,1,3,3,3,1,1,3,7,7,8,9,8,7,8,8,9,9,8,7,8,,1,6,4,7,3,2,4,2,4,5,5,5,4,3,4,4,4,1,2,1,2,1,1,1,1,1,1,1,2,1,1,2,,1,1,,1,,,,,,1,4,2,1,1,1,1,1,1,4,3,4,2,2,4,3,4,2,2,7,49,4,5,2
314,1,2,2,,,1,,,1,3,1,1,3,4,4,4,9,,4,2,3,3,3,3,3,3,3,8,10,10,5,4,5,7,7,9,9,10,9,1,10,1,4,7,9,97,3,4,97,6,97,8,8,97,97,4,4,2,2,2,3,2,3,2,2,1,2,2,2,2,9,9,9,,2,1,,2,,,,,,4,,4,1,1,1,1,1,1,4,4,4,3,2,4,2,4,3,2,6,24,1,5,1
314,1,2,2,,,2,,,2,2,3,2,2,4,4,4,3,,97,,3,8,2,2,3,2,3,5,6,5,5,5,5,5,5,5,6,5,5,2,,2,,6,97,97,5,97,5,97,97,6,6,97,97,3,2,3,1,1,1,2,3,1,2,2,2,2,2,2,2,2,2,,2,2,2,2,,,,,,1,4,3,1,1,1,1,1,1,4,4,4,2,4,4,4,4,3,2,3,54,3,5,1
314,1,2,1,,,2,,,2,3,2,9,3,4,4,4,3,,7,3,3,3,3,3,3,3,3,5,5,5,5,5,5,5,5,5,5,5,5,2,,2,,4,4,4,4,4,4,4,4,4,4,4,4,3,3,3,2,2,1,1,2,2,3,2,2,2,2,2,1,1,2,2,1,9,,2,2,,,,,1,4,3,9,9,9,1,1,1,3,3,3,4,3,4,4,4,2,2,3,32,5,5,1
314,1,2,2,,,1,,,1,3,1,3,4,4,4,4,3,,9,3,3,3,3,3,3,3,3,97,97,97,8,7,6,97,5,6,97,97,97,8,,1,3,6,7,4,3,5,5,6,5,5,5,6,4,3,4,4,3,1,2,1,2,2,2,1,2,2,2,2,1,1,2,,9,1,,1,,,,,,4,,3,1,1,1,1,1,1,4,4,4,3,3,2,3,4,3,2,3,22,3,5,1
314,1,1,1,,,2,,,1,3,1,1,4,4,4,4,1,3,9,2,1,3,3,3,1,3,3,99,99,99,99,99,99,99,99,99,99,99,99,2,,2,,8,97,2,5,97,3,7,7,5,8,97,7,4,4,4,3,1,1,2,1,1,3,2,2,2,2,9,9,9,2,2,9,9,2,1,2,,,,,1,1,2,2,2,2,2,2,2,4,4,4,4,3,4,4,4,1,2,5,36,7,5,1
314,1,1,1,,,2,,,3,3,1,1,9,9,9,9,3,,97,,3,3,3,3,3,3,3,6,5,4,6,6,5,5,6,6,7,6,5,1,8,1,4,6,5,4,5,5,4,5,8,5,7,5,5,4,4,4,3,1,1,3,3,1,2,2,2,2,2,2,2,2,2,2,2,2,2,2,2,,,,,1,4,4,1,1,1,1,1,1,4,3,3,4,1,3,3,4,2,2,7,46,4,5,2
314,1,2,1,,,2,,,1,1,1,1,4,1,1,5,3,,13,3,1,3,2,3,1,3,3,7,6,7,4,6,97,97,6,6,7,97,7,8,,2,,6,6,3,6,6,97,97,4,5,5,5,5,4,4,3,1,1,1,2,2,1,2,2,2,2,1,1,2,1,2,2,1,1,,2,2,,,,,1,4,3,1,1,1,1,1,1,4,3,4,4,3,2,4,4,2,2,6,35,4,5,1
314,1,2,2,,,1,,,1,1,1,1,1,1,1,1,3,,4,3,1,1,3,1,1,1,1,1,1,1,1,1,1,1,1,1,1,1,1,1,3,1,3,5,5,5,5,1,1,5,5,5,5,5,5,4,4,4,3,3,3,1,3,3,3,2,2,1,1,1,1,1,1,,1,1,,1,,,,,,1,1,1,1,1,1,1,1,1,4,4,4,4,4,4,4,4,2,2,7,19,6,5,9
315,1,2,2,,,1,,,3,3,1,1,4,4,4,4,9,,99,,3,3,3,3,3,3,3,97,8,7,7,8,97,97,6,7,7,97,97,8,,8,,7,8,6,6,7,6,7,7,7,7,97,97,4,4,4,1,1,1,2,3,1,1,2,2,9,2,1,1,9,2,,1,1,,1,,,,,,2,4,3,1,1,1,1,1,1,4,4,4,4,4,3,3,4,2,2,5,21,8,5,1
315,1,1,2,,,1,,,2,9,1,1,9,9,4,4,9,,9,2,3,2,2,3,3,3,3,97,8,7,6,6,1,8,7,3,8,97,7,2,,2,,98,98,98,98,98,98,98,98,98,98,98,98,4,4,3,2,1,2,2,2,2,2,2,9,1,2,9,2,1,2,,1,2,,2,,,,,,1,4,3,1,1,1,1,1,1,4,4,4,4,1,4,1,4,3,2,6,35,3,5,1
315,1,1,2,,,2,,,1,3,1,1,1,1,1,4,1,2,18,3,3,3,3,3,1,3,3,6,9,9,6,9,9,9,5,6,6,6,6,2,,1,4,6,9,3,3,3,3,3,5,8,8,97,6,4,3,3,2,2,1,1,1,2,2,2,2,2,2,1,2,2,2,,2,1,,2,,,,,,6,,3,1,1,1,1,1,1,3,3,2,2,2,3,4,4,2,2,6,29,2,5,1
315,1,1,1,,,1,,,2,1,3,2,2,2,4,5,9,,97,,8,3,3,3,3,2,3,3,4,3,3,2,2,2,97,4,4,4,3,2,,2,,7,7,5,6,5,6,6,6,5,6,5,6,1,1,1,2,1,2,1,2,1,1,2,2,2,1,2,2,2,2,1,2,1,,2,9,,,,,1,4,2,2,2,2,2,2,2,4,4,4,4,1,4,4,4,4,1,4,37,4,5,1
315,1,1,2,,,2,,,1,3,1,1,1,4,4,4,1,3,6,2,3,3,3,3,3,3,3,8,9,8,97,8,97,97,9,97,9,97,5,1,12,2,,97,9,3,4,97,3,5,97,2,8,97,5,4,2,2,1,1,1,3,2,3,3,2,1,2,2,2,1,2,2,,1,1,,1,,,,,,1,2,2,2,1,1,1,1,1,4,4,3,3,3,4,4,3,1,2,7,97,9,5,1
315,1,2,2,,,1,,,9,3,1,1,9,5,5,5,3,,96,,,,,,,,,8,8,7,7,8,8,8,8,9,9,8,8,1,9,1,4,3,8,5,2,3,3,3,3,4,7,3,3,4,4,4,1,2,1,2,1,1,1,2,2,2,2,1,9,1,2,,2,2,,1,,,,,,2,4,2,1,1,1,1,1,1,2,2,2,4,2,4,2,4,3,2,6,53,9,5,1
315,1,2,1,,,1,,,2,2,1,1,3,3,4,4,3,,4,2,3,3,3,3,3,3,3,8,98,97,6,97,97,97,6,97,97,97,97,2,,1,1,5,4,7,2,97,4,98,97,5,5,97,97,2,2,1,1,1,1,2,2,1,1,2,2,2,2,2,2,2,2,2,2,2,2,2,2,,,,,4,,3,1,1,1,1,1,1,4,4,2,3,2,4,4,4,3,2,4,28,2,5,1
316,1,1,1,,,1,,,1,9,1,3,9,4,5,5,3,,96,,,,,,,,,97,97,97,97,97,97,97,97,97,97,97,97,8,,8,,97,97,97,97,97,97,97,97,97,97,97,97,8,8,8,1,1,3,9,1,1,9,2,2,2,2,2,2,2,2,2,2,2,2,2,9,,,,,9,,2,2,2,9,2,2,2,3,8,8,4,8,4,4,4,1,2,3,40,3,5,4
316,2,1,2,2,,1,,,2,1,2,2,2,2,2,3,1,3,9,2,2,2,2,2,2,2,8,3,97,97,5,97,97,97,97,7,97,97,5,8,,8,,97,97,97,97,9,97,97,97,97,97,97,97,8,2,1,1,2,1,2,3,3,1,2,2,1,1,1,1,1,1,,1,1,,2,,,,,,3,,9,1,1,1,1,1,1,3,3,3,1,1,2,2,1,1,2,9,99,9,5,2
316,1,2,1,,,2,,,9,3,3,1,4,4,4,4,3,,10,3,3,3,3,3,1,3,3,9,9,9,9,9,5,8,9,9,9,9,9,1,12,1,4,8,9,97,4,97,4,4,4,3,8,97,4,4,4,4,3,3,2,1,3,2,1,1,2,2,1,2,2,1,2,2,2,9,,2,2,,,,,2,1,3,1,1,1,1,1,1,4,4,2,4,3,4,4,4,3,2,6,44,5,5,1
316,1,2,2,,,1,,,9,2,1,1,3,4,5,5,9,,96,,,,,,,,,8,6,5,8,97,97,97,6,10,7,5,4,1,9,1,3,9,6,1,8,5,4,97,97,8,97,98,3,2,3,3,1,2,1,2,3,2,2,2,2,2,2,9,1,2,2,,1,1,,1,,,,,,3,,3,2,2,1,9,9,9,3,2,3,2,2,2,4,4,1,2,3,72,1,5,1
316,1,2,2,,,2,,,2,3,1,1,1,4,4,4,1,3,13,9,8,8,8,8,8,8,8,10,10,10,10,10,99,10,10,10,10,10,10,1,10,1,6,98,98,98,98,98,98,98,98,98,98,98,98,4,4,4,3,1,3,9,3,3,3,2,2,2,2,2,2,1,2,,2,1,,2,,,,,,1,4,2,1,1,1,1,1,1,4,4,4,4,1,4,4,4,3,2,6,55,9,5,1
316,3,2,2,,4,1,,,1,1,1,1,1,1,5,5,2,,96,,,,,,,,,4,1,4,5,1,1,1,1,4,4,5,7,2,,2,,8,7,8,5,8,7,6,4,6,7,5,5,3,2,1,1,1,1,1,2,2,2,2,2,1,2,2,1,2,2,,1,1,,2,,,,,,1,3,3,2,1,1,1,1,1,2,2,1,3,1,1,3,1,1,1,7,45,5,4,1
317,1,1,2,,,1,,,2,2,2,2,3,4,4,4,3,,13,2,3,3,3,3,3,3,3,98,9,97,97,98,3,2,8,97,8,8,7,1,10,1,6,97,9,6,5,97,97,97,6,7,8,97,6,3,1,3,2,1,1,2,3,2,2,2,2,1,2,2,1,2,2,,2,1,,2,,,,,,1,1,4,9,1,2,1,1,1,3,3,4,3,3,4,4,4,3,2,5,41,3,5,1
317,1,1,1,,,2,,,3,3,1,1,1,1,1,1,1,1,4,2,1,3,3,3,1,1,3,8,8,5,7,7,97,6,7,7,6,97,7,1,9,1,4,5,8,3,4,4,5,4,5,7,7,4,5,4,4,4,1,2,1,3,1,1,2,1,1,2,2,1,1,1,1,1,1,1,,1,1,4,1,2,1,1,4,2,1,1,1,1,1,1,3,4,4,4,3,4,4,4,3,2,6,42,5,5,1
317,1,2,2,,,2,,,9,3,1,3,1,1,1,1,9,,11,1,8,9,3,3,8,1,3,8,9,98,97,10,97,97,9,10,10,97,97,8,,1,6,98,9,98,3,98,1,98,98,98,98,98,98,4,4,4,2,1,1,9,9,1,9,2,1,2,9,9,1,1,2,,1,1,,1,,,,,,3,,2,1,1,1,1,1,1,4,4,4,4,2,4,4,4,3,2,7,72,8,5,1
317,1,1,1,,,2,,,1,2,1,1,1,1,5,5,1,2,96,,,,,,,,,97,98,5,7,6,98,6,7,7,8,98,98,2,,1,7,97,6,4,97,5,97,3,7,7,98,98,97,4,4,3,3,3,3,3,3,2,2,2,1,1,2,1,1,1,2,1,2,2,,1,1,4,3,3,1,1,1,2,1,1,1,1,1,1,4,4,4,4,3,4,4,4,1,2,6,39,4,5,1
317,1,1,2,,,9,1,,2,3,2,2,2,4,5,5,1,2,96,,,,,,,,,5,4,2,1,4,1,3,2,6,5,98,1,2,,1,4,3,5,1,1,5,1,2,2,4,5,4,2,1,2,2,2,1,1,1,2,3,2,2,1,2,2,1,1,1,1,,1,1,,1,,,,,,1,4,1,9,9,9,9,9,9,4,3,4,4,2,4,4,4,1,,6,40,7,5,1
317,1,2,2,,,2,,,2,1,1,2,2,4,4,4,1,1,4,2,8,3,3,3,8,3,8,5,5,1,6,1,7,97,1,5,5,1,7,1,10,8,,5,9,5,1,97,2,1,97,1,1,1,5,4,4,4,3,1,1,1,3,3,1,1,1,1,1,1,1,1,2,,1,1,,1,,,,,,2,4,3,2,9,1,1,1,1,4,3,4,4,1,4,4,4,1,2,3,49,9,5,1
317,1,2,2,,,2,,,2,1,2,2,2,3,3,3,1,2,4,1,2,8,8,3,8,2,2,3,3,2,1,97,1,1,2,1,3,97,2,8,,1,4,1,98,2,1,2,1,1,2,1,2,98,1,1,1,2,1,1,1,1,3,1,9,2,2,2,2,1,1,1,2,,2,1,,2,,,,,,3,,3,2,2,2,2,2,2,3,1,2,3,1,4,4,4,1,2,3,66,9,5,1
318,1,1,2,,,1,,,2,3,2,2,2,2,2,4,1,1,9,2,2,3,2,3,3,1,3,1,97,1,1,1,1,1,97,1,1,1,1,2,,8,,7,7,2,2,2,1,4,98,6,6,6,4,1,1,1,1,1,1,1,2,2,2,2,2,2,2,1,1,1,2,,1,1,,2,,,,,,1,4,3,2,2,9,2,2,2,3,3,3,2,2,3,2,4,2,2,6,27,4,5,1
318,1,1,2,,,1,,,2,3,2,2,3,4,4,4,3,,13,9,3,8,3,3,3,3,3,7,8,7,7,7,7,7,7,7,8,7,7,8,,1,4,97,97,97,97,97,1,1,97,97,97,97,97,2,4,4,1,1,1,1,1,1,1,2,2,1,1,1,1,1,2,,1,1,,2,,,,,,1,1,3,1,1,1,1,1,1,4,4,4,4,1,4,4,4,1,2,3,31,4,5,1
318,1,2,1,,,2,,,2,1,2,1,3,4,5,5,3,,97,,3,3,3,3,3,3,3,8,9,8,97,8,7,6,6,7,9,9,8,2,,1,6,6,8,7,1,6,2,3,7,7,8,8,5,4,4,4,3,1,1,3,3,3,1,1,2,2,1,1,1,1,2,1,1,1,,2,2,,,,,1,3,3,1,1,1,1,1,1,4,4,4,4,4,4,4,4,2,2,3,48,9,5,2
318,1,1,2,,,1,,,2,1,2,2,3,3,4,4,2,,4,3,3,3,1,1,3,3,3,6,4,5,5,5,5,5,97,5,4,3,6,1,12,1,4,3,4,97,1,3,6,4,3,3,3,3,3,2,1,1,1,1,1,2,3,2,2,2,2,2,1,1,1,2,2,,2,2,,2,,,,,,1,4,3,1,1,1,1,1,1,4,4,4,4,3,4,4,4,3,1,5,35,4,5,4
318,1,2,2,,,1,,,1,3,1,2,2,4,2,4,2,,4,2,1,1,1,1,1,1,2,8,10,1,7,8,97,97,97,8,10,5,6,1,4,1,96,10,9,1,1,9,97,97,8,9,10,1,1,4,4,1,1,1,2,3,3,1,1,2,1,1,2,2,2,2,2,,2,2,,2,,,,,,4,,4,1,1,1,1,1,1,4,4,4,2,1,4,4,4,2,2,3,20,5,1,1
318,1,1,2,,,1,,,2,3,1,1,4,4,4,4,3,,6,1,3,2,3,3,1,3,3,8,8,7,8,98,98,8,8,98,98,98,98,8,,2,,5,7,2,5,97,3,9,97,10,10,97,97,4,4,3,3,1,3,1,3,1,1,1,2,1,2,1,1,2,2,,1,1,,1,,,,,,2,1,2,1,1,1,1,1,1,4,4,4,4,4,3,4,4,9,2,3,19,6,5,1
318,1,2,2,,,1,,,2,2,1,2,3,3,4,4,3,,4,2,3,3,3,3,3,3,3,5,5,5,5,5,5,5,5,5,5,5,5,2,,8,,98,98,98,98,98,98,98,98,98,98,98,98,2,3,2,3,1,2,2,2,1,2,2,2,2,2,2,2,2,2,,2,2,2,2,,,,,,3,,3,2,1,2,1,2,1,4,4,4,3,3,3,4,4,1,2,3,76,1,5,1
318,3,2,2,,4,3,2,2,,,,,,,,,,,,,,,,,,,,,,,,,,,,,,,,,,,,,,,,,,,,,,,,,,,,,,,,,,,,9,9,9,9,9,9,,9,9,9,,,,,,,,,,,,,,,,,,,,,,,,,,2,42,,4,4
318,1,2,2,,,1,,,2,3,1,2,4,4,4,4,1,3,4,3,3,3,1,3,3,3,3,98,10,98,10,1,98,10,98,98,98,98,98,2,,2,,98,10,5,1,10,10,7,10,9,10,98,10,4,4,4,1,1,2,1,3,2,1,2,2,1,2,1,1,1,1,,1,1,,1,,,,,,4,,1,1,1,1,1,1,1,4,4,4,4,1,4,4,4,3,2,2,19,9,5,1
318,2,2,1,2,,1,,,2,3,1,2,2,2,1,1,1,3,4,2,3,3,3,3,1,3,3,5,5,3,1,5,3,2,5,5,5,3,5,2,,1,4,5,5,5,3,5,3,3,5,3,5,4,2,3,2,4,2,1,1,1,1,1,2,2,2,2,2,2,2,2,2,1,2,1,,1,1,4,1,3,3,1,3,2,1,1,1,1,1,1,4,3,4,3,1,3,4,4,2,2,6,35,8,5,2
318,1,2,2,,,1,,,2,2,1,2,4,4,4,4,3,,17,2,1,3,3,3,1,3,3,5,7,5,6,5,4,4,2,6,6,6,7,1,12,1,6,6,8,4,5,5,4,4,6,5,6,6,6,4,4,3,1,9,1,3,1,1,2,1,2,2,2,1,1,1,2,,1,1,,2,,,,,,1,2,3,1,1,1,1,1,1,4,4,4,3,1,3,4,4,1,2,5,48,5,5,1
318,2,2,1,2,,1,,,2,1,1,2,9,9,4,4,3,,4,1,3,3,8,3,3,3,3,10,1,1,1,10,97,97,1,1,1,1,10,1,10,8,,1,10,9,1,6,97,10,10,10,10,10,10,1,1,1,1,1,1,1,1,1,1,2,2,2,1,1,1,1,2,2,1,1,,1,2,,,,,1,4,2,2,2,2,2,2,2,4,4,4,2,4,4,4,4,2,2,3,32,3,5,2
319,1,1,1,,,1,,,2,1,3,3,4,2,3,5,1,1,9,3,3,3,2,2,3,1,3,97,9,5,5,97,4,5,97,2,3,97,5,2,,2,,1,1,1,1,1,1,1,1,1,1,1,1,1,1,1,1,1,1,1,1,1,1,1,2,2,2,2,1,9,2,9,1,1,,2,9,,,,,1,1,3,1,1,1,1,1,1,1,1,1,1,1,1,1,1,1,1,4,25,1,5,1
320,1,1,1,,,1,,,1,3,1,3,4,5,5,1,1,3,7,1,3,3,3,3,3,3,3,97,10,97,6,6,6,97,97,97,97,6,97,2,,2,,5,10,3,5,6,97,5,5,7,7,7,5,2,2,2,2,1,1,3,3,2,1,2,2,2,2,2,2,1,2,1,1,1,,1,1,9,2,2,2,2,9,3,9,9,9,9,9,9,4,4,4,4,8,4,4,4,3,2,4,40,9,5,1
330,1,1,1,,,1,,,2,3,1,2,2,4,4,4,2,,97,,3,3,3,3,3,3,3,97,9,97,1,97,1,97,97,97,10,97,97,8,,1,4,5,8,1,2,97,1,97,97,97,8,97,7,4,1,2,2,1,1,2,2,1,3,2,2,2,2,9,1,2,2,1,2,2,,2,1,4,1,3,1,1,4,2,1,1,1,1,1,1,2,1,2,1,1,2,4,2,1,2,3,45,4,5,1
330,1,1,2,,,1,,,2,3,1,1,4,4,5,5,3,,96,,,,,,,,,6,6,4,7,5,6,4,5,5,5,4,4,1,10,1,3,6,5,5,6,5,5,4,4,4,4,4,4,3,3,3,3,2,2,3,3,1,3,1,2,1,1,1,1,1,2,,1,1,,2,,,,,,2,2,2,1,1,1,1,1,1,4,4,3,4,3,3,3,4,3,2,6,28,4,5,1
330,1,2,2,,,1,,,1,3,1,1,1,9,9,9,9,,99,,8,8,8,8,8,8,8,10,10,10,10,10,10,10,10,10,10,10,10,1,1,2,,7,5,2,3,3,97,97,7,2,7,98,3,4,4,4,1,1,1,1,1,1,1,2,2,9,2,1,9,2,2,,9,9,,2,,,,,,4,,2,1,1,1,1,1,1,3,4,3,4,4,4,4,4,1,2,6,35,4,5,1
330,1,1,2,,,1,,,2,3,1,2,2,4,4,4,3,,4,2,3,8,3,3,3,3,3,2,5,5,1,5,5,5,5,5,8,5,5,2,,2,,1,5,2,1,2,5,5,5,8,8,8,97,1,1,8,3,1,1,3,3,1,3,2,2,2,2,2,2,1,2,,2,1,,1,,,,,,1,1,2,2,2,1,1,1,2,4,4,4,4,2,4,4,4,2,2,3,55,5,5,1
330,1,2,2,,,1,,,3,3,1,1,2,4,4,4,1,3,1,3,3,2,3,1,2,3,2,5,1,5,5,5,6,1,4,5,4,4,5,2,,2,,5,4,5,6,5,7,2,5,5,5,5,5,4,3,4,2,2,3,3,3,1,1,2,2,1,2,2,2,2,2,,1,2,,2,,,,,,2,2,2,1,1,1,1,1,1,2,2,2,2,1,1,4,4,2,2,3,32,4,5,2
334,2,1,2,2,,1,,,2,1,3,1,4,4,4,4,3,,11,3,3,3,3,3,3,3,3,8,6,5,4,5,6,5,6,5,5,6,5,1,9,2,,2,6,4,4,3,3,3,3,7,7,7,3,4,4,4,2,3,2,2,2,3,2,2,2,1,1,1,1,1,2,,1,1,,2,,,,,,4,,4,1,1,1,1,1,1,4,4,4,4,4,4,4,4,2,2,3,32,1,5,2
334,1,1,2,,,1,,,2,3,1,1,4,4,4,4,3,,17,3,3,3,3,3,3,3,3,7,7,4,4,4,1,8,7,7,2,8,6,8,,2,,4,8,4,6,7,4,4,6,7,7,7,7,4,4,4,1,2,3,2,3,3,2,2,2,2,2,1,1,1,2,,1,1,,1,,,,,,1,4,2,1,1,1,1,1,1,4,4,4,4,4,4,4,4,3,2,5,21,6,5,1
334,1,2,1,,,2,,,2,3,1,2,3,4,4,4,3,,17,1,3,3,3,3,1,3,3,6,8,6,4,5,4,4,4,5,6,6,6,2,,2,,7,8,1,4,4,3,97,8,4,7,97,3,1,3,3,1,1,2,1,2,1,1,1,1,1,1,1,1,1,1,1,1,1,,1,1,1,1,1,1,1,1,1,1,1,1,1,1,1,2,3,2,1,2,2,3,3,1,2,3,27,9,5,1
334,1,1,2,,,1,,,9,3,1,1,3,3,4,4,3,,97,,3,3,3,3,3,3,3,5,5,3,5,5,5,5,5,3,3,5,5,2,,2,,97,97,97,97,97,5,97,97,97,97,97,3,4,4,4,3,1,1,3,2,3,3,2,2,2,2,2,2,2,2,,2,2,2,2,,,,,,3,,3,2,2,2,2,2,2,4,4,4,3,1,4,4,4,2,2,3,82,9,5,1
334,2,2,2,2,,1,,,2,3,2,2,2,2,2,4,1,1,4,2,2,8,2,2,3,8,2,10,97,97,1,97,97,10,97,10,97,97,97,1,9,1,4,8,8,9,1,9,9,9,9,9,9,9,9,1,1,2,1,1,1,1,1,1,1,2,2,2,2,1,1,2,2,,1,1,,1,,,,,,4,,3,1,1,1,1,1,1,4,4,4,4,1,4,4,4,3,2,2,58,2,5,2
334,1,1,2,,,2,,,1,3,2,2,4,3,4,2,1,2,9,2,2,2,2,3,3,3,3,1,8,6,1,2,1,1,5,4,5,3,6,1,2,1,4,4,8,5,2,2,3,5,5,5,5,4,5,2,2,1,2,1,1,2,2,1,2,2,1,2,1,1,1,1,1,,1,1,,2,,,,,,1,4,2,2,1,1,1,1,1,4,4,4,2,1,4,2,4,1,1,3,18,2,5,1
352,3,2,2,,3,3,1,,2,3,3,3,2,2,2,2,1,1,9,2,2,8,2,3,2,2,3,1,8,97,3,1,3,1,97,7,10,97,97,8,,1,7,97,97,97,97,97,97,97,97,97,97,97,97,4,3,1,1,1,1,9,3,1,3,2,2,2,1,9,1,1,1,,1,1,,2,,,,,,4,,3,2,2,2,2,1,2,1,2,1,4,1,4,2,2,1,,5,56,4,3,1
352,1,1,1,,,2,,,2,1,2,2,2,4,4,4,3,,4,2,3,2,3,3,3,3,3,4,6,5,1,4,3,1,6,7,8,4,7,1,96,1,7,5,6,6,5,4,5,5,7,7,8,4,7,3,1,1,2,1,2,2,3,3,1,2,2,2,2,1,1,2,2,1,2,1,,1,1,1,2,2,3,1,1,1,2,2,1,1,2,1,3,3,3,3,3,4,2,3,3,2,6,33,5,5,1
360,1,1,1,,,2,,,3,3,1,1,1,1,1,4,3,,17,9,3,3,3,3,3,3,3,97,10,10,97,97,7,7,10,8,8,2,8,1,2,1,11,10,10,4,10,8,8,5,8,8,8,8,4,4,4,4,2,1,1,2,2,1,1,2,1,2,1,1,1,1,1,2,1,1,,1,2,,,,,1,1,4,1,1,1,1,1,1,4,4,4,2,2,2,4,4,2,2,5,24,4,5,1
360,1,2,1,,,2,,,2,3,1,1,4,4,4,4,1,1,2,9,2,1,2,3,3,1,1,8,6,5,7,97,5,7,7,6,6,8,7,1,1,8,,3,6,6,5,97,5,3,6,8,8,7,4,4,3,4,1,1,2,1,2,1,1,1,2,2,2,1,2,1,2,2,1,1,,2,1,18,3,3,3,1,3,2,1,1,1,1,1,1,4,4,4,4,1,4,4,4,2,2,5,33,3,5,2
401,1,1,1,,,2,,,1,1,1,2,2,4,4,5,1,3,10,3,3,3,3,3,3,3,3,5,7,5,5,5,4,4,5,7,7,5,6,8,,1,4,3,5,3,3,3,3,3,5,5,7,5,5,2,2,2,2,1,1,1,3,1,2,1,1,2,1,1,1,2,2,1,1,1,,1,9,,,,,1,1,1,2,2,1,2,2,2,4,4,3,4,2,4,4,4,2,2,7,37,6,5,1
401,1,2,2,,,1,,,1,3,1,3,4,2,2,4,1,9,9,2,2,2,2,3,8,3,3,4,8,5,5,3,5,4,5,6,10,5,5,1,96,2,,4,8,4,4,4,97,3,5,7,10,5,5,3,2,2,2,1,1,2,2,1,2,2,2,2,2,1,1,1,1,,1,1,,1,,,,,,1,4,2,9,9,1,9,9,9,4,4,4,4,2,4,4,4,3,2,7,50,5,5,1
401,1,1,2,,,1,,,2,3,1,2,4,4,4,4,1,3,12,9,3,3,3,3,3,3,3,97,7,97,3,7,97,97,5,97,7,5,6,2,,8,,5,6,3,4,4,3,5,97,97,7,7,5,2,3,1,2,1,1,1,2,1,2,2,2,2,2,1,1,9,2,,1,1,,1,,,,,,1,3,4,9,9,1,1,1,1,4,3,4,3,3,4,4,4,2,2,5,29,4,5,1
401,1,2,1,,,1,,,2,3,1,2,2,4,4,4,1,3,13,2,2,2,2,3,3,3,3,8,9,97,97,1,1,1,5,97,97,97,1,2,,1,12,10,9,97,8,5,1,8,97,97,98,97,97,3,1,2,3,1,1,2,3,1,1,2,1,2,1,2,1,2,2,1,1,1,,2,1,12,3,2,2,1,1,3,9,9,1,9,1,9,4,4,4,4,1,4,4,4,2,2,5,54,4,5,1
402,1,2,1,,,1,,,1,2,1,3,2,2,2,4,3,,4,2,2,2,2,3,3,8,2,4,6,3,3,3,4,4,4,4,6,4,4,1,2,1,4,4,6,3,3,6,3,3,4,3,4,4,3,2,2,3,2,1,1,2,3,1,1,2,2,2,2,2,1,1,2,1,1,1,,1,9,,,,,1,1,2,2,2,2,2,2,2,3,3,3,4,1,4,3,3,1,2,7,50,5,5,1
402,1,1,2,,,2,,,1,3,1,1,4,4,4,4,9,,2,2,3,9,9,2,1,3,3,8,8,8,8,8,8,8,97,8,8,8,9,2,,2,,4,6,5,5,4,97,4,97,5,5,5,4,4,3,4,1,2,2,2,3,2,2,2,1,2,2,1,1,2,2,,1,1,,1,,,,,,1,2,2,1,1,1,1,1,1,4,4,3,4,3,3,3,4,9,2,4,22,2,5,1
402,1,2,2,,,1,,,2,2,1,2,3,3,3,4,1,9,4,2,2,8,2,3,8,3,3,97,97,97,1,97,97,3,7,97,97,97,97,8,,1,4,5,8,98,4,97,3,97,98,5,7,97,5,4,2,2,1,1,2,3,3,3,3,2,2,2,2,2,2,2,2,,2,2,2,2,,,,,,1,4,2,2,9,1,1,1,1,3,4,4,1,2,2,4,4,3,2,3,51,4,5,1
404,1,1,1,,,2,,,2,2,2,2,2,3,1,2,1,2,99,2,3,2,1,1,2,3,1,4,5,3,4,6,3,2,5,6,5,6,4,2,,1,6,4,5,5,4,3,5,1,1,5,4,4,3,3,2,1,3,2,1,1,1,1,1,1,2,1,1,1,2,1,1,1,1,2,,1,1,1,2,1,1,1,1,1,2,1,1,1,1,1,4,4,4,4,4,4,4,4,1,2,5,46,4,5,1
404,1,2,2,,,2,,,1,3,1,2,3,3,3,3,1,2,9,3,3,3,2,3,1,2,3,5,6,5,5,5,5,5,5,6,6,6,5,2,,1,4,7,7,8,97,7,7,7,97,8,97,97,6,4,4,4,2,2,1,2,3,2,3,2,9,2,2,1,2,1,2,,1,1,,1,,,,,,2,1,3,1,1,1,1,1,1,4,4,4,4,3,4,4,4,3,2,6,25,2,5,1
404,1,1,2,,,2,,,1,3,1,1,3,3,1,1,1,2,97,,3,8,8,3,1,8,8,5,9,3,4,2,5,5,4,6,9,8,7,8,,2,,3,8,2,2,2,2,2,3,3,6,5,4,4,4,4,1,1,1,1,1,1,2,1,1,2,1,1,1,1,1,,1,2,,1,,,,,,4,,3,1,1,1,1,1,1,4,4,4,3,2,4,4,4,2,2,6,22,7,5,1
404,1,2,2,,,3,3,2,,,,,,,,,,,,,,,,,,,,,,,,,,,,,,,,,,,,,,,,,,,,,,,,,,,,,,,,,,,,9,9,9,9,9,9,,9,9,9,,,,,,,,,,,,,,,,,,,,,,,,,,3,22,,5,2
404,2,2,2,2,,1,,,9,1,1,9,3,9,1,5,1,1,98,,3,3,3,3,3,3,3,7,9,97,10,5,6,6,97,97,97,7,97,8,,8,,5,8,97,97,97,97,97,97,97,97,97,97,4,4,4,3,3,3,3,3,3,3,2,2,2,2,2,1,2,2,,2,1,,1,,,,,,3,,3,2,2,2,2,2,2,4,4,4,4,1,4,4,4,2,2,6,70,3,5,2
404,2,1,1,2,,2,,,1,1,2,2,2,2,2,3,1,2,16,2,2,1,2,3,3,2,3,10,2,1,4,5,2,10,4,4,4,5,3,1,4,1,12,7,5,1,5,4,4,5,3,4,4,6,3,4,4,4,1,1,1,1,1,2,1,2,2,2,2,1,1,2,2,1,1,1,,2,2,,,,,1,4,1,1,1,1,1,1,1,4,4,4,2,1,4,4,4,3,2,5,27,5,5,2
404,1,2,2,,,3,1,,1,3,1,1,9,4,1,4,1,2,8,1,3,1,3,1,2,1,3,10,8,5,10,10,8,10,10,8,8,10,8,1,10,1,3,1,10,10,1,1,2,1,1,10,10,10,1,3,4,3,1,1,1,1,1,1,1,1,2,1,1,2,1,1,2,,2,2,,2,,,,,,2,2,2,1,1,1,1,1,1,4,4,4,2,3,4,4,4,3,,3,23,1,5,2
405,1,2,2,,,1,,,1,2,2,2,2,4,4,4,3,,9,2,3,8,8,8,3,3,3,2,4,2,4,4,2,2,2,4,4,3,3,1,10,1,7,3,5,3,3,3,2,2,98,5,6,98,4,2,3,3,1,1,1,1,2,1,1,2,2,2,2,1,1,1,2,,1,1,,2,,,,,,4,,1,2,1,1,1,1,1,4,4,3,4,2,2,4,4,2,2,3,44,5,5,1
405,1,1,2,,,2,,,2,3,2,2,2,9,5,5,2,,17,9,2,2,2,3,8,2,8,98,98,98,98,98,98,98,98,98,98,98,6,8,,1,4,7,98,2,5,4,5,2,5,6,7,98,3,1,2,2,1,1,1,3,3,1,1,2,2,1,2,1,1,1,2,,1,1,,1,,,,,,1,4,3,9,9,9,9,9,9,4,4,3,1,2,3,4,4,2,2,3,43,5,5,1
405,1,1,2,,,1,,,2,3,1,1,3,2,2,2,1,1,4,2,1,2,2,2,2,1,2,10,10,1,1,10,1,10,10,10,10,10,1,1,12,1,4,1,1,1,1,1,1,1,1,1,1,1,10,3,4,3,1,3,1,3,3,1,1,2,2,2,2,1,2,2,1,,1,1,,2,,,,,,4,,1,1,2,1,1,2,2,4,1,4,3,4,4,4,4,1,2,5,21,2,5,1
405,1,1,2,,,1,,,2,3,1,1,3,3,4,4,3,,9,2,3,2,2,2,1,2,3,3,97,4,6,6,5,5,4,6,7,97,6,1,10,1,1,7,4,3,7,6,98,4,98,5,7,98,5,2,2,3,1,2,1,1,2,2,2,2,2,2,2,1,1,1,1,,1,1,,1,,,,,,2,1,3,2,1,1,1,1,1,2,2,2,1,1,2,3,4,2,2,5,21,4,5,1
405,3,2,2,,1,1,,,1,1,1,1,4,4,4,4,3,,4,2,3,1,3,1,2,1,2,10,5,6,10,5,7,8,5,8,5,9,10,2,,2,,3,10,1,3,1,1,5,5,3,1,3,1,4,4,4,3,3,3,3,3,1,1,2,1,1,1,1,1,2,2,,1,1,,1,,,,,,1,1,2,1,1,1,1,1,1,4,4,4,4,3,3,4,4,2,2,6,25,4,1,4
405,1,1,1,,,1,,,1,1,1,1,2,1,1,1,2,,9,1,1,1,1,1,1,1,1,1,1,1,1,1,1,1,1,1,1,1,1,1,1,1,1,1,1,1,1,1,1,1,1,1,1,1,1,1,1,1,1,1,1,1,1,1,1,1,1,1,1,1,1,1,1,1,1,1,,1,1,1,1,1,1,1,1,1,1,1,1,1,1,1,1,1,1,1,1,1,1,1,1,1,1,29,1,1,1
405,1,1,2,,,1,,,2,3,2,2,4,4,4,4,1,2,17,1,3,3,3,3,3,3,3,5,5,4,2,2,3,4,4,3,3,3,4,2,,2,,7,7,6,5,6,4,4,5,7,6,5,6,1,2,1,2,1,1,1,3,2,1,1,1,2,1,1,1,2,1,,1,1,,1,,,,,,1,3,3,1,1,1,1,1,1,4,2,4,3,1,4,4,4,3,2,3,21,3,5,4
405,2,2,2,2,,1,,,9,3,2,2,2,1,5,5,1,1,96,,,,,,,,,3,3,3,3,5,3,3,3,3,3,3,3,2,,8,,1,1,1,2,3,1,1,1,1,1,1,2,8,2,8,2,1,1,1,1,2,1,2,9,2,1,1,1,1,2,,1,1,,1,,,,,,2,4,3,1,1,1,1,1,1,4,4,3,4,4,4,3,4,1,2,3,44,3,5,2
405,1,2,2,,,2,,,2,3,1,1,4,4,4,4,2,,4,2,3,3,2,3,1,3,3,8,10,4,8,5,5,4,8,9,5,5,5,1,1,2,,3,10,3,1,97,97,97,97,5,4,4,1,4,4,2,1,1,2,3,3,2,2,1,2,1,2,1,1,1,2,,1,1,,1,,,,,,1,4,3,1,1,1,1,1,1,4,4,4,4,3,4,4,4,3,2,6,29,4,5,1
405,1,2,2,,,1,,,1,3,1,1,1,1,1,1,1,1,17,3,1,1,1,1,1,1,1,10,10,10,10,10,10,10,10,10,10,10,9,1,10,1,4,9,9,3,3,97,9,1,3,3,2,2,2,4,4,4,1,1,1,1,2,1,2,1,1,1,1,1,1,1,1,,1,1,,1,,,,,,1,3,2,1,1,1,1,1,1,4,4,4,4,4,4,4,4,3,2,5,22,4,2,1
405,1,1,1,,,1,,,2,9,1,2,2,4,4,4,3,,4,2,3,3,3,3,3,8,3,6,5,1,4,4,3,5,3,3,3,2,1,1,10,1,3,5,7,8,7,6,6,6,6,5,6,98,7,1,1,2,1,1,1,1,2,2,2,2,2,2,1,2,1,1,2,9,1,1,,2,9,,,,,1,4,4,9,9,9,9,9,9,3,4,4,2,4,4,4,4,1,2,5,32,9,5,1
405,1,1,2,,,1,,,2,3,2,2,2,2,2,2,1,1,7,2,2,3,2,2,8,2,3,1,4,1,9,1,1,1,3,1,1,1,1,1,4,1,1,1,3,1,8,3,1,1,2,2,2,1,1,1,3,1,1,1,1,3,1,1,1,2,2,2,1,1,1,1,2,,1,1,,2,,,,,,1,4,2,2,2,2,2,2,2,3,3,3,3,3,4,4,3,1,2,5,27,5,5,1
405,3,1,2,,1,3,3,3,,,,,,,,,,,,,,,,,,,,,,,,,,,,,,,,,,,,,,,,,,,,,,,,,,,,,,,,,,,,9,9,9,9,9,9,,9,9,9,,,,,,,,,,,,,,,,,,,,,,,,,,3,58,,1,4
406,1,2,2,,,2,,,9,3,1,2,2,4,5,5,3,,96,,,,,,,,,98,6,3,2,2,98,3,4,4,5,4,4,1,96,1,4,98,98,98,98,98,98,98,98,98,98,98,98,2,2,2,1,1,2,3,2,1,1,2,2,2,2,2,9,9,2,,2,2,2,1,,,,,,2,4,2,1,1,1,1,1,1,4,3,2,4,3,4,3,4,2,2,7,53,4,5,1
406,1,1,1,,,1,,,2,3,1,1,9,5,5,5,3,,18,3,3,1,3,3,3,3,3,5,6,4,5,5,4,5,6,6,5,5,5,2,,1,3,5,6,2,5,3,3,5,5,5,6,5,3,4,4,4,1,1,3,3,3,3,1,2,2,2,2,2,2,1,2,1,2,2,,1,2,,,,,1,1,2,1,1,1,1,1,1,3,4,3,4,3,3,4,4,3,2,3,35,5,5,1
407,1,2,2,,,2,,,2,3,2,2,2,2,2,5,1,1,6,2,2,2,2,2,2,2,3,3,7,3,1,6,1,1,3,6,6,6,4,2,,1,4,5,7,4,2,7,1,2,3,5,5,3,1,2,1,1,1,1,1,2,1,1,1,2,2,9,1,1,1,1,1,,1,1,,2,,,,,,2,9,2,1,1,1,1,1,1,1,1,1,1,1,4,2,4,1,2,3,47,9,5,1
407,1,1,1,,,2,,,9,3,1,1,4,1,9,9,1,3,18,2,1,1,1,1,1,1,1,5,1,8,5,5,3,7,5,5,7,6,8,2,,2,,1,1,5,5,1,4,3,5,5,5,3,6,1,1,1,1,1,1,1,1,1,1,2,2,2,2,1,1,1,2,2,1,1,,2,2,,,,,1,3,4,1,1,1,1,1,1,1,1,1,1,1,1,1,1,2,1,7,50,5,5,1
407,1,2,1,,,2,,,2,2,1,1,4,2,9,4,3,,7,2,3,3,3,3,1,3,3,5,8,7,3,8,4,4,8,8,8,5,8,2,,1,6,5,8,4,3,5,5,98,5,7,7,5,4,4,4,2,3,1,3,1,3,3,3,2,2,2,2,2,2,9,2,1,9,2,,1,2,,,,,4,,4,1,1,1,1,1,1,4,4,4,4,1,4,4,4,1,2,5,38,3,5,1
407,3,2,1,,2,2,,,9,2,1,2,3,4,4,3,1,1,4,2,3,3,2,3,3,3,3,7,10,5,5,9,3,4,7,8,8,8,7,8,,1,4,5,5,5,6,7,4,3,4,6,7,3,4,4,3,3,3,1,2,1,3,1,1,2,2,1,1,1,1,1,2,1,1,1,,1,2,,,,,1,9,3,1,1,1,1,1,1,4,4,4,1,1,3,3,4,9,1,2,29,2,2,4
407,1,1,2,,,1,,,2,3,1,2,3,2,2,4,1,2,9,2,2,2,2,1,2,3,3,8,6,1,1,1,1,1,6,3,3,2,2,2,,1,4,6,7,1,1,1,1,1,5,3,3,1,1,2,1,4,2,1,3,2,3,1,1,2,9,2,1,1,1,1,1,,1,1,,2,,,,,,1,4,2,9,9,9,9,9,9,3,3,3,3,3,3,4,3,2,2,7,48,5,5,1
407,1,2,2,,,2,,,3,2,1,1,1,4,4,4,1,1,9,9,3,3,3,3,3,3,3,98,10,98,10,9,98,8,10,10,10,10,10,1,9,2,,4,10,4,4,6,97,97,9,8,9,97,5,4,3,4,1,1,1,1,1,1,2,1,1,1,1,1,1,1,9,,1,1,,2,,,,,,1,4,1,1,1,1,1,1,1,4,4,4,4,3,3,4,4,2,2,7,53,5,5,1
407,1,1,2,,,1,,,2,2,1,2,3,3,4,4,1,1,9,2,2,2,2,2,2,1,2,6,6,6,3,4,4,4,8,7,8,8,6,1,10,2,,4,6,3,3,4,3,3,3,2,5,1,2,4,3,4,1,1,1,1,3,3,3,2,1,9,9,9,9,9,9,,9,9,,1,,,,,,2,1,3,1,1,1,1,1,1,4,4,4,4,1,4,4,4,1,2,3,18,5,5,2
407,3,2,2,,4,3,1,,2,1,1,2,9,4,4,4,3,,8,2,3,3,3,3,1,3,3,10,3,1,1,8,10,5,1,8,97,97,97,1,6,1,4,5,10,6,1,1,1,1,3,7,7,97,1,1,1,2,1,1,3,3,1,1,1,1,9,9,9,9,9,9,9,,9,9,,2,,,,,,1,3,2,2,2,1,1,1,2,4,4,4,4,1,4,4,4,2,,7,38,4,4,4
408,1,2,2,,,1,,,9,3,1,1,9,1,1,1,1,9,13,9,3,3,8,3,3,3,3,8,8,5,8,8,8,98,5,7,8,8,8,1,10,2,,1,10,98,2,2,98,98,98,5,7,97,4,4,4,4,1,1,1,3,3,1,1,1,1,9,9,9,9,9,9,,9,9,,1,,,,,,2,4,4,1,1,1,1,1,1,4,4,4,4,3,4,4,4,2,2,5,23,8,5,4
408,1,1,2,,,1,,,2,3,1,1,4,3,3,4,1,1,17,2,8,3,3,3,3,3,3,7,7,7,3,3,5,5,7,5,7,7,5,1,4,2,,5,8,1,3,3,3,2,2,4,6,6,3,2,2,2,2,1,1,3,1,1,2,1,2,9,2,1,1,1,2,,1,1,,1,,,,,,6,,2,1,1,1,1,1,1,4,3,4,4,2,4,4,4,2,1,6,23,4,5,1
408,1,1,2,,,2,,,2,1,2,2,2,2,2,2,1,1,4,3,2,3,2,2,3,2,3,98,98,98,2,98,5,98,98,98,4,98,3,2,,1,4,98,8,7,1,98,2,5,4,3,4,4,2,1,3,4,1,1,1,1,1,1,9,2,9,2,2,2,2,2,2,,1,2,,2,,,,,,3,,1,9,9,9,9,9,9,4,1,1,1,1,4,1,4,2,2,3,61,3,5,1
408,1,1,1,,,1,,,2,3,1,1,1,3,3,4,2,,97,,2,3,2,3,3,3,3,7,7,5,5,97,97,5,97,7,7,7,4,1,10,1,4,7,7,4,4,6,4,6,97,7,8,97,5,4,4,4,3,1,1,3,3,3,1,1,9,9,2,1,1,1,1,1,1,1,,1,1,9,3,9,1,1,4,1,1,1,1,1,1,1,4,4,4,4,4,4,4,4,3,2,6,29,7,5,1
408,1,2,2,,,2,,,1,3,2,2,2,2,2,4,1,1,17,9,2,8,2,2,3,8,3,5,7,1,5,5,97,97,1,1,1,1,1,2,,1,12,10,10,98,98,98,98,98,98,98,98,98,98,1,2,1,1,1,1,2,1,3,1,2,2,1,2,1,1,2,2,,2,1,,2,,,,,,3,,3,2,1,2,1,1,9,4,4,2,1,1,4,4,2,2,2,3,72,1,5,1
408,1,2,1,,,1,,,2,1,1,1,1,3,4,4,3,,9,2,3,8,3,3,3,2,3,5,5,2,10,6,5,5,3,1,1,1,1,2,,1,12,1,98,1,1,1,1,1,98,98,98,98,98,2,4,4,3,3,3,1,1,1,3,2,2,1,2,1,1,1,1,1,2,1,,2,1,18,3,3,3,1,2,1,1,1,1,1,2,1,4,4,4,4,4,4,4,4,2,1,3,33,5,1,4
408,1,2,1,,,1,,,9,1,3,2,2,2,4,4,1,1,13,9,2,3,2,3,1,8,3,97,97,98,8,97,97,97,2,3,7,1,1,2,,1,12,4,97,97,6,97,3,97,97,97,97,97,97,1,3,1,1,1,1,2,1,2,1,2,9,2,2,1,1,2,2,9,1,1,,2,2,,,,,3,,2,2,2,2,2,2,2,4,4,4,1,1,4,4,4,2,2,3,57,4,5,1
408,1,1,2,,,2,,,9,3,1,1,4,4,4,4,9,,4,2,3,8,8,3,1,1,8,98,6,7,5,5,98,98,6,6,98,5,6,1,12,1,6,5,5,3,3,3,4,97,5,5,98,98,5,4,4,4,1,2,3,2,3,2,2,2,2,1,1,1,1,1,2,,1,1,,1,,,,,,1,1,2,1,1,1,1,1,1,4,4,4,3,2,3,3,4,3,2,6,32,6,5,1
408,1,1,2,,,1,,,1,3,1,2,2,2,2,4,1,1,17,2,2,2,2,2,3,2,2,5,5,6,3,2,1,3,4,4,7,5,4,2,,1,6,2,5,1,3,4,2,3,5,4,4,3,2,3,2,4,3,1,1,2,3,3,1,2,1,2,2,1,1,1,1,,1,2,,1,,,,,,1,4,2,1,1,1,1,1,1,3,4,4,3,1,4,4,4,1,2,5,50,6,5,1
408,1,2,2,,,3,1,,1,3,1,2,2,2,2,4,9,,9,9,8,2,2,3,8,2,8,8,9,9,6,9,8,8,8,8,9,8,8,8,,8,,98,5,5,5,1,98,98,98,5,7,4,5,4,4,4,3,1,2,1,2,1,1,1,2,2,1,1,1,9,2,,1,1,,1,,,,,,1,3,2,1,1,1,1,1,1,4,4,4,4,2,4,4,4,2,,5,34,5,5,1
408,1,1,2,,,3,3,2,,,,,,,,,,,,,,,,,,,,,,,,,,,,,,,,,,,,,,,,,,,,,,,,,,,,,,,,,,,,9,9,9,9,9,9,,9,9,9,,,,,,,,,,,,,,,,,,,,,,,,,,4,35,,4,4
408,3,1,2,,1,1,,,3,1,1,1,1,1,1,1,1,1,13,3,3,1,3,3,3,3,3,8,5,6,10,8,7,6,6,8,10,6,7,2,,2,,1,5,1,1,1,1,3,1,3,5,97,1,4,4,4,3,3,3,3,3,3,3,1,1,1,1,1,1,1,1,,1,1,,1,,,,,,1,1,3,1,1,1,1,1,1,4,4,2,4,1,4,4,4,2,2,5,22,2,1,4
408,1,2,1,,,2,,,2,3,1,1,1,1,1,1,3,,4,3,1,1,1,1,1,1,1,5,6,7,9,4,8,3,4,7,7,3,2,1,4,1,9,9,7,7,7,10,9,6,6,8,9,5,5,4,4,4,1,1,1,1,2,1,2,1,1,1,1,1,1,1,2,1,1,1,,1,1,4,3,3,3,2,3,2,2,2,2,1,1,1,4,4,4,4,4,4,4,4,4,1,3,31,4,1,1
408,1,1,2,,,2,,,2,1,2,2,2,2,2,2,1,1,4,3,2,2,2,3,3,2,2,1,1,1,1,1,1,1,1,1,1,1,1,2,,1,4,1,1,1,1,1,1,1,1,1,1,1,1,3,3,1,1,1,1,1,1,1,1,2,1,2,1,2,2,2,2,,1,1,,1,,,,,,3,,3,1,1,1,1,1,1,4,2,4,2,4,4,4,4,2,2,3,73,2,5,1
408,1,1,2,,,2,,,2,1,3,2,2,3,4,4,9,,17,2,3,1,3,3,3,3,3,97,97,5,5,5,97,97,97,5,7,97,97,1,10,1,4,2,98,3,4,98,98,98,5,5,7,98,98,2,2,2,1,1,1,2,2,2,1,2,1,9,9,9,9,9,9,,9,9,,2,,,,,,3,,2,2,2,2,1,9,1,4,3,2,2,1,3,3,2,3,2,5,74,9,5,1
408,1,1,1,,,2,,,2,3,3,3,1,9,9,3,1,1,17,9,3,2,2,3,1,3,3,8,5,6,10,8,2,4,5,9,4,7,4,1,9,1,12,98,4,98,2,98,98,98,3,5,98,98,98,4,3,3,2,1,1,2,3,2,1,1,9,9,1,9,1,1,2,1,1,1,,1,1,18,3,3,3,1,3,9,1,1,1,1,1,1,4,4,4,4,2,4,4,4,9,1,3,38,9,5,4
408,1,2,2,,,2,,,2,1,2,2,2,2,3,3,1,1,17,9,2,2,8,2,1,2,8,1,10,3,5,5,2,2,1,1,2,5,2,2,,8,,98,98,98,98,98,98,98,98,98,98,98,98,1,2,1,1,1,1,3,3,2,2,2,2,1,2,1,1,1,2,,1,1,,2,,,,,,3,,3,2,2,2,2,2,2,1,4,4,4,1,4,4,4,1,1,5,73,9,5,1
408,1,2,2,,,3,3,3,,,,,,,,,,,,,,,,,,,,,,,,,,,,,,,,,,,,,,,,,,,,,,,,,,,,,,,,,,,,9,9,9,9,9,9,,9,9,9,,,,,,,,,,,,,,,,,,,,,,,,,,6,31,,5,4
409,1,2,2,,,2,,,1,1,1,1,1,1,1,1,1,3,17,3,3,1,3,3,1,1,3,97,97,8,7,7,97,97,7,7,7,8,8,1,12,2,,7,7,7,5,4,3,3,7,7,7,97,4,4,4,4,3,3,1,3,2,2,1,2,1,2,2,1,1,1,1,,1,1,,1,,,,,,1,4,1,1,1,1,1,1,1,4,4,4,4,8,4,2,4,2,2,7,61,5,5,1
409,1,2,2,,,2,,,2,1,2,2,2,2,2,4,1,1,4,2,2,2,2,2,3,2,3,4,5,4,1,3,1,1,6,3,3,3,3,2,,1,4,7,7,5,4,6,4,4,5,5,6,5,5,2,1,1,2,1,1,1,2,2,2,2,1,2,2,1,1,2,2,,2,1,,2,,,,,,3,,2,2,2,2,2,2,2,4,4,4,2,2,4,4,4,1,1,5,70,6,5,1
409,2,2,2,2,,1,,,9,3,1,1,4,4,4,1,3,,9,3,3,3,2,3,3,3,8,1,1,1,99,1,99,1,1,1,1,1,1,2,,1,4,98,98,98,97,97,97,4,98,1,98,98,97,3,3,3,1,1,1,1,2,1,1,2,2,2,2,2,2,2,2,,1,1,,2,,,,,,5,,3,2,2,2,2,2,2,3,4,4,4,3,3,4,4,2,2,1,69,1,5,2
409,1,1,2,,,3,3,3,,,,,,,,,,,,,,,,,,,,,,,,,,,,,,,,,,,,,,,,,,,,,,,,,,,,,,,,,,,,9,9,9,9,9,9,,9,9,9,,,,,,,,,,,,,,,,,,,,,,,,,,1,26,,5,1
410,1,1,1,,,1,,,2,2,2,2,2,3,3,4,1,2,4,2,1,1,2,1,1,3,2,5,6,5,3,6,2,3,3,5,5,5,4,1,9,1,4,10,8,8,6,8,6,7,7,7,6,7,9,2,2,3,3,2,2,1,3,3,2,2,2,2,1,1,1,2,1,1,2,2,,1,9,,,,,1,1,2,2,1,2,1,1,1,4,4,4,4,4,4,4,4,3,2,5,46,4,5,1
410,2,2,2,2,,2,,,3,3,1,1,9,1,1,1,3,,12,1,1,1,3,1,1,1,3,10,10,10,10,10,10,10,10,10,10,10,10,1,12,2,,6,8,4,4,4,5,4,5,8,6,4,5,4,4,4,3,2,1,2,3,3,1,2,9,2,2,2,2,2,2,,9,2,2,2,,,,,,4,,4,1,1,1,1,1,1,4,2,2,4,1,4,4,4,2,2,3,40,1,5,2
410,2,1,1,2,,1,,,1,2,1,2,4,1,1,1,1,2,12,3,1,3,3,3,3,3,3,3,1,8,7,6,4,3,7,7,9,5,7,1,10,1,6,5,8,8,5,7,4,5,7,6,9,7,6,3,3,3,1,1,1,1,2,1,1,2,2,2,2,1,1,1,2,2,1,1,,1,2,,,,,1,3,2,1,1,1,1,1,1,3,4,3,3,4,3,4,4,2,2,3,48,4,5,2
410,1,2,1,,,1,,,2,2,2,2,4,3,2,4,1,2,12,1,2,3,3,2,2,1,3,6,5,5,5,5,5,5,5,5,5,5,5,2,,2,,2,7,5,4,3,2,3,2,2,1,3,4,2,2,1,1,1,1,3,1,2,1,2,2,1,1,1,1,1,1,1,1,1,,2,1,18,1,3,1,1,3,3,2,1,1,2,2,2,2,2,2,9,9,1,9,1,1,1,6,47,3,5,2
410,1,1,2,,,2,,,3,1,1,1,1,4,4,4,1,1,17,1,3,3,3,2,3,1,3,5,5,5,3,5,1,5,5,5,6,4,5,2,,2,,4,8,4,5,3,4,4,5,7,7,5,8,3,2,1,1,3,1,1,3,1,1,1,1,2,2,1,1,1,1,,1,1,,1,,,,,,2,3,3,1,1,1,1,1,1,4,4,4,4,3,4,4,4,3,2,3,18,8,5,1
410,1,1,2,,,2,,,2,2,3,3,3,4,4,4,3,,12,1,3,3,3,3,3,3,3,10,97,5,5,10,10,10,5,5,5,7,5,8,,2,,5,5,5,5,5,5,5,5,5,5,5,5,4,4,4,3,1,3,3,3,3,3,2,2,2,2,1,1,1,2,,1,1,,2,,,,,,4,,2,1,1,1,1,1,1,4,4,4,4,1,4,4,4,3,2,3,26,2,5,2
410,2,1,1,2,,2,,,2,3,1,2,2,2,2,2,1,2,7,2,2,2,2,2,2,2,3,5,3,2,2,2,1,5,5,3,3,5,3,2,,1,6,8,2,2,3,3,2,3,5,5,5,5,5,2,1,3,2,1,1,1,1,1,2,2,2,2,2,1,1,1,2,1,1,1,,2,2,,,,,5,,4,2,2,2,2,1,1,4,1,1,2,1,4,1,2,2,2,3,46,3,5,2
410,1,1,1,,,1,,,3,2,2,2,2,2,2,2,1,1,12,1,2,3,3,2,3,3,8,6,4,5,5,4,4,4,5,3,3,3,2,1,1,1,12,97,6,1,1,4,1,1,1,1,1,1,1,1,1,1,1,1,1,1,1,1,1,1,1,1,1,1,1,1,1,1,1,1,,1,1,1,1,1,1,1,1,1,1,1,1,1,1,1,1,1,1,1,1,1,1,1,1,2,3,34,4,5,2
410,2,1,2,2,,2,,,9,3,2,2,2,2,2,5,1,1,8,9,2,2,2,2,2,2,2,1,10,10,10,10,10,10,10,10,10,10,10,1,7,1,9,1,3,5,2,2,5,3,5,6,7,5,6,2,3,4,1,1,1,3,3,2,1,2,2,2,1,1,1,1,1,,1,1,,2,,,,,,2,4,3,1,1,1,1,1,1,4,4,4,4,1,4,4,4,3,2,3,24,3,5,2
410,3,2,2,,3,2,,,1,3,1,1,4,4,4,4,1,1,9,2,3,3,3,3,1,1,3,9,9,9,9,9,9,9,9,9,9,9,9,2,,2,,3,9,3,2,2,4,2,2,4,4,4,4,4,4,2,2,1,2,2,1,1,2,2,1,2,2,1,2,1,2,,1,1,,1,,,,,,2,3,3,1,1,1,1,1,1,4,4,4,3,3,4,4,4,2,1,5,19,1,3,1
410,1,1,2,,,2,,,9,3,1,3,2,4,4,5,2,,9,2,8,8,3,3,3,1,3,97,97,4,4,4,97,97,3,97,97,97,4,2,,1,5,5,97,4,3,3,3,6,97,97,4,5,5,4,4,4,1,1,1,2,1,2,1,2,1,2,1,2,1,2,2,,1,1,,2,,,,,,1,3,2,2,9,2,9,9,9,4,4,4,4,3,4,4,4,2,2,5,50,5,5,1
412,1,2,1,,,1,,,1,3,1,2,2,4,4,4,1,3,10,9,3,3,3,3,3,3,8,99,99,99,99,99,99,99,99,99,99,99,99,2,,2,,99,99,99,99,99,99,99,99,99,99,99,99,4,4,4,2,9,1,2,3,2,9,2,1,2,2,1,1,1,2,2,1,1,,1,1,8,3,3,3,2,4,2,1,1,1,1,1,1,2,4,4,2,3,4,4,4,1,2,5,39,5,5,1
412,1,2,2,,,1,,,1,1,1,2,2,2,4,4,1,3,98,,2,8,2,2,2,2,2,6,8,5,1,1,1,97,9,6,6,10,6,1,11,1,4,9,10,4,1,3,1,4,8,8,8,8,7,1,1,1,2,1,1,1,2,1,1,1,9,1,1,1,2,2,2,,1,1,,1,,,,,,1,9,2,1,1,1,1,1,1,3,3,1,3,1,3,3,3,3,2,3,50,3,5,1
412,1,2,2,,,2,,,2,3,2,2,2,5,5,5,9,,96,,,,,,,,,1,1,1,1,1,1,1,1,1,1,1,1,8,,1,6,10,10,10,10,10,10,10,10,10,10,10,10,3,3,3,9,1,1,1,1,2,2,2,2,9,9,9,2,2,2,,1,1,,2,,,,,,4,,3,2,2,2,9,1,2,4,4,3,4,4,3,4,3,2,1,2,71,2,5,1
412,2,2,2,2,,1,,,2,3,1,1,4,4,4,4,1,3,12,3,3,3,3,2,1,2,3,4,5,4,6,5,4,7,5,7,5,8,7,2,,2,,5,5,2,5,6,3,6,3,5,8,4,5,4,4,4,1,1,1,3,1,3,1,1,1,2,1,1,1,1,2,,1,1,,1,,,,,,2,1,2,2,1,1,1,1,1,4,4,4,4,1,2,2,4,3,2,3,19,4,5,2
412,2,1,2,2,,1,,,1,3,1,9,4,5,5,5,3,,96,,,,,,,,,5,4,5,5,5,5,7,8,5,8,6,6,1,10,2,,5,9,1,4,1,5,8,5,5,8,97,5,4,4,4,2,3,3,2,3,1,2,1,2,1,2,1,1,1,2,,1,2,,2,,,,,,6,,3,1,1,1,1,1,1,3,4,4,3,3,1,3,4,2,2,2,18,6,5,2
412,1,1,2,,,1,,,2,1,2,2,2,2,2,4,1,1,14,9,2,2,2,2,3,2,2,1,7,4,1,1,1,1,1,1,3,1,1,2,,1,9,10,5,97,8,97,97,97,97,10,10,97,97,1,1,1,1,1,2,2,3,1,1,2,2,2,2,1,2,1,2,,2,1,,2,,,,,,1,9,2,2,2,2,2,2,2,2,4,4,2,1,4,4,4,3,2,4,44,9,5,1
412,1,2,1,,,1,,,2,1,2,2,2,4,4,4,1,2,98,,3,3,2,2,3,2,2,1,5,1,4,3,1,1,2,5,1,2,1,2,,1,6,99,99,99,99,99,99,99,99,99,99,99,99,3,1,1,3,1,2,2,3,3,3,2,2,1,1,1,1,1,1,1,1,1,,9,1,8,9,3,3,4,,2,2,2,2,2,2,2,3,4,4,3,1,3,4,4,1,2,3,54,9,5,1
412,1,2,2,,,1,,,1,1,1,2,4,9,4,4,3,,2,3,3,3,3,3,3,3,3,7,8,2,3,7,4,3,2,2,7,5,7,1,10,1,6,3,5,2,3,3,2,2,5,5,7,3,6,1,3,3,2,1,1,1,2,1,2,2,2,2,2,1,1,1,2,,1,1,,1,,,,,,3,,3,2,2,2,2,2,2,4,2,8,4,1,3,3,4,9,2,3,71,9,5,1
412,1,2,1,,,1,,,1,3,2,1,1,4,4,4,3,,4,2,3,3,3,3,1,1,3,5,6,7,1,4,2,3,7,7,7,7,97,2,,1,7,5,5,4,2,3,97,3,5,6,6,4,3,2,3,2,2,1,1,1,2,2,1,2,2,2,1,1,1,1,2,2,1,1,,1,2,,,,,1,9,2,2,2,1,9,9,9,4,8,3,2,4,4,4,4,1,2,7,34,4,5,1
412,1,1,2,,,2,,,2,1,1,1,9,4,4,4,3,,17,3,3,3,3,3,1,3,3,7,7,7,7,7,7,7,7,7,7,7,7,2,,2,,5,7,5,5,8,5,5,8,8,8,8,8,4,4,4,1,3,3,3,3,1,1,2,2,1,1,2,1,1,2,,9,1,,1,,,,,,2,1,3,2,1,1,1,1,1,8,2,4,4,4,4,4,4,1,2,3,65,4,5,1
412,1,1,2,,,1,,,2,1,1,1,4,4,4,4,3,,99,,3,3,3,3,3,2,3,7,97,4,5,2,97,97,5,97,6,1,97,2,,2,,5,97,97,5,5,97,97,97,97,5,97,97,3,1,1,3,1,2,3,3,3,1,2,2,2,2,1,2,2,2,,2,1,,1,,,,,,1,3,3,2,1,2,1,2,2,3,3,1,2,3,2,2,3,3,2,2,21,9,5,1
412,1,1,2,,,2,,,1,1,1,2,1,2,2,2,3,,17,3,1,8,2,3,1,3,3,9,9,1,98,6,98,2,1,5,9,9,5,1,2,1,9,7,9,2,5,7,2,5,9,9,10,3,4,4,4,2,1,1,3,1,3,2,3,1,2,2,2,2,2,1,2,,1,1,,1,,,,,,1,1,3,1,1,2,1,1,1,4,2,4,1,4,4,4,4,1,2,3,32,8,5,1
412,1,2,2,,,2,,,1,2,1,1,3,4,4,4,1,2,4,2,1,1,3,2,3,3,3,9,10,9,10,9,9,9,9,9,9,9,9,1,9,2,,3,5,4,2,3,3,3,5,6,5,4,3,3,3,3,3,3,3,3,3,3,3,1,2,9,2,2,2,2,2,,9,9,,1,,,,,,1,9,2,1,1,1,1,1,1,3,3,3,3,3,3,3,3,1,2,7,52,4,5,1
412,1,1,1,,,1,,,1,3,1,1,2,1,1,1,3,,4,9,3,3,2,3,1,1,3,8,6,1,5,5,8,5,5,4,2,5,4,1,10,1,4,1,2,1,2,1,1,2,1,1,1,2,1,3,1,1,1,1,1,1,1,9,1,2,2,2,9,2,9,2,2,2,9,9,2,1,2,,,,,4,,3,2,2,1,2,2,2,4,2,4,4,4,4,4,4,2,2,2,40,3,5,1
413,1,1,1,,,1,,,2,1,1,3,1,1,1,1,1,1,9,2,2,2,2,1,1,2,1,9,5,1,1,4,4,1,8,7,5,5,1,1,7,1,1,1,10,1,1,1,1,1,10,10,10,1,1,4,3,4,1,1,1,1,1,1,3,1,1,1,1,1,1,2,2,1,1,1,,1,1,18,3,3,1,1,3,3,2,1,1,2,1,1,3,3,4,4,1,4,3,4,2,1,3,26,1,4,2
414,1,2,2,,,2,,,2,3,2,2,2,2,3,3,3,,99,2,2,2,2,3,2,2,3,1,9,1,1,1,1,5,5,1,1,5,1,2,,2,,1,97,97,5,1,3,97,97,1,1,97,97,1,1,1,1,1,1,2,1,1,2,2,2,1,1,1,1,1,1,,1,1,,2,,,,,,1,1,2,2,2,2,2,2,2,2,2,2,2,2,2,2,2,9,2,2,18,4,5,1
414,1,1,1,,,1,,,1,1,1,3,2,4,4,4,3,,4,2,3,3,3,3,3,3,3,5,7,3,3,6,7,5,2,8,5,7,7,1,9,1,3,6,6,3,7,6,5,3,4,8,8,9,8,2,2,3,2,1,2,2,2,2,3,2,2,2,1,1,1,2,1,1,1,1,,1,9,,,,,1,3,1,1,1,1,1,1,1,4,1,4,4,2,1,4,4,3,2,6,50,7,5,1
414,1,2,1,,,1,,,2,3,1,2,4,3,4,4,1,2,17,3,3,3,3,3,3,3,3,5,5,5,5,5,5,5,5,5,5,5,5,2,,1,6,5,5,4,4,5,4,4,5,6,6,5,5,4,4,4,1,1,2,2,2,2,1,2,2,1,1,1,1,1,2,1,1,1,,2,2,,,,,2,3,3,1,1,1,1,1,1,4,4,4,2,2,4,4,4,3,2,5,32,4,5,1
414,1,1,2,,,1,,,2,1,1,1,3,3,3,4,1,3,17,2,3,3,3,3,3,3,3,9,9,5,6,5,7,5,5,5,5,98,4,8,,8,,7,9,5,5,5,1,5,5,5,5,97,3,3,3,3,1,2,2,1,2,1,2,2,2,1,2,2,1,2,2,,1,1,,1,,,,,,1,4,2,1,1,1,1,1,1,2,4,1,3,2,4,4,4,3,2,3,20,3,5,1
414,1,2,2,,,2,,,1,1,1,2,3,4,3,4,1,2,16,2,2,3,2,3,3,2,3,5,10,5,3,97,1,5,5,7,5,9,9,8,,8,,7,10,97,4,97,1,97,97,9,9,97,97,2,3,1,1,1,1,1,3,3,1,2,1,1,2,1,9,2,2,,1,1,,2,,,,,,3,,2,1,1,1,1,1,1,4,4,4,3,1,4,3,4,2,1,1,76,2,2,1
414,1,1,2,,,2,,,3,3,2,3,3,3,3,3,1,1,4,2,2,3,2,3,1,2,3,7,7,5,2,7,2,6,5,3,3,5,3,1,2,1,4,7,7,7,2,7,5,7,7,5,5,6,4,4,4,4,3,1,3,3,3,3,3,1,1,2,2,1,2,2,2,,2,1,,1,,,,,,1,4,3,1,2,1,1,1,1,4,4,4,4,4,4,4,4,2,2,3,50,3,5,1
414,1,1,2,,,2,,,2,1,1,3,4,4,4,4,1,2,3,2,2,2,2,3,1,2,3,4,5,4,5,4,3,2,5,8,8,6,5,2,,1,6,2,4,3,2,4,1,2,3,6,7,5,6,4,4,4,1,3,1,3,3,1,1,2,2,2,2,1,1,2,2,,1,1,,1,,,,,,3,,3,1,1,1,1,1,1,2,2,4,2,1,2,4,4,2,2,3,64,4,5,1
414,1,1,2,,,2,,,1,1,1,1,3,4,4,4,9,,17,2,3,3,2,3,1,3,3,4,9,4,6,5,4,7,6,6,8,8,8,1,12,1,9,3,7,97,3,4,3,5,97,5,6,7,2,3,4,3,1,1,3,1,1,9,9,1,2,2,2,1,2,2,2,,2,1,,2,,,,,,3,,3,2,1,1,1,1,1,3,4,3,4,1,4,4,4,1,2,5,73,3,5,1
414,1,2,2,,,2,,,2,3,1,1,4,4,4,4,9,,4,3,8,3,2,3,3,3,3,97,8,7,4,4,3,7,97,6,97,97,6,2,,2,,5,5,4,3,4,3,8,97,8,97,97,3,4,3,2,1,3,1,3,1,2,1,2,9,2,1,1,1,9,2,,1,9,,9,,,,,,4,,3,9,9,9,9,9,9,4,4,4,2,3,4,4,4,1,2,5,20,2,5,1
414,3,2,2,,1,1,,,9,3,9,1,9,9,9,9,3,,4,2,8,3,8,3,3,8,8,98,8,98,7,98,5,5,4,8,8,6,6,8,,1,4,98,98,98,7,98,98,98,98,98,98,7,5,8,8,8,9,9,9,9,9,9,9,9,9,9,9,9,9,9,9,,9,9,9,9,,,,,,1,9,2,2,9,1,9,1,1,1,8,2,2,1,4,8,8,9,9,3,34,9,1,1
414,1,2,2,,,2,,,1,2,3,3,3,9,9,9,9,,4,9,8,8,8,8,8,8,8,5,3,5,4,4,97,5,5,4,6,4,97,9,,2,,3,6,3,1,2,3,5,4,4,4,5,1,3,3,4,3,1,1,2,3,2,2,2,1,1,2,2,1,1,2,,1,1,,2,,,,,,1,4,3,1,1,1,1,1,1,4,4,4,4,2,4,4,4,2,1,5,26,3,1,4
414,1,2,2,,,2,,,2,1,3,3,4,4,4,4,9,,4,9,3,3,3,3,3,3,3,5,5,97,5,5,97,97,97,97,97,5,97,2,,2,,97,97,97,97,97,97,97,97,97,97,97,97,3,3,3,3,3,1,3,3,3,2,2,2,2,2,2,2,2,2,,2,9,2,2,,,,,,1,9,2,1,1,1,1,1,1,4,4,4,3,3,3,3,4,2,2,3,54,4,5,1
414,1,2,2,,,1,,,1,1,1,1,1,1,1,1,9,,98,,1,3,1,1,1,1,1,97,10,10,97,8,97,97,10,10,10,10,10,1,8,2,,9,10,9,1,5,5,1,97,8,10,8,8,4,4,4,3,3,1,3,2,1,2,2,2,1,2,1,2,1,2,,1,1,,1,,,,,,1,4,2,1,1,1,1,1,1,4,4,4,4,1,4,4,4,2,2,6,65,9,5,1
414,3,2,1,,1,2,,,1,2,2,2,2,1,1,4,3,,98,,3,8,1,1,8,2,1,1,9,1,7,1,1,7,8,1,9,1,9,1,4,2,,6,5,1,7,7,8,5,6,7,3,1,7,1,3,2,1,1,3,1,1,1,3,2,2,2,2,2,2,2,1,1,2,2,,2,2,,,,,1,3,3,2,1,1,2,2,2,1,1,4,4,4,4,4,2,2,1,3,69,3,1,4
414,1,1,2,,,1,,,1,3,1,3,4,4,4,5,3,,17,2,3,3,3,3,1,3,3,5,6,8,7,97,97,97,6,6,6,97,5,1,12,2,,6,6,4,5,5,2,5,5,6,7,5,5,3,3,2,1,2,1,2,1,2,2,2,2,9,2,1,1,1,2,,1,1,,2,,,,,,1,3,2,1,1,1,1,1,1,4,4,4,3,2,4,4,4,1,2,7,48,7,5,1
414,1,1,1,,,3,2,2,,,,,,,,,,,,,,,,,,,,,,,,,,,,,,,,,,,,,,,,,,,,,,,,,,,,,,,,,,,,9,9,9,9,9,9,9,9,9,9,,,,,,,,,,,,,,,,,,,,,,,,,,6,33,,5,3
415,1,1,2,,,2,,,1,3,1,1,4,1,1,1,3,,9,2,3,3,3,3,1,1,3,9,9,9,9,9,9,9,9,7,8,6,8,2,,2,,2,8,1,3,3,1,1,5,7,7,5,4,4,4,4,3,1,1,3,1,2,3,1,2,2,1,1,1,1,2,,1,1,,1,,,,,,1,1,1,1,1,1,1,1,1,4,4,1,4,1,4,4,4,1,1,7,33,6,5,1
415,1,2,2,,,2,,,9,3,1,1,1,1,1,4,1,1,5,2,1,2,2,3,1,1,3,6,8,7,6,6,98,6,8,10,10,7,7,1,8,2,,8,10,5,5,5,97,5,6,6,8,97,5,4,4,3,2,1,1,2,2,1,2,2,9,1,1,1,1,1,9,,1,1,,1,,,,,,3,,1,1,1,1,1,1,1,4,4,4,4,2,4,4,4,2,2,7,65,5,5,1
415,1,1,1,,,2,,,3,3,1,1,1,1,1,4,1,1,4,2,1,3,3,1,3,3,3,6,6,6,10,6,6,5,6,6,5,5,5,1,1,1,1,3,8,3,4,1,1,10,6,5,6,7,97,4,4,4,3,1,3,3,3,1,1,2,2,1,1,1,2,1,1,1,1,1,,1,2,,,,,1,1,3,1,1,1,1,1,1,4,4,4,3,3,3,4,4,4,2,5,46,5,5,2
415,1,2,2,,,3,1,,2,3,1,3,1,3,3,9,1,1,11,3,2,3,3,3,3,3,3,98,7,98,1,1,98,97,9,6,8,8,6,1,8,9,,97,1,1,97,97,97,97,1,97,97,97,97,2,1,1,3,1,3,1,1,1,1,2,2,9,1,1,1,1,9,,1,1,,1,,,,,,4,,1,1,1,1,1,1,1,4,4,4,2,1,4,4,4,1,,2,42,9,5,1
415,1,2,1,,,2,,,9,3,1,1,9,3,4,4,1,1,17,2,3,3,3,3,3,8,3,8,8,98,7,97,98,98,8,7,9,7,6,2,,2,,98,98,98,97,98,98,98,97,98,98,98,98,3,4,4,1,1,3,3,3,2,1,2,2,1,1,1,1,1,2,1,1,2,,2,1,12,1,3,3,1,1,3,1,1,1,1,1,1,4,4,3,4,8,3,4,4,3,2,6,42,7,5,1
415,1,1,2,,,2,,,2,1,1,3,2,2,3,4,1,1,17,2,2,2,2,3,3,3,2,10,10,10,10,10,10,10,10,10,10,10,10,2,,2,,5,5,5,5,5,5,5,5,5,5,5,5,4,4,4,1,1,2,1,3,3,1,2,1,1,1,1,1,1,2,,1,1,,2,,,,,,1,1,2,1,1,1,1,1,1,4,4,1,3,2,4,4,4,3,2,5,29,5,5,2
415,1,2,2,,,3,1,,1,9,1,1,1,1,1,1,3,,17,3,3,3,3,3,3,3,3,5,7,7,7,4,5,5,5,7,7,7,7,8,,2,,6,7,7,7,7,7,7,5,5,7,7,6,4,4,4,1,3,2,3,2,2,3,1,2,1,1,2,2,2,2,,2,1,,2,,,,,,1,3,2,1,1,1,1,1,1,3,4,3,4,3,4,4,4,3,,6,35,3,5,3
415,1,2,1,,,2,,,1,3,1,3,1,3,1,5,3,,4,2,3,8,3,3,3,3,3,97,97,97,97,97,97,97,10,97,97,97,97,2,,2,,5,6,5,5,5,5,5,5,5,5,5,5,4,4,4,2,1,1,3,3,1,3,2,9,2,2,1,1,1,1,1,1,1,,1,1,4,1,3,1,4,,1,1,1,1,1,1,1,4,4,3,3,4,2,4,4,1,2,3,42,7,5,1
415,1,2,1,,,2,,,1,2,1,2,4,4,4,4,1,1,4,2,3,2,2,3,3,1,3,5,5,5,6,5,5,5,7,7,7,6,6,1,9,1,4,7,8,4,3,3,97,6,97,7,7,97,97,3,3,3,3,1,1,2,3,2,3,2,2,2,2,2,1,2,1,1,2,1,,1,1,9,1,3,1,1,4,2,1,1,1,1,1,1,4,4,4,4,2,4,4,4,2,1,6,42,7,5,1
415,1,2,2,,,1,,,2,1,1,1,1,1,3,1,3,,9,2,3,3,3,3,3,1,1,10,5,10,10,10,8,10,10,8,7,6,8,2,,2,,1,10,1,1,1,1,1,1,1,10,1,5,4,4,4,3,3,2,3,1,2,3,1,2,9,1,1,1,1,1,,2,1,,2,,,,,,2,4,3,1,1,1,1,1,1,4,4,4,4,3,4,4,4,9,1,5,23,7,4,4
415,1,2,2,,,3,1,,9,1,1,3,1,2,9,9,1,9,9,9,3,8,8,1,1,8,8,97,97,97,97,97,97,97,97,97,97,10,9,2,,8,,98,98,98,98,98,98,98,98,98,98,5,98,8,3,4,1,1,1,3,9,9,9,2,2,9,2,9,1,2,9,,9,2,,2,,,,,,3,,3,1,1,1,1,9,9,1,1,4,4,1,4,4,4,2,,6,72,9,4,3
415,1,1,2,,,1,,,1,3,1,1,4,3,4,4,1,2,11,2,3,3,2,3,3,3,3,5,5,97,4,5,97,97,1,6,6,6,4,2,,2,,5,5,4,5,5,5,4,5,97,97,5,97,4,4,4,2,2,2,2,1,2,1,1,1,1,1,1,1,1,1,,1,1,,1,,,,,,1,4,1,1,1,1,1,1,1,4,4,4,4,4,4,4,4,2,2,7,33,7,5,1
415,1,2,1,,,2,,,2,3,1,1,2,2,2,4,1,1,9,2,3,2,8,3,1,8,2,8,8,97,8,6,97,8,5,8,8,6,8,2,,2,,98,98,98,98,9,98,98,98,98,98,98,98,4,4,4,3,3,3,3,3,3,9,1,2,9,9,9,9,9,9,9,9,9,,2,1,12,1,2,1,1,3,2,1,1,1,1,1,1,4,4,4,4,4,4,4,4,3,1,7,50,6,5,9
415,1,2,2,,,2,,,2,2,1,2,2,1,4,4,1,1,13,1,3,8,2,8,8,8,8,98,98,5,8,5,5,98,8,10,3,5,7,1,12,1,4,5,98,98,3,5,5,97,5,5,5,5,6,2,2,2,1,1,1,2,2,1,2,1,2,2,2,1,1,2,2,,9,2,,2,,,,,,3,,2,9,9,9,9,9,9,4,4,4,4,3,3,3,4,3,2,3,67,9,5,1
415,1,2,2,,,1,,,1,3,1,1,1,1,4,4,3,,4,2,1,3,3,3,1,1,3,8,7,6,7,7,6,6,5,98,8,7,98,2,,2,,5,9,4,1,2,3,98,6,5,7,98,4,4,3,4,1,2,1,3,1,1,1,2,9,2,1,1,1,1,1,,2,1,,1,,,,,,4,,2,1,1,1,1,1,1,3,3,4,2,3,3,4,4,2,2,6,26,6,5,1
415,1,1,2,,,1,,,9,1,1,1,3,3,4,3,1,1,9,3,3,3,3,2,1,3,1,9,9,9,8,9,9,9,8,9,9,9,9,1,9,2,,8,8,7,8,8,7,8,8,8,8,8,8,3,3,3,2,1,2,3,1,1,2,2,2,1,1,1,1,1,1,,1,1,,1,,,,,,2,2,3,1,1,1,1,1,1,3,4,4,4,2,4,2,4,2,2,6,33,1,5,1
415,1,1,2,,,2,,,1,9,1,1,1,1,1,1,9,,99,2,1,1,3,1,1,1,3,10,10,10,10,10,10,10,10,10,10,10,10,2,,2,,1,10,1,1,1,1,1,1,1,1,1,1,4,4,4,1,2,2,2,1,2,1,2,9,9,1,1,1,9,1,,1,1,,1,,,,,,1,1,1,2,2,2,2,2,2,4,4,4,4,4,4,4,4,3,2,6,54,5,5,1
415,1,2,2,,,1,,,2,1,2,1,2,4,5,5,3,,96,,,,,,,,,4,4,5,6,5,6,5,6,4,6,4,7,1,10,2,,1,3,1,1,4,2,4,3,1,4,4,1,3,1,1,1,1,2,3,2,1,2,1,1,1,2,1,2,1,1,,1,1,,1,,,,,,1,1,1,1,1,2,1,1,1,1,1,1,1,1,1,2,1,2,1,2,35,3,5,1
415,1,2,2,,,2,,,2,1,1,2,3,3,3,2,1,9,11,2,2,2,2,2,2,2,2,97,5,5,8,1,97,5,5,5,8,5,5,1,10,1,1,5,5,8,6,8,5,3,6,6,6,8,5,3,4,4,3,1,1,3,2,2,1,2,1,2,1,1,1,2,1,,1,1,,2,,,,,,3,,1,2,2,2,2,2,2,1,4,4,1,1,4,3,3,1,1,5,65,1,5,1
415,1,1,2,,,3,1,,2,3,1,2,4,4,4,4,3,,4,2,2,1,3,8,1,3,8,6,98,2,5,98,98,98,4,5,6,4,5,1,9,8,,98,98,98,98,98,98,98,98,4,5,98,3,3,3,3,3,1,3,2,1,3,9,1,2,1,2,2,2,2,2,,1,1,,1,,,,,,1,3,2,2,2,2,2,2,2,4,4,4,4,4,4,4,4,3,,3,32,2,5,3
415,1,2,1,,,1,,,1,3,1,3,1,4,3,4,1,1,14,1,3,2,2,3,1,2,8,7,8,5,7,7,7,6,8,8,8,7,6,2,,1,4,5,8,5,5,6,5,5,8,8,8,6,6,2,4,3,3,1,3,2,3,1,1,1,2,1,1,1,1,2,1,1,1,1,,1,1,10,1,3,1,2,1,2,1,1,1,1,1,1,4,4,4,4,3,4,4,4,2,2,7,44,7,5,1
415,1,2,2,,,2,,,3,3,1,1,1,1,1,1,3,,10,3,1,1,1,1,3,1,1,6,8,5,7,3,4,6,8,3,6,5,5,2,,2,,5,7,3,1,5,3,5,6,4,6,5,4,4,4,4,1,3,2,2,2,2,2,2,1,1,2,1,1,1,1,,1,1,,1,,,,,,4,,2,1,1,1,1,1,1,3,3,2,3,3,2,3,1,2,2,6,33,4,5,1
415,1,1,1,,,2,,,2,2,1,1,1,1,1,1,1,2,5,3,3,3,3,3,1,1,3,6,8,5,7,8,4,6,6,7,7,8,7,2,,2,,5,8,1,4,3,2,4,4,6,6,5,4,4,4,4,1,1,1,3,2,1,1,1,1,9,9,9,9,9,9,9,9,9,,1,1,5,1,2,1,1,3,4,1,1,1,1,1,1,4,4,4,4,2,4,4,4,3,2,3,37,4,5,1
415,1,1,2,,,2,,,9,3,1,1,4,4,4,4,9,,17,2,1,3,3,3,1,1,1,10,7,97,7,97,7,97,7,7,7,7,7,2,,1,2,97,4,1,3,97,5,4,8,7,8,6,6,4,4,4,3,2,2,2,3,3,3,1,1,2,1,1,1,1,2,,1,1,,1,,,,,,1,3,2,1,1,1,1,1,1,4,4,4,4,2,4,4,4,3,1,7,32,6,5,3
415,3,1,2,,1,3,1,,1,1,1,3,4,4,1,1,1,1,11,2,2,8,1,3,3,1,8,2,5,2,2,2,5,1,5,5,5,2,5,1,9,1,96,97,97,6,2,5,5,5,97,5,5,97,97,3,1,4,2,1,3,2,2,2,2,1,1,9,1,1,1,1,1,,2,1,,1,,,,,,1,1,2,1,1,1,1,1,1,3,4,4,4,4,4,3,4,2,,5,30,6,1,3
417,1,2,2,,,1,,,2,3,1,2,4,4,1,4,3,,97,,3,3,3,3,3,3,3,8,10,6,5,7,6,97,6,6,8,8,6,1,10,1,5,97,97,97,97,97,97,97,97,97,97,97,97,3,3,1,1,1,1,2,2,1,1,2,2,2,2,2,1,1,2,,2,1,,2,,,,,,4,,2,9,9,9,9,9,9,3,3,3,3,1,4,4,3,1,2,5,55,8,5,1
417,1,1,2,,,1,,,1,1,3,3,9,3,4,4,1,3,13,9,8,8,8,8,8,8,8,98,98,98,98,98,98,98,98,98,98,98,98,8,,8,,7,98,98,98,98,98,98,98,98,98,98,98,3,3,3,2,2,2,9,2,2,2,2,2,9,2,9,2,9,9,,9,9,9,2,,,,,,3,,2,2,2,9,9,9,9,4,4,4,4,8,4,4,4,1,2,3,65,9,5,1
419,1,1,2,,,1,,,1,2,1,1,2,3,4,4,1,3,4,2,1,8,3,3,1,8,3,7,7,5,8,6,1,7,7,5,8,6,6,8,,1,6,6,7,1,5,4,3,6,5,6,7,4,6,4,3,2,2,1,1,3,3,3,3,2,1,9,2,2,1,1,2,,1,1,,1,,,,,,1,9,1,1,1,1,1,1,1,4,4,4,1,1,4,4,4,1,2,6,33,3,5,1
419,1,2,2,,,1,,,9,1,1,2,2,4,5,5,9,,4,9,3,8,8,3,3,8,3,98,98,97,6,97,97,97,9,97,97,97,4,8,,1,6,8,98,98,4,98,5,98,7,98,98,98,98,2,2,8,2,1,1,2,1,2,1,1,9,9,2,2,2,1,2,,1,1,,2,,,,,,3,,4,2,2,2,9,2,9,4,4,4,2,2,3,3,4,1,2,1,79,8,5,1
419,1,1,2,,,2,,,1,3,1,1,9,1,4,9,9,,9,2,3,8,3,3,1,8,8,9,9,9,9,9,9,9,9,9,9,9,9,8,,8,,3,9,4,1,1,3,2,5,5,5,5,6,4,4,4,2,3,1,3,3,1,1,2,2,1,2,2,1,2,2,,1,1,,1,,,,,,1,4,3,1,1,1,1,1,1,4,4,4,3,3,4,4,4,3,2,3,19,6,5,1
419,1,1,1,,,2,,,1,3,1,1,4,4,4,4,3,,4,3,3,3,3,3,1,3,3,5,5,3,8,5,1,3,3,1,1,1,5,2,,2,,5,5,3,8,3,1,3,5,3,3,3,5,4,4,4,2,2,2,3,3,2,3,2,2,1,2,2,2,2,2,1,2,1,,2,1,4,1,2,1,1,4,1,2,2,2,2,2,2,4,4,4,4,4,4,4,4,2,2,7,49,6,5,1
419,1,1,2,,,1,,,2,3,1,3,4,4,4,4,3,,97,,3,1,3,3,3,1,1,98,9,6,4,6,4,5,6,6,6,6,6,2,,2,,6,9,6,5,6,6,4,6,6,6,4,6,3,3,3,3,1,2,3,3,3,1,1,2,2,1,2,2,2,2,,2,1,,1,,,,,,4,,3,1,9,1,1,1,1,2,2,3,3,1,4,3,4,1,2,7,27,8,5,1
419,1,2,1,,,1,,,9,1,2,1,2,9,4,2,1,2,3,9,2,2,8,3,8,3,8,97,97,5,10,97,10,98,97,97,97,97,97,8,,8,,10,10,10,10,10,10,10,10,10,10,10,10,3,4,3,9,2,1,1,9,9,1,1,1,1,2,1,1,1,2,1,2,1,,1,1,3,3,2,3,4,,1,9,9,9,9,9,9,4,4,4,4,1,4,2,4,1,2,5,38,9,5,1
419,1,2,2,,,2,,,2,3,1,1,2,4,4,4,3,,4,3,3,3,3,3,3,3,3,5,5,5,4,4,2,5,5,5,8,5,5,1,10,1,6,5,5,5,5,4,2,5,7,7,7,7,7,3,3,2,2,1,1,2,2,3,1,2,2,2,2,2,2,2,2,,2,2,2,2,,,,,,1,3,2,1,1,1,1,1,1,4,4,4,4,1,4,4,4,9,9,9,99,9,9,1
419,1,1,2,,,3,2,2,,,,,,,,,,,,,,,,,,,,,,,,,,,,,,,,,,,,,,,,,,,,,,,,,,,,,,,,,,,,9,9,9,9,9,9,,9,9,9,,,,,,,,,,,,,,,,,,,,,,,,,,7,32,,5,1
419,1,1,2,,,2,,,2,1,2,2,2,2,2,2,1,1,97,,2,3,2,3,2,2,2,6,1,4,2,4,1,3,5,5,1,1,3,2,,1,4,5,2,2,5,2,2,3,2,2,2,2,2,1,1,1,2,1,1,1,2,2,2,2,2,2,2,1,2,1,2,,1,1,,2,,,,,,1,2,3,2,2,2,2,1,1,3,3,3,3,4,3,4,3,3,2,3,31,5,5,1
419,1,2,2,,,1,,,1,3,1,1,1,1,1,1,3,,10,1,1,1,3,3,1,1,3,8,8,8,8,8,8,8,8,8,8,8,8,2,,8,,8,8,8,8,8,98,8,8,8,8,8,8,4,4,4,3,1,1,3,2,2,1,2,2,2,2,2,1,2,2,,2,2,,2,,,,,,1,4,2,1,1,1,1,1,1,4,4,4,4,2,4,2,4,9,2,3,48,6,5,1
419,1,2,2,,,1,,,2,3,2,2,3,4,4,4,3,,97,,8,3,3,3,8,3,3,98,8,4,1,98,98,98,4,5,98,98,98,2,,1,4,1,10,1,1,1,1,1,1,1,1,1,1,4,1,8,2,1,1,2,3,2,2,2,2,2,1,1,1,1,2,,2,1,,1,,,,,,2,3,1,1,1,1,1,1,1,4,4,4,3,4,4,4,4,3,2,3,46,9,5,1
423,1,1,2,,,2,,,3,1,1,1,4,4,4,4,1,1,17,3,1,1,2,3,1,1,3,5,9,6,7,7,5,7,4,7,7,9,7,2,,2,,6,7,6,6,6,5,6,5,5,6,7,5,4,4,3,2,3,2,2,3,1,2,1,2,1,1,1,1,1,2,,1,1,,1,,,,,,1,1,2,2,2,1,1,1,1,4,4,4,4,4,4,4,4,3,2,6,59,5,5,1
423,1,2,2,,,2,,,2,3,1,1,4,5,5,5,3,,17,3,3,3,3,1,3,3,3,9,10,10,98,98,6,7,9,10,10,10,10,2,,8,,4,10,4,5,5,5,98,3,1,7,7,3,4,4,4,1,1,3,3,3,1,1,2,1,1,2,2,1,1,2,,1,1,,1,,,,,,1,9,1,1,1,1,1,1,1,4,4,4,4,4,4,4,4,3,2,3,46,5,5,1
423,1,2,1,,,1,,,3,3,2,1,3,4,3,4,1,2,9,3,3,3,3,3,3,3,3,7,5,5,6,5,6,7,6,5,5,6,5,2,,2,,3,6,4,3,5,4,2,5,4,4,5,3,2,2,4,2,1,1,2,2,1,1,2,2,2,1,1,1,1,2,1,1,1,,2,9,,,,,1,4,3,1,1,1,1,1,1,2,2,2,1,1,1,2,3,2,2,3,45,2,5,2
501,1,1,2,,,2,,,2,2,2,2,4,2,2,4,3,,13,2,2,2,2,2,2,1,2,4,97,4,2,3,1,1,97,97,8,97,1,1,98,9,,2,97,8,4,97,4,3,97,4,8,4,3,1,4,4,3,1,1,1,2,2,1,2,2,2,2,9,1,9,2,,2,1,,2,,,,,,1,3,3,2,9,2,9,9,9,4,4,2,4,1,4,4,2,2,2,2,54,2,5,1
501,1,2,2,,,2,,,2,3,1,1,2,3,4,3,1,1,4,2,3,3,3,3,1,3,3,5,5,4,3,3,3,5,8,5,5,5,5,2,,1,4,5,4,3,3,4,3,3,5,5,5,5,4,4,2,4,1,1,1,2,1,1,2,2,1,9,9,9,9,9,9,,9,9,,1,,,,,,1,4,3,1,1,1,1,1,1,4,4,4,4,2,4,4,4,2,2,5,42,3,5,1
501,1,2,2,,,1,,,2,1,1,1,1,1,1,1,1,1,9,2,1,1,1,1,1,1,1,1,1,97,8,1,1,1,97,1,1,97,99,2,,1,6,97,8,4,1,3,1,97,97,3,97,4,5,4,4,4,3,3,3,3,3,3,3,1,2,2,2,1,1,2,2,,1,1,,1,,,,,,9,,2,2,9,9,9,1,9,4,4,4,4,2,4,4,4,2,2,3,55,5,5,1
501,1,2,1,,,2,,,1,1,1,2,4,2,4,4,1,2,9,2,3,3,3,3,3,3,3,97,97,97,97,97,97,97,97,97,97,97,97,1,9,2,,7,7,7,7,7,7,7,7,8,7,10,7,4,4,4,1,1,1,3,3,1,3,2,2,1,2,1,1,1,2,1,1,1,,2,1,16,3,3,3,1,4,4,1,1,1,1,1,1,4,4,4,4,1,4,4,4,3,2,5,44,7,5,1
501,1,1,2,,,1,,,1,3,1,2,4,1,1,9,3,,2,3,3,3,3,3,1,1,3,6,7,3,8,7,5,5,5,6,10,10,5,1,9,1,6,6,97,97,97,5,97,5,97,5,97,97,97,3,4,3,2,1,1,9,2,3,2,1,1,2,1,1,2,2,2,,1,1,,1,,,,,,1,1,3,1,1,1,1,1,1,4,4,4,4,2,4,4,4,3,2,1,23,3,5,1
501,1,1,1,,,1,,,2,3,1,2,3,3,3,3,1,3,4,2,3,3,3,3,3,1,3,8,5,97,7,97,3,97,97,97,97,97,97,8,,2,,5,97,97,1,97,2,3,97,5,7,9,4,2,2,3,1,3,1,1,2,1,1,1,2,2,2,1,1,1,2,1,1,1,,2,2,,,,,1,3,4,2,2,2,2,2,2,4,4,4,3,3,3,3,4,2,2,3,37,8,5,1
501,1,1,2,,,1,,,2,3,1,1,4,4,4,4,3,,9,2,3,3,3,3,3,3,3,8,10,2,2,8,10,10,5,8,8,8,8,1,10,2,,10,10,1,10,10,10,10,10,10,10,3,10,4,4,4,3,2,3,3,3,1,3,1,1,2,2,2,1,2,2,,2,1,,1,,,,,,1,4,2,1,1,1,1,1,1,4,4,4,2,4,4,4,4,2,2,6,21,5,5,1
501,2,1,2,2,,1,,,9,1,1,1,4,4,1,1,3,,97,,8,8,8,1,3,8,1,2,8,9,8,5,7,3,3,5,10,1,6,8,,1,10,1,2,1,1,2,1,1,1,2,2,1,2,3,3,3,1,1,2,1,2,2,2,2,1,2,2,2,2,2,2,,2,2,,2,,,,,,1,3,3,1,2,1,2,1,2,4,4,4,4,4,4,4,4,3,2,2,18,8,5,2
502,1,1,2,,,1,,,1,3,1,3,9,4,4,4,9,,5,3,3,8,3,3,3,3,3,7,8,8,7,7,98,98,6,98,97,8,98,8,,8,,6,7,6,5,5,4,98,7,98,6,6,4,3,4,4,2,2,1,2,3,2,2,1,2,9,9,9,9,9,9,,9,9,,2,,,,,,2,3,3,1,1,1,1,1,1,4,4,3,3,3,4,4,4,1,2,5,25,3,5,1
502,1,1,1,,,1,,,3,3,3,1,9,9,5,5,3,,96,,,,,,,,,98,98,98,98,98,98,98,98,98,98,98,98,9,,1,1,98,98,98,98,98,98,98,98,98,98,98,98,3,3,3,1,9,1,9,3,1,1,2,2,2,9,2,2,2,2,2,2,2,2,2,2,,,,,5,,2,2,2,2,2,2,9,1,1,1,4,1,1,1,4,1,2,2,36,4,5,1
502,1,2,2,,,1,,,2,3,1,2,2,4,4,4,1,1,4,2,8,3,3,2,3,8,3,97,6,97,6,97,97,97,97,97,6,97,4,8,,8,,5,98,98,5,5,5,98,98,98,98,98,98,4,4,4,1,1,9,3,3,1,9,2,2,9,1,1,1,1,1,,1,1,,1,,,,,,1,4,2,1,1,1,1,1,1,4,4,4,4,3,4,4,4,3,2,3,41,6,5,1
502,2,2,1,2,,2,,,2,3,2,2,2,2,2,2,1,1,13,3,2,3,2,3,3,3,3,1,2,1,1,1,1,2,2,1,1,1,1,1,10,1,96,5,5,3,3,3,97,5,5,3,5,1,1,2,2,1,1,1,1,3,3,1,2,2,1,9,9,9,9,9,9,9,9,9,,1,1,12,3,3,3,1,4,2,2,2,2,9,2,2,3,2,4,1,1,4,4,4,2,2,3,30,2,5,2
502,1,1,1,,,2,,,2,2,1,2,3,4,4,4,3,,4,3,3,3,3,2,3,3,3,3,5,3,4,4,4,4,5,4,4,4,4,2,,1,4,3,5,4,3,3,3,4,5,5,5,4,4,2,3,4,3,1,1,3,1,1,3,2,2,1,2,1,1,1,1,1,1,1,,2,1,4,3,3,1,2,3,4,1,1,1,1,1,1,2,1,1,1,1,2,2,2,2,2,3,40,2,5,2
502,1,2,1,,,2,,,1,1,2,3,4,5,4,1,1,2,7,9,3,3,3,3,8,3,3,7,5,97,7,7,5,7,97,7,7,7,7,8,,2,,8,6,97,6,8,7,7,97,10,7,8,5,4,4,4,2,2,2,2,3,3,3,2,2,2,2,1,1,1,2,1,2,2,,1,1,3,1,3,2,1,1,3,1,1,1,1,1,1,4,3,4,4,3,4,4,4,2,1,6,63,9,5,2
503,1,2,2,,,2,,,1,3,1,1,4,3,4,4,1,3,97,,3,3,3,3,1,1,3,6,8,6,4,6,97,97,7,97,8,97,6,8,,2,,6,7,5,4,6,4,6,97,5,5,97,4,3,3,3,1,1,1,1,2,1,2,2,2,2,2,1,1,1,2,,1,1,,1,,,,,,3,,1,1,1,1,1,1,1,4,4,3,3,3,4,4,4,3,2,6,37,6,5,1
503,1,2,9,,,3,3,3,,,,,,,,,,,,,,,,,,,,,,,,,,,,,,,,,,,,,,,,,,,,,,,,,,,,,,,,,,,,9,9,9,9,9,9,,9,9,9,,,,,,,,,,,,,,,,,,,,,,,,,,1,55,,1,4
503,2,2,1,2,,1,,,1,1,1,1,1,1,1,1,1,1,99,1,1,1,1,1,1,1,1,1,1,1,1,1,1,1,1,1,1,1,1,1,1,1,1,1,1,1,1,1,1,1,1,1,1,1,1,1,1,1,1,1,1,1,1,1,1,1,1,9,9,9,9,9,9,9,9,9,,1,1,1,1,1,1,1,1,1,1,1,1,1,1,1,1,1,1,1,1,1,1,1,1,1,1,56,1,1,2
503,1,2,2,,,2,,,2,3,1,1,9,1,9,4,1,1,4,2,3,3,2,3,3,2,3,8,8,5,8,5,3,3,7,8,8,8,8,1,10,9,,98,10,98,98,97,97,98,97,5,7,97,7,4,4,3,1,1,2,3,2,2,1,1,1,1,2,1,1,1,1,,1,1,,1,,,,,,3,,2,1,1,1,1,1,1,4,4,4,4,4,4,4,4,1,2,7,74,4,5,1
503,1,1,1,,,2,,,3,1,1,1,1,4,1,1,1,1,97,,1,1,8,3,1,1,1,8,8,8,8,8,8,8,8,8,8,8,8,1,98,2,,7,5,97,5,5,5,97,4,7,5,97,8,3,3,4,1,9,3,9,3,2,1,2,1,1,2,2,1,2,2,2,1,1,,1,2,,,,,1,3,2,1,1,1,1,1,1,4,3,4,4,4,3,4,4,1,2,3,33,5,5,1
503,1,1,2,,,1,,,1,3,1,2,2,2,2,4,1,1,9,2,2,2,2,3,3,2,3,8,7,10,4,6,97,97,97,10,10,10,10,2,,2,,7,7,7,4,5,4,6,7,7,7,7,7,4,1,4,2,1,2,3,1,1,3,2,2,2,2,1,1,2,1,,1,1,,1,,,,,,1,1,2,1,1,1,1,1,1,4,4,4,4,2,4,2,4,1,1,5,27,4,5,1
503,1,1,2,,,3,2,2,,,,,,,,,,,,,,,,,,,,,,,,,,,,,,,,,,,,,,,,,,,,,,,,,,,,,,,,,,,,9,9,9,9,9,9,,9,9,9,,,,,,,,,,,,,,,,,,,,,,,,,,3,65,,3,1
503,1,1,1,,,2,,,2,3,1,2,2,2,2,4,1,1,13,9,2,2,3,2,3,2,2,2,5,2,1,5,97,97,2,1,1,1,1,2,,2,,2,98,5,3,2,1,1,4,97,97,97,3,3,3,3,1,1,1,3,3,3,3,2,2,2,1,1,1,2,2,2,2,1,,2,2,,,,,1,1,3,1,1,1,1,1,1,4,4,4,4,4,4,4,4,3,2,3,32,4,5,2
503,1,1,1,,,2,,,3,3,1,1,4,4,4,4,1,3,9,3,3,3,3,3,1,2,1,7,8,5,7,7,97,8,9,97,8,6,98,1,10,1,4,6,6,4,4,4,2,2,98,5,7,98,4,3,3,3,2,1,2,3,3,3,9,2,1,1,2,1,1,1,2,1,1,1,,1,1,4,1,3,1,1,4,2,1,1,1,1,1,1,4,3,3,3,2,4,4,4,2,2,3,48,3,5,1
503,1,1,1,,,3,2,2,,,,,,,,,,,,,,,,,,,,,,,,,,,,,,,,,,,,,,,,,,,,,,,,,,,,,,,,,,,,9,9,9,9,9,9,9,9,9,9,,,,,,,,,,,,,,,,,,,,,,,,,,1,29,,1,4
504,2,1,2,2,,2,,,3,2,2,2,4,1,4,1,3,,97,,3,2,2,1,1,3,1,10,5,3,7,6,5,8,2,5,5,5,8,1,9,8,,10,1,1,10,2,1,5,10,10,10,1,1,4,4,4,1,1,1,1,3,1,3,2,2,2,2,2,2,1,2,,1,1,,2,,,,,,4,,3,1,2,2,1,2,1,2,2,1,1,1,3,4,2,3,2,3,20,3,5,2
504,1,1,1,,,2,,,2,3,2,2,2,4,4,4,3,,9,3,2,3,2,2,3,1,2,8,8,2,4,3,1,8,5,8,8,5,1,1,1,1,2,3,10,2,7,7,5,5,7,9,9,7,3,2,2,3,1,1,1,1,1,2,2,2,9,2,2,1,1,2,1,2,1,1,,2,9,,,,,2,4,2,1,1,1,1,1,1,2,3,1,3,3,3,3,4,3,2,5,33,5,5,2
504,1,2,2,,,1,,,2,3,1,1,4,4,4,4,3,,4,2,3,3,3,3,3,3,3,5,8,5,6,6,3,3,97,7,7,97,6,8,,1,7,97,6,97,5,5,3,5,3,5,5,4,4,3,3,1,1,1,9,2,3,1,2,1,2,2,1,2,1,2,2,,2,2,,1,,,,,,4,,3,1,1,1,1,1,1,4,4,3,3,2,1,2,4,2,2,3,18,3,5,1
504,1,2,2,,,1,,,2,3,2,2,3,4,4,4,3,,4,2,3,8,3,2,3,2,3,5,5,5,5,5,5,5,5,5,5,5,5,2,,1,4,5,5,5,5,5,5,5,5,5,5,5,5,2,2,2,1,1,1,1,1,2,2,2,2,2,2,2,2,2,2,,1,1,,2,,,,,,1,4,1,1,1,1,1,1,1,1,4,1,2,1,4,4,4,3,2,3,28,4,5,1
504,1,1,2,,,2,,,2,9,1,1,4,4,4,1,1,2,97,,1,3,3,1,1,1,3,10,97,5,10,10,97,10,8,8,10,97,10,2,,2,,1,10,1,1,2,1,1,5,1,10,5,1,4,4,4,3,1,1,1,1,1,3,1,1,2,2,1,1,2,2,,1,1,,1,,,,,,2,4,4,2,1,9,9,9,1,4,4,4,4,2,4,4,4,3,1,6,28,1,5,2
504,1,1,1,,,2,,,2,2,2,3,1,2,5,5,3,,96,,,,,,,,,2,4,3,5,2,4,1,1,4,3,2,3,2,,2,,2,1,2,4,2,2,2,3,2,2,4,1,2,1,2,2,9,2,3,2,3,2,1,1,2,2,2,2,2,2,2,1,9,,1,2,,,,,2,2,2,2,1,1,1,2,2,1,1,2,2,2,2,2,2,2,2,1,46,1,2,2
504,1,2,2,,,1,,,1,1,2,3,3,2,2,4,1,1,13,9,2,2,2,2,3,2,2,97,10,1,1,5,1,97,1,3,5,97,1,8,,1,12,98,98,1,98,98,1,98,97,97,98,98,1,1,1,1,1,1,1,9,3,3,3,2,2,1,1,1,1,1,2,,1,1,,2,,,,,,2,9,4,2,2,2,2,2,2,4,4,8,2,1,4,4,4,2,2,3,61,9,5,1
504,1,1,2,,,1,,,2,1,1,2,2,1,4,4,1,9,7,3,3,8,8,8,8,8,3,98,5,98,1,1,98,98,98,98,98,98,5,2,,1,4,98,5,98,98,98,98,98,98,98,98,98,5,2,1,2,1,1,1,1,1,3,1,2,2,2,2,2,2,2,2,,2,2,2,2,,,,,,3,,3,2,2,2,2,2,2,3,4,4,1,1,4,4,4,4,2,4,70,2,5,1
504,1,2,2,,,3,2,2,,,,,,,,,,,,,,,,,,,,,,,,,,,,,,,,,,,,,,,,,,,,,,,,,,,,,,,,,,,,9,9,9,9,9,9,,9,9,9,,,,,,,,,,,,,,,,,,,,,,,,,,5,23,,5,1
505,3,1,1,,4,1,,,1,3,3,2,2,3,4,2,1,1,4,9,2,2,2,3,3,2,2,5,5,5,5,5,5,5,5,5,5,5,5,8,,2,,5,5,5,4,4,4,5,5,5,5,5,5,2,2,2,2,1,1,1,3,2,1,2,2,1,2,1,1,1,2,1,1,1,,2,9,,,,,1,1,3,1,1,1,1,1,1,2,2,2,2,2,2,2,2,2,2,5,30,2,4,4
505,1,2,2,,,2,,,1,1,3,2,2,4,4,4,1,2,4,2,3,2,2,3,1,3,1,1,7,4,7,5,3,1,7,5,7,4,7,1,10,1,12,1,8,3,6,6,1,1,6,3,6,3,1,3,2,2,1,1,2,3,2,2,3,1,2,2,2,2,1,2,1,,1,1,,1,,,,,,3,,1,2,2,1,1,1,2,4,4,4,4,3,4,4,2,3,2,6,70,4,5,1
505,1,1,2,,,2,,,2,3,3,3,4,4,1,4,1,3,9,2,1,3,3,3,3,1,3,6,8,5,8,5,5,5,5,5,5,7,5,2,,2,,4,8,2,2,2,2,3,3,4,8,3,3,4,4,4,2,1,1,3,2,3,3,2,9,1,1,1,1,2,1,,1,1,,2,,,,,,1,1,2,1,1,1,1,1,1,4,4,4,4,4,4,4,4,9,2,3,21,2,5,1
505,1,2,2,,,2,,,1,1,1,3,3,1,1,1,3,,4,3,3,3,3,3,1,3,3,97,97,97,7,97,97,97,97,97,97,97,97,2,,2,,97,97,1,97,97,97,97,97,97,97,97,1,4,4,4,1,3,1,3,2,2,9,2,2,1,2,2,9,2,2,,1,9,,2,,,,,,1,9,4,1,1,1,1,1,1,4,3,4,4,4,3,4,4,1,2,3,54,1,5,1
505,1,1,2,,,3,1,,3,3,3,3,4,4,4,4,9,,4,1,3,3,3,3,3,3,1,8,8,8,8,8,8,8,8,8,8,8,8,2,,2,,6,6,5,5,5,5,5,5,5,5,2,2,4,4,4,3,3,3,1,3,3,3,1,1,1,1,1,1,1,1,,1,1,,1,,,,,,1,3,3,1,1,1,1,1,1,4,4,4,4,4,4,4,4,2,,3,19,8,1,4
505,3,2,2,,4,1,,,2,3,1,1,4,4,4,4,1,2,9,2,3,3,8,3,3,3,3,2,5,2,2,2,2,2,4,4,5,2,1,1,10,1,6,3,8,4,2,3,97,97,6,4,8,3,3,3,2,3,1,1,1,3,2,1,2,2,2,2,2,1,1,2,1,,1,2,,1,,,,,,1,4,3,9,9,9,9,9,9,4,4,4,4,2,4,4,4,2,2,6,57,5,4,4
505,1,2,2,,,2,,,3,3,3,3,9,2,3,2,9,,9,9,2,2,2,8,1,8,8,97,8,97,5,97,97,8,97,97,97,9,97,1,10,1,4,5,98,98,98,98,98,98,98,98,98,98,98,4,3,3,3,1,1,1,2,1,2,1,9,9,2,9,9,9,9,,9,9,,9,,,,,,4,,3,9,1,1,1,1,1,2,2,2,3,2,3,4,4,9,2,1,28,2,5,1
505,1,1,2,,,2,,,2,1,1,2,9,2,1,3,3,,9,2,1,8,2,3,3,1,3,5,7,6,4,5,4,4,7,6,7,97,5,2,,1,6,5,7,5,4,97,4,4,7,6,7,98,5,1,3,1,1,2,1,1,9,1,1,2,2,2,2,1,1,1,1,,1,1,,1,,,,,,3,,3,2,2,2,2,2,2,4,4,4,4,4,4,4,4,2,2,6,70,2,5,1
505,1,1,2,,,2,,,2,9,1,1,3,9,4,9,3,,4,2,3,3,3,3,2,3,3,97,6,97,6,6,8,4,97,97,97,97,9,8,,1,96,97,97,2,4,2,8,5,6,3,5,97,8,4,4,1,1,2,3,2,1,1,2,2,2,1,1,1,1,2,2,,1,1,,2,,,,,,3,,3,1,1,1,1,1,1,4,3,4,4,8,1,8,4,2,2,1,64,4,1,4
507,1,2,2,,,2,,,1,3,3,3,3,3,4,4,2,,9,2,3,3,3,3,3,3,3,5,8,4,5,6,6,5,8,8,8,8,7,2,,1,96,3,2,8,4,4,4,3,4,3,6,5,5,3,3,3,2,2,3,2,3,2,2,1,2,1,1,1,2,1,2,,2,1,,2,,,,,,3,,2,1,1,1,1,1,1,4,2,4,4,2,2,4,2,9,2,5,74,8,5,1
508,1,2,2,,,2,,,3,9,3,3,2,2,2,2,9,,6,9,8,3,8,8,3,8,3,98,98,98,10,98,98,10,98,1,98,98,98,8,,8,,98,98,98,98,98,98,98,98,98,98,98,98,8,1,4,9,9,9,9,9,1,9,2,2,2,2,2,2,2,2,,2,2,2,2,,,,,,3,,3,9,9,9,9,9,9,8,8,8,8,8,4,2,8,2,2,2,84,1,5,1
508,1,2,2,,,1,,,2,2,1,2,3,3,3,3,3,,9,2,2,2,2,3,3,2,3,5,7,7,8,97,5,97,97,7,7,97,6,2,,1,96,5,8,6,7,97,5,4,97,5,5,97,4,2,2,1,1,1,1,2,1,1,2,2,2,2,1,1,1,2,2,,1,1,,1,,,,,,3,,2,2,2,2,2,2,2,4,3,4,3,2,4,4,3,3,1,3,61,2,5,1
508,1,1,1,,,1,,,1,3,1,2,2,4,4,4,3,,97,,2,2,2,3,1,2,3,5,5,4,3,5,5,3,5,6,6,5,5,1,5,2,,5,5,3,4,5,5,5,5,5,5,5,5,2,3,2,2,1,3,2,2,2,1,1,1,1,1,1,1,2,2,2,1,1,,1,2,,,,,1,3,3,1,1,1,1,1,1,3,4,4,2,2,4,4,4,3,1,6,40,6,5,1
508,1,1,1,,,1,,,2,3,1,2,2,2,2,2,1,1,8,2,2,2,2,3,3,2,3,5,7,5,5,5,3,2,5,5,7,5,5,1,10,1,7,5,7,5,4,5,6,6,5,5,6,5,5,4,2,2,1,1,2,2,2,1,1,2,1,2,1,1,1,2,2,1,1,1,,2,9,,,,,1,3,3,1,1,1,1,1,1,2,4,4,2,1,4,4,4,1,2,7,24,5,5,1
508,1,2,1,,,2,,,2,1,1,1,1,1,4,4,1,2,8,3,3,3,3,3,1,3,3,97,7,97,97,5,97,10,6,97,97,97,10,2,,2,,98,5,5,6,3,3,6,3,98,6,6,6,4,4,4,1,1,1,1,1,1,2,2,1,1,2,1,1,9,2,9,1,1,,1,9,,,,,5,,4,1,1,1,1,1,1,4,4,4,2,2,4,4,4,3,2,5,42,2,5,1
508,1,1,1,,,1,,,1,2,1,3,3,4,4,4,2,,1,2,1,3,1,3,1,1,3,8,6,6,6,7,7,8,6,7,8,7,6,1,12,2,,6,5,4,4,5,6,5,5,6,7,6,4,3,3,3,3,1,1,3,1,2,1,2,1,2,1,1,1,1,2,1,1,1,,1,2,,,,,1,1,2,1,1,1,1,1,1,4,4,4,4,3,4,4,4,1,2,6,36,5,5,1
508,1,2,1,,,1,,,3,3,1,1,4,4,4,4,1,2,16,9,3,3,3,3,3,3,3,7,8,6,5,7,5,7,97,8,8,97,9,2,,2,,5,97,2,3,5,3,5,97,6,6,4,5,4,4,4,1,3,1,1,3,2,3,1,2,2,1,2,2,2,2,2,2,2,,1,2,,,,,1,3,3,1,1,1,1,1,1,4,4,4,4,1,4,4,4,9,1,3,32,9,5,1
508,1,2,2,,,1,,,1,3,1,1,3,4,5,5,3,,96,,,,,,,,,6,6,4,6,6,6,4,6,6,6,97,6,2,,2,,5,5,2,2,4,3,2,97,5,5,97,3,3,3,4,1,3,1,2,1,2,1,1,2,2,1,2,2,9,2,,2,2,,2,,,,,,2,4,2,1,1,1,1,1,1,2,2,2,2,2,2,4,4,1,2,5,26,3,5,1
508,1,2,2,,,2,,,3,2,2,2,9,3,3,3,1,1,17,2,2,3,2,3,3,1,3,97,97,97,97,97,98,97,97,5,97,97,5,2,,2,,2,2,8,5,5,5,8,5,8,5,97,5,3,3,4,1,1,1,3,3,3,1,2,2,1,9,1,1,2,1,,1,1,,2,,,,,,1,4,2,1,1,1,1,1,1,2,4,4,2,2,4,4,4,3,2,6,33,9,5,1
508,1,2,2,,,2,,,3,3,2,1,2,4,3,4,1,1,97,,3,3,3,3,3,3,3,5,2,5,6,5,6,5,5,3,2,6,6,2,,2,,5,5,5,5,5,5,5,5,5,5,5,5,3,4,4,2,3,2,3,1,3,3,1,2,2,1,2,2,2,2,,1,1,,2,,,,,,2,2,2,1,1,1,1,1,1,4,4,4,4,4,3,4,4,1,2,3,28,3,5,4
508,1,2,2,,,1,,,2,3,1,2,2,4,4,3,1,3,9,2,3,2,2,3,3,3,3,8,10,4,2,3,4,4,10,10,10,10,8,1,10,1,5,4,5,2,3,4,3,3,5,5,5,5,5,4,2,2,2,1,2,2,3,1,3,1,2,1,1,2,1,2,2,,1,1,,1,,,,,,1,1,2,1,1,1,1,1,1,4,4,4,3,2,3,4,4,3,2,5,33,6,5,1
508,1,2,2,,,1,,,2,3,1,1,3,3,4,4,1,3,1,3,3,3,3,3,3,3,3,1,97,97,97,97,97,3,97,97,97,97,97,2,,2,,5,5,97,1,1,97,5,97,97,5,97,97,2,4,2,1,3,3,3,2,2,1,2,2,1,1,1,2,1,1,,1,1,,1,,,,,,1,4,3,1,1,1,1,1,1,4,4,4,4,4,2,4,4,2,2,6,55,4,5,1
508,1,2,2,,,1,,,2,3,3,2,3,4,4,4,3,,97,,3,3,3,3,3,3,3,98,98,98,5,5,98,98,5,4,4,98,3,8,,8,,5,8,3,2,4,2,6,4,6,6,4,3,3,2,1,1,1,1,1,3,3,1,2,2,2,1,2,1,1,2,,1,1,,1,,,,,,1,4,2,1,1,1,1,1,1,4,2,4,4,2,4,4,4,1,2,3,47,7,5,1
508,1,2,2,,,1,,,2,3,1,3,1,1,1,1,1,3,9,1,1,1,1,1,1,1,1,9,8,5,6,5,9,8,5,5,1,5,6,2,,2,,9,9,5,4,9,6,6,6,6,6,8,6,1,1,1,2,1,1,1,3,2,1,1,1,2,2,2,1,1,2,,1,1,,1,,,,,,1,3,2,1,1,1,1,1,1,3,2,3,4,1,3,3,4,1,2,5,37,5,4,4
509,1,1,2,,,2,,,2,3,1,1,3,3,4,4,1,1,4,2,3,3,3,3,3,3,3,5,8,8,7,7,6,6,6,5,5,5,5,1,96,1,96,8,9,8,4,5,2,98,5,5,5,5,2,4,3,4,3,3,2,3,3,3,2,1,1,1,2,1,2,1,2,,1,1,,1,,,,,,3,,2,9,9,9,9,9,9,2,2,2,4,1,2,2,2,1,2,6,67,4,5,1
509,1,2,1,,,1,,,9,1,3,3,4,1,4,1,1,2,9,3,8,8,8,1,8,8,8,10,98,98,10,10,98,98,10,10,10,10,98,2,,8,,1,1,1,1,1,1,1,1,1,1,1,1,1,1,1,1,1,1,1,1,1,1,1,2,9,9,9,9,9,9,9,9,9,,1,2,,,,,1,1,1,1,1,1,1,1,1,4,1,4,4,2,2,4,1,1,2,3,37,4,5,1
509,1,1,2,,,1,,,2,3,1,1,1,1,1,1,2,,98,,3,3,2,1,1,1,3,2,5,5,5,4,1,1,4,2,8,1,1,2,,1,12,9,8,9,8,9,8,2,98,8,9,5,9,2,2,2,2,1,3,1,2,1,1,2,1,2,1,2,2,2,2,,2,2,,2,,,,,,1,1,3,2,1,2,1,1,1,3,3,4,3,3,3,3,4,9,2,3,40,3,5,1
509,1,1,1,,,2,,,2,3,3,2,2,2,2,2,3,,4,2,3,2,2,3,3,3,3,5,7,5,2,2,5,5,5,5,3,5,3,2,,1,4,3,7,4,3,4,2,6,5,3,5,5,2,2,1,1,1,1,2,2,2,1,2,2,2,2,2,1,1,2,2,1,2,2,,2,1,4,3,3,3,1,3,2,2,1,1,1,2,1,4,3,4,4,4,4,4,4,3,2,3,27,4,5,1
509,1,1,2,,,2,,,2,3,1,9,2,9,2,4,1,2,2,3,2,2,2,3,1,8,3,10,8,9,5,5,98,9,10,9,98,8,10,8,,1,4,98,8,98,1,1,98,98,98,98,98,98,98,4,4,4,1,1,1,1,3,3,1,2,2,1,1,1,1,1,2,,1,1,,1,,,,,,1,3,3,1,1,1,1,1,1,4,4,4,2,4,4,4,4,3,2,1,61,5,5,1
509,1,1,2,,,1,,,3,3,2,2,4,4,4,2,2,,2,1,3,3,3,3,3,3,2,5,3,3,5,5,4,1,1,7,7,2,5,1,9,2,,4,3,2,4,2,1,2,9,6,5,2,10,3,3,4,1,3,3,1,1,1,3,1,1,2,1,1,1,2,2,,1,1,,1,,,,,,1,3,1,1,1,1,1,1,1,4,4,4,4,4,1,4,4,1,2,3,22,1,1,4
509,1,1,2,,,2,,,2,3,2,2,3,4,4,4,3,,4,2,2,3,2,3,3,3,3,7,8,5,5,97,97,5,5,7,6,7,4,2,,2,,7,8,97,97,97,8,8,6,7,7,97,97,2,2,1,1,1,2,2,2,2,2,2,1,2,1,1,1,2,1,,1,1,,2,,,,,,1,1,2,2,9,9,9,9,9,3,2,3,3,1,4,4,3,1,2,6,29,6,5,1
510,1,2,1,,,2,,,9,3,9,9,9,9,9,9,9,,17,1,8,1,9,9,9,9,9,5,5,5,6,5,97,10,5,6,5,5,7,9,,9,,1,97,5,97,97,3,2,2,5,9,97,3,4,4,4,1,1,2,1,3,2,3,2,9,2,1,1,1,1,2,1,1,1,,1,9,,,,,1,9,3,9,9,9,2,9,9,4,4,1,1,3,4,4,4,9,2,5,25,9,5,2
510,1,1,2,,,3,3,2,,,,,,,,,,,,,,,,,,,,,,,,,,,,,,,,,,,,,,,,,,,,,,,,,,,,,,,,,,,,9,9,9,9,9,9,,9,9,9,,,,,,,,,,,,,,,,,,,,,,,,,,3,40,,5,3
510,1,2,1,,,1,,,2,1,1,1,3,3,3,3,1,2,17,1,1,1,1,3,1,1,3,7,10,4,4,97,97,97,4,7,9,5,5,1,12,2,,2,10,2,2,4,1,3,4,5,7,4,4,4,4,2,1,2,1,3,3,1,1,1,1,1,1,1,1,2,2,1,1,1,,1,1,12,1,3,1,1,1,2,1,1,1,1,1,1,4,4,3,4,1,3,4,4,2,1,5,31,5,5,1
510,1,2,2,,,2,,,1,3,1,3,3,4,4,3,1,1,13,2,3,3,3,3,1,3,1,7,7,5,5,5,98,7,8,5,7,7,5,2,,2,,98,98,4,4,4,4,97,6,5,5,4,3,3,3,4,1,1,1,2,2,1,1,2,1,2,2,1,1,1,1,,1,1,,1,,,,,,3,,2,1,1,1,1,1,1,4,4,4,3,2,4,3,4,2,2,5,70,3,5,1
510,3,1,1,,4,2,,,3,1,3,3,2,2,2,2,1,1,4,9,2,8,3,2,1,2,3,4,97,1,2,2,97,97,2,2,2,2,2,2,,2,,5,97,2,2,3,1,3,97,1,9,1,3,1,1,4,1,1,1,1,1,1,1,2,2,1,2,2,1,2,2,2,1,1,,2,2,,,,,2,4,3,1,1,1,1,1,1,4,1,1,1,2,2,3,1,1,2,3,21,3,4,2
510,3,1,2,,1,1,,,9,3,1,1,9,9,4,9,9,,98,,1,8,2,8,1,8,8,98,98,98,98,98,98,98,98,98,98,98,98,8,,2,,5,7,3,1,1,1,3,2,3,6,98,2,4,4,4,3,3,3,3,3,3,3,1,9,9,1,1,9,2,2,,1,1,,1,,,,,,1,4,3,1,1,1,1,1,1,4,4,4,4,4,4,4,4,3,1,3,25,1,1,1
510,1,2,2,,,2,,,3,3,1,1,2,2,4,4,1,3,17,3,3,3,3,2,3,2,3,8,5,5,3,3,4,8,5,3,3,3,3,2,,1,12,7,7,6,3,4,4,7,4,3,3,3,3,2,2,4,3,1,1,1,1,3,1,1,9,9,1,1,1,2,1,,1,1,,1,,,,,,2,1,3,1,1,1,1,1,1,3,3,3,2,1,3,3,4,2,2,5,37,4,5,2
510,1,2,2,,,2,,,2,3,1,2,2,2,2,4,1,1,4,2,3,2,2,3,3,3,3,8,5,5,4,4,97,97,4,5,5,5,4,2,,1,4,97,97,1,1,97,97,97,3,5,5,6,4,4,4,4,1,1,3,1,3,1,1,2,2,2,1,1,1,1,2,,1,1,,2,,,,,,3,,4,1,1,1,1,1,1,4,4,4,4,1,4,4,4,2,2,3,53,1,5,1
510,1,1,2,,,3,1,,9,3,1,3,2,1,3,4,3,,98,,1,8,2,3,1,3,3,97,97,97,7,7,8,6,8,8,8,7,7,8,,8,,97,97,97,6,5,8,6,97,7,97,97,97,3,3,8,3,2,3,1,2,1,2,1,2,1,1,1,2,2,1,,1,1,,1,,,,,,1,1,2,1,1,1,1,1,1,3,3,2,3,2,3,4,4,2,,6,35,5,1,4
510,1,2,2,,,1,,,3,3,1,1,1,1,1,1,1,2,4,3,1,1,3,3,1,3,3,1,2,7,9,8,8,6,3,3,3,5,5,2,,2,,10,1,2,3,5,1,1,1,1,1,1,1,4,4,4,3,3,2,3,2,1,2,2,1,1,2,1,1,1,2,,1,1,,2,,,,,,2,1,2,1,1,1,1,1,1,3,4,3,4,1,4,4,4,3,1,3,18,8,1,4
510,1,2,1,,,1,,,1,3,2,1,1,1,1,4,1,1,17,3,2,2,3,2,1,1,3,5,97,6,6,4,97,97,5,5,5,6,4,2,,1,1,3,5,5,3,3,5,97,97,5,5,5,5,2,3,1,1,1,1,3,2,2,1,1,1,2,1,1,1,1,1,1,1,1,,1,2,,,,,1,1,1,1,1,1,1,1,1,4,4,4,3,3,3,4,4,1,1,3,32,7,5,1
510,1,2,2,,,2,,,1,2,1,2,3,1,1,2,1,1,11,9,1,3,2,3,2,3,2,5,3,6,3,5,5,6,4,6,5,5,5,2,,2,,1,6,5,2,5,6,5,2,6,3,5,5,4,4,4,2,1,3,3,3,3,3,1,2,1,2,2,1,1,2,,1,1,,2,,,,,,3,,3,1,1,1,1,1,1,4,4,8,4,4,4,4,4,3,1,5,84,1,5,1
510,1,2,2,,,1,,,2,1,2,2,2,2,4,4,1,3,17,9,3,3,2,2,3,8,3,97,97,97,97,97,97,97,97,97,97,97,97,2,,1,4,97,5,97,5,97,3,97,97,97,97,97,97,2,2,2,1,1,2,1,3,2,1,2,2,1,1,1,2,2,2,,1,1,,1,,,,,,3,,1,2,2,2,2,2,2,4,4,1,4,1,4,4,4,2,2,3,56,7,5,1
510,2,2,2,2,,2,,,2,3,1,1,4,3,4,4,1,1,11,1,3,3,3,3,1,3,3,10,1,5,5,5,7,8,1,1,1,1,1,1,96,2,,1,97,1,1,97,97,97,97,7,7,7,5,3,3,3,3,2,1,1,3,2,3,2,1,2,2,1,1,1,2,,1,1,,1,,,,,,2,4,3,2,2,1,1,1,2,4,4,4,3,4,4,4,4,3,2,3,18,1,5,2
510,1,2,2,,,2,,,1,3,1,1,1,1,4,4,1,2,4,2,3,3,2,3,1,3,3,6,8,4,6,5,4,4,4,4,5,5,4,2,,1,4,5,7,4,5,4,4,4,97,4,6,5,4,4,4,3,2,3,3,3,3,3,2,2,2,2,1,1,1,1,1,,1,1,,1,,,,,,3,,2,9,9,9,9,9,9,4,4,4,4,2,4,4,4,2,2,7,75,4,5,1
512,1,1,1,,,1,,,1,1,1,1,4,4,4,4,1,3,4,2,3,3,3,3,3,3,3,9,9,5,9,6,1,5,7,9,9,7,8,2,,1,6,4,8,6,5,5,1,8,2,7,7,7,2,4,4,4,3,1,1,3,1,3,1,1,1,2,2,2,2,2,2,2,2,1,,1,9,,,,,1,4,1,1,1,1,1,1,1,4,4,4,4,1,4,4,4,2,2,7,43,7,5,1
512,1,2,2,,,2,,,2,1,2,2,2,2,2,5,9,,4,2,2,2,2,2,3,3,3,5,4,2,1,2,1,1,8,1,8,10,1,1,8,1,4,10,10,10,10,9,8,97,98,5,5,10,9,2,1,3,1,1,1,3,2,1,1,2,2,2,2,2,1,1,2,,9,9,,2,,,,,,3,,2,9,9,9,9,9,9,4,4,4,3,4,4,4,8,3,2,3,74,9,5,1
512,1,1,2,,,3,3,2,,,,,,,,,,,,,,,,,,,,,,,,,,,,,,,,,,,,,,,,,,,,,,,,,,,,,,,,,,,,9,9,9,9,9,9,,9,9,9,,,,,,,,,,,,,,,,,,,,,,,,,,2,28,,1,4
512,3,2,2,,2,3,1,,2,3,1,2,2,2,2,2,1,1,4,2,2,2,2,2,2,3,2,6,9,6,1,4,5,5,6,7,7,7,6,1,9,1,4,5,9,4,3,5,6,5,6,7,7,7,5,2,1,1,1,1,1,1,2,1,2,2,2,2,1,1,1,2,2,,1,2,,1,,,,,,2,3,3,9,9,1,9,9,9,2,4,2,4,1,4,4,4,1,,5,37,4,2,1
512,1,1,1,,,1,,,1,3,1,1,4,4,4,4,1,2,4,2,3,1,3,3,3,3,2,6,6,7,10,8,4,5,5,6,5,4,6,1,3,1,4,4,97,2,3,3,1,2,4,3,2,97,4,3,3,3,1,1,2,2,1,1,1,1,1,1,2,1,1,2,2,1,1,1,,1,1,4,3,1,3,1,1,3,1,1,1,1,1,1,4,3,3,3,1,2,4,4,1,1,6,32,6,5,1
512,3,1,2,,2,8,3,3,,,,,,,,,,,,,,,,,,,,,,,,,,,,,,,,,,,,,,,,,,,,,,,,,,,,,,,,,,,,9,9,9,9,9,9,,9,9,9,,,,,,,,,,,,,,,,,,,,,,,,,,3,26,,2,4
512,1,2,2,,,1,,,1,3,1,1,4,4,4,4,1,1,4,1,3,3,3,1,1,1,3,10,10,10,10,10,10,10,10,10,10,10,10,2,,2,,5,1,1,1,1,1,2,1,5,5,5,5,4,4,4,1,1,1,1,1,1,1,1,2,1,1,1,1,1,2,,1,1,,2,,,,,,6,,3,1,1,1,1,1,1,4,4,4,4,2,4,4,4,3,2,5,21,2,1,4
512,1,1,2,,,2,,,3,3,1,1,4,4,4,4,1,2,5,2,3,2,3,3,1,1,3,10,10,10,10,10,10,10,10,10,10,10,10,2,,2,,5,10,3,5,5,3,5,3,10,10,5,5,3,3,3,2,1,1,2,2,2,2,2,2,2,2,2,1,2,2,,1,1,,1,,,,,,1,4,3,1,1,1,1,1,1,4,4,4,3,4,3,3,4,2,2,7,45,9,5,1
512,1,1,2,,,2,,,1,3,1,1,4,1,4,4,1,1,9,2,3,3,2,3,3,8,3,5,5,3,5,4,4,4,4,4,4,5,4,2,,2,,4,5,4,4,4,4,4,4,5,5,4,4,1,3,3,1,1,1,3,3,1,2,1,2,2,2,1,1,1,1,,1,1,,2,,,,,,1,4,2,2,2,2,2,2,2,4,4,4,4,3,4,4,4,3,2,3,27,3,1,4
512,1,1,1,,,1,,,2,1,2,2,2,3,2,3,2,,99,1,2,1,2,1,1,1,2,2,6,7,2,4,2,4,4,2,6,2,2,1,1,2,,1,1,2,1,1,2,1,1,1,1,1,4,1,2,1,2,1,1,1,1,1,1,2,2,2,1,1,1,1,1,1,2,1,,1,1,1,1,2,3,2,1,2,1,1,1,1,1,1,1,2,3,2,3,2,1,1,2,1,5,25,3,5,2
512,3,1,2,,1,1,,,3,1,1,1,1,1,1,1,3,,17,3,1,1,3,2,1,1,1,3,3,3,3,2,1,3,3,2,2,3,3,1,5,2,,1,8,2,2,2,2,2,3,5,5,2,2,4,4,4,1,1,1,1,1,1,1,1,2,1,1,1,1,1,1,,1,1,,1,,,,,,1,1,3,1,1,1,1,1,1,4,4,4,4,3,4,4,4,2,2,5,20,5,1,4
512,1,1,2,,,2,,,9,3,2,9,9,9,9,9,1,2,9,2,3,8,8,3,1,8,3,6,7,6,6,6,5,7,7,6,6,7,6,2,,2,,4,7,3,3,4,3,3,3,4,4,3,5,4,3,4,3,1,2,3,2,1,2,9,9,9,2,9,1,9,2,,9,9,,2,,,,,,2,4,3,1,1,1,1,1,1,4,4,4,4,3,4,4,4,3,2,6,25,2,5,1
512,1,2,1,,,1,,,2,3,9,2,2,4,3,2,1,1,17,2,3,2,3,3,3,3,3,7,5,6,4,4,6,6,5,5,6,6,6,2,,8,,1,6,7,3,5,3,6,5,4,1,1,1,3,3,1,1,1,3,3,1,1,3,2,2,2,1,1,2,2,2,1,2,1,,1,2,,,,,2,4,2,1,1,1,1,1,1,4,4,4,2,1,2,2,1,2,2,6,36,6,5,1
513,1,1,2,,,1,,,9,3,3,3,9,1,9,9,3,,14,1,1,3,3,2,1,3,3,98,98,98,98,98,98,98,98,98,9,98,8,8,,2,,9,9,3,5,5,5,7,6,5,8,6,5,4,4,4,2,1,2,2,3,2,1,2,2,2,1,2,1,1,2,,1,2,,1,,,,,,1,2,3,1,1,1,1,1,1,4,4,4,4,2,4,4,4,2,2,3,30,4,4,1
513,1,2,2,,,2,,,2,3,1,1,2,4,4,4,3,,4,3,3,3,2,3,3,3,3,1,6,7,3,6,7,7,7,7,7,7,97,1,10,1,4,1,1,1,1,1,1,1,3,6,6,3,1,4,4,4,2,1,2,2,2,1,2,2,2,2,2,2,2,1,2,,2,2,,2,,,,,,3,,2,2,2,2,2,2,2,4,2,4,1,1,2,2,4,3,2,3,57,2,5,1
513,1,1,1,,,2,,,9,2,3,1,4,2,4,5,1,2,7,2,3,3,3,3,3,3,3,5,5,5,5,5,5,5,5,5,5,5,5,2,,2,,5,5,5,5,5,1,5,5,5,5,5,5,2,2,2,2,2,2,2,2,2,2,2,2,1,1,1,1,1,1,1,1,1,,1,1,9,3,3,3,1,4,2,2,2,1,1,1,1,1,1,1,1,1,1,1,1,1,1,6,36,9,5,1
513,1,2,1,,,2,,,2,2,1,2,2,4,4,4,2,,13,3,3,3,3,3,3,3,3,97,4,97,1,97,3,97,9,3,2,3,1,2,,1,12,5,1,5,3,97,5,4,5,5,5,3,5,4,3,2,3,1,1,1,3,1,2,2,2,2,2,2,2,1,1,2,1,1,,2,2,,,,,2,4,2,2,1,2,1,9,2,4,4,3,4,2,1,2,3,3,2,2,37,1,5,1
513,1,1,2,,,1,,,2,1,1,2,2,2,2,3,3,,99,,8,8,8,8,8,8,8,1,6,1,3,3,5,1,98,5,9,98,98,1,2,1,1,10,5,1,1,1,1,1,1,1,10,10,10,1,1,1,1,1,1,1,1,1,1,2,2,2,1,1,1,1,2,,2,2,,2,,,,,,3,,3,2,2,2,2,2,2,4,4,4,4,4,4,4,4,1,1,3,61,9,5,1
513,1,1,2,,,1,,,9,1,1,1,4,4,4,4,1,3,4,2,3,3,3,3,3,3,3,5,5,5,5,5,5,5,5,5,4,5,5,2,,2,,6,5,3,3,4,3,4,7,8,5,5,7,4,4,4,1,1,1,2,2,1,1,2,9,1,2,1,1,9,2,,9,1,,2,,,,,,6,,2,1,1,1,1,1,1,4,3,3,3,2,4,4,4,3,2,3,19,5,5,1
513,1,2,1,,,2,,,2,2,2,2,2,4,4,4,3,,7,2,3,3,3,3,3,3,3,5,5,1,1,1,1,8,5,5,5,5,1,2,,1,6,3,8,1,1,2,1,4,5,5,5,3,1,2,1,2,1,1,2,1,3,1,1,2,2,2,1,1,2,1,2,2,1,1,,2,2,,,,,4,,2,1,1,1,1,1,1,4,4,2,1,2,4,4,4,1,2,2,31,5,5,1
515,1,2,2,,,1,,,1,3,2,1,4,4,4,4,3,,4,2,1,3,3,3,3,1,3,5,1,3,6,5,6,3,5,7,8,5,5,8,,8,,5,1,1,1,1,1,1,3,4,5,4,3,4,3,4,1,1,1,1,2,2,2,2,1,2,2,9,9,1,2,,1,1,,1,,,,,,2,4,3,1,1,1,1,1,1,4,4,4,4,3,3,2,4,3,2,3,18,8,5,1
515,1,1,2,,,1,,,1,3,1,3,4,2,2,4,1,3,4,2,2,1,2,2,3,3,2,7,8,97,1,3,97,97,5,8,9,4,8,1,1,1,1,4,5,5,5,97,97,4,5,4,7,97,4,3,4,1,3,2,1,3,1,1,1,2,2,2,1,2,2,2,2,,2,1,,2,,,,,,1,3,3,1,1,1,1,1,1,4,2,2,1,1,2,4,4,3,2,3,48,3,5,1
515,1,2,1,,,2,,,3,3,1,2,4,4,4,4,1,1,1,1,3,3,3,3,3,3,3,10,10,9,8,10,8,10,8,10,8,10,10,1,1,2,,9,8,8,7,10,8,10,8,8,8,7,8,4,4,4,3,1,3,3,3,3,3,1,1,9,9,9,9,9,9,9,9,9,,1,2,,,,,1,4,2,1,1,1,1,1,1,4,4,4,4,4,4,4,4,3,2,3,21,2,5,1
515,1,1,2,,,1,,,2,3,2,2,4,3,2,4,1,2,4,2,2,3,2,2,3,2,3,6,9,6,3,6,3,5,5,97,6,97,4,1,10,1,4,3,8,4,3,4,3,5,7,5,6,97,5,1,1,1,2,1,1,1,1,2,2,2,2,2,2,1,1,1,2,,1,1,,1,,,,,,1,3,3,2,9,1,1,1,9,4,4,4,2,2,4,4,4,3,2,5,49,5,5,1
515,1,1,2,,,1,,,2,3,1,1,4,5,4,5,1,2,17,1,3,3,3,3,3,3,3,8,8,1,1,8,8,8,4,2,2,6,2,1,4,1,9,1,10,3,3,3,5,2,4,3,3,4,2,4,4,4,2,2,1,1,3,3,1,2,2,2,1,1,1,2,2,,1,1,,1,,,,,,1,4,3,1,1,1,1,1,1,3,3,4,4,4,4,4,4,3,2,3,20,8,5,1
515,1,2,1,,,1,,,2,3,2,2,3,4,4,4,3,,7,2,3,3,3,3,3,3,3,5,5,5,5,5,5,5,5,5,5,5,5,1,9,1,4,5,5,5,8,7,8,98,6,6,6,6,5,3,3,3,2,1,1,1,3,1,3,2,2,2,2,2,1,2,2,1,2,1,,2,2,,,,,2,9,3,1,1,1,1,1,1,4,4,4,1,1,4,4,4,2,2,3,39,3,5,1
516,2,1,2,2,,1,,,3,3,1,1,4,4,1,4,2,,9,2,3,3,3,3,1,3,1,8,5,9,7,6,8,9,5,7,8,4,7,2,,2,,5,8,3,4,4,4,5,3,2,2,2,2,4,4,4,3,2,3,3,3,2,3,2,9,2,2,1,2,2,2,,1,1,,2,,,,,,2,4,3,1,1,1,1,1,1,2,4,4,3,4,4,4,4,3,1,5,21,3,5,2
516,2,2,2,2,,3,1,,2,3,1,1,3,1,1,1,1,1,9,2,2,2,2,3,1,2,3,4,8,4,8,5,2,7,10,10,10,10,6,1,12,1,96,3,7,4,1,5,2,4,1,9,9,1,4,4,1,3,1,1,1,1,3,2,1,2,2,1,1,1,1,1,1,,2,2,,1,,,,,,3,,3,2,2,1,1,1,1,3,4,4,3,1,4,4,4,2,,4,70,8,5,2
516,1,2,2,,,1,,,9,9,2,2,4,4,4,4,3,,6,2,2,2,2,2,8,2,8,1,1,1,5,1,1,1,1,1,1,1,1,2,,1,1,98,98,98,98,10,98,98,98,98,98,98,98,3,1,1,1,1,1,9,1,1,1,2,2,2,9,2,2,2,2,,2,1,,2,,,,,,4,,2,9,9,9,9,9,9,3,3,3,3,3,3,3,3,2,1,2,67,8,5,1
516,1,2,2,,,2,,,1,1,1,1,1,4,4,4,1,1,10,2,3,3,2,2,1,1,3,6,8,6,6,7,6,6,7,4,9,7,4,1,10,1,7,7,7,4,3,3,4,4,5,5,7,5,5,4,4,4,2,1,1,2,1,1,2,1,1,1,2,1,1,1,1,,1,2,,1,,,,,,1,3,2,1,1,1,1,2,1,4,4,4,4,2,4,4,4,2,2,7,24,5,2,4
516,1,1,2,,,1,,,1,1,2,2,3,3,4,4,3,,98,1,2,2,3,3,2,2,2,7,7,4,3,98,1,5,5,5,97,5,5,2,,8,,5,5,5,5,8,5,5,7,7,97,97,5,4,4,4,1,1,1,3,3,1,1,2,2,1,2,1,1,1,9,,1,2,,2,,,,,,4,,3,1,1,1,2,2,2,3,4,4,4,1,4,4,4,2,1,3,70,2,5,1
516,1,2,1,,,2,,,2,1,3,2,2,2,2,2,1,1,8,3,2,3,2,3,1,2,2,97,97,2,97,10,7,8,1,97,97,97,97,2,,1,7,2,6,97,2,97,2,4,97,2,2,97,97,4,2,4,1,1,1,1,1,2,2,2,1,9,9,9,9,9,9,9,9,9,,1,1,5,2,3,3,1,4,3,1,1,1,1,1,1,4,4,4,1,1,4,4,4,1,2,5,25,4,1,4
516,1,1,1,,,1,,,2,1,1,1,1,1,1,1,1,2,17,3,3,1,3,3,1,3,3,8,8,7,8,5,7,7,8,8,8,7,7,2,,2,,6,7,7,5,6,5,5,7,7,7,6,5,3,3,3,2,3,1,2,2,1,1,2,1,1,1,1,1,2,2,1,1,1,,1,1,16,1,3,1,1,3,2,1,2,1,1,1,1,3,4,3,3,3,4,4,4,1,2,5,59,5,5,1
516,1,1,2,,,1,,,2,2,2,2,2,2,2,2,3,,9,2,2,2,2,3,2,2,3,4,9,3,1,1,1,2,3,9,9,97,7,1,10,1,4,1,10,8,1,1,7,3,5,5,10,97,7,2,1,1,1,1,1,1,1,1,3,1,1,2,1,1,1,1,2,,1,1,,2,,,,,,2,1,2,2,2,1,2,2,2,4,1,1,1,1,4,1,4,2,2,3,18,8,5,1
516,1,1,2,,,1,,,2,2,2,3,1,1,1,1,3,,5,2,3,3,3,3,3,3,3,8,5,5,5,5,5,5,5,8,8,8,8,2,,2,,5,5,5,5,5,5,5,5,5,5,5,5,3,3,3,2,2,2,3,2,2,2,2,2,2,1,1,1,2,1,,2,1,,2,,,,,,1,4,2,1,1,1,1,1,1,3,3,4,4,3,3,4,4,3,2,3,35,4,5,1
516,1,1,2,,,2,,,1,3,1,9,9,4,5,5,3,,96,,,,,,,,,97,7,98,5,6,97,5,7,6,97,6,6,1,9,8,,97,97,97,97,97,97,97,97,97,97,97,97,4,4,3,3,2,3,3,1,9,3,2,9,2,1,1,1,1,1,,1,9,,9,,,,,,1,4,2,1,1,1,1,1,1,4,4,4,4,8,4,4,4,3,1,7,70,6,5,1
516,1,2,1,,,1,,,2,3,2,9,2,2,2,4,1,9,97,,2,3,3,2,3,2,3,5,5,5,5,5,5,5,5,5,5,5,5,2,,2,,1,8,2,1,7,1,4,8,5,5,5,8,4,4,4,3,1,1,3,3,3,1,2,2,1,2,2,1,1,2,1,2,1,,2,9,,,,,4,,2,1,1,1,1,1,1,4,4,4,4,4,4,4,4,9,2,3,35,8,5,1
517,1,1,2,,,2,,,3,2,1,1,4,4,4,4,1,3,9,2,3,2,3,2,1,3,3,8,9,7,7,7,6,7,7,8,9,9,8,2,,1,5,7,8,6,5,6,6,6,7,8,9,9,7,4,4,4,1,1,1,2,2,1,2,2,2,2,2,2,2,2,2,,2,1,,1,,,,,,1,1,3,1,1,1,1,1,1,2,2,1,2,2,2,2,2,1,2,5,19,3,5,1
517,1,1,2,,,1,,,2,2,1,2,2,3,4,4,3,,9,2,3,2,3,3,2,3,2,8,8,8,8,8,8,8,8,8,8,8,8,2,,2,,8,8,8,8,8,8,8,8,8,8,8,8,4,4,4,1,1,1,2,1,1,1,2,1,2,1,1,1,2,2,,2,1,,2,,,,,,1,1,2,1,1,1,1,1,1,4,4,3,4,1,3,3,4,1,2,5,28,4,5,1
517,1,1,2,,,1,,,3,2,1,1,1,4,4,4,2,,4,2,3,9,2,3,3,1,3,8,8,8,4,10,4,4,8,8,9,98,8,1,10,1,4,8,8,8,8,8,8,8,8,8,8,8,8,2,2,1,1,3,3,3,3,3,1,2,2,2,2,2,2,2,2,,2,2,2,2,,,,,,1,1,2,1,1,1,1,1,1,1,1,1,1,1,1,1,1,1,2,6,31,9,5,1
517,1,2,1,,,1,,,2,3,1,1,9,1,4,4,1,3,2,3,3,3,3,3,1,3,8,97,10,97,97,97,97,97,97,97,97,97,97,2,,8,,1,5,1,1,1,1,1,1,1,1,1,1,4,4,4,1,9,1,3,3,3,1,1,1,2,2,1,1,1,2,2,2,2,,1,2,,,,,2,4,3,1,1,1,1,1,1,4,4,4,4,4,4,4,4,3,1,5,31,3,5,1
517,1,1,2,,,2,,,2,1,2,2,3,3,3,3,9,,4,2,3,2,2,2,3,2,2,1,10,5,6,5,4,5,5,5,8,8,6,1,10,2,,1,8,1,5,5,1,5,5,97,1,5,1,2,2,2,1,1,1,2,1,1,1,2,2,2,2,2,1,1,2,,2,1,,1,,,,,,3,,3,2,2,2,2,2,2,2,4,4,3,1,4,3,4,2,2,1,63,4,5,1
517,1,2,2,,,2,,,2,1,2,2,2,2,3,3,1,9,7,1,3,8,3,2,3,3,3,10,5,1,8,5,1,97,97,5,5,5,5,2,,2,,97,97,97,2,97,97,2,97,97,97,97,97,1,1,1,1,1,1,2,3,1,1,2,2,2,1,1,1,1,2,,1,1,,2,,,,,,1,3,2,1,9,2,1,1,1,4,4,4,1,1,1,1,4,2,2,6,45,9,5,1
518,1,1,2,,,1,,,1,2,1,1,4,5,5,5,3,,97,,3,3,8,3,3,8,1,97,97,97,97,97,97,97,97,97,97,97,97,1,1,2,,8,9,2,2,2,6,5,6,7,6,97,4,4,4,4,1,1,1,3,2,1,1,1,2,1,2,1,1,1,2,,1,1,,1,,,,,,1,4,3,1,1,1,1,1,1,4,4,4,4,2,4,4,4,3,1,6,29,3,5,1
518,1,2,2,,,1,,,2,3,1,2,4,4,5,5,2,,96,,,,,,,,,5,7,97,4,5,4,7,5,8,8,7,6,1,9,9,,5,5,5,5,5,5,5,5,5,5,5,5,4,2,2,3,3,2,1,3,3,3,2,2,2,1,1,1,1,2,,1,1,,2,,,,,,1,4,2,9,9,9,9,9,9,4,4,4,4,1,4,4,4,1,2,7,39,9,5,1
518,1,1,1,,,1,,,2,3,1,1,4,4,5,5,3,,96,,,,,,,,,10,10,10,10,10,10,10,10,10,10,10,10,1,1,2,,1,1,1,1,1,1,1,1,1,1,1,1,4,4,4,3,1,2,3,1,2,2,2,9,1,1,1,2,1,2,1,1,1,,1,1,4,3,9,1,1,3,2,1,1,1,1,1,1,3,3,4,2,2,4,3,4,1,2,5,33,3,5,1
518,1,2,1,,,2,,,1,2,1,2,9,4,4,4,3,,97,,3,3,3,3,3,3,3,98,98,98,98,98,98,98,98,98,98,98,98,2,,2,,97,9,7,3,97,4,97,5,7,7,4,4,2,3,4,3,1,1,2,9,1,1,2,9,1,2,2,1,1,2,9,2,1,,2,9,,,,,2,4,3,1,1,1,1,1,1,4,4,4,4,2,4,4,4,1,2,5,40,5,5,1
518,1,2,1,,,2,,,2,3,3,1,3,4,1,1,3,,9,2,2,8,3,2,1,2,8,10,10,7,10,8,10,98,10,10,10,98,8,8,,1,7,10,8,5,5,5,10,5,5,10,10,8,5,3,4,3,3,2,1,3,3,2,2,2,2,1,2,1,1,1,1,2,1,1,,1,1,9,1,3,1,1,4,2,1,1,1,1,1,1,4,4,4,4,3,3,4,4,1,2,3,37,4,5,1
518,1,2,1,,,1,,,2,3,1,1,4,4,4,4,3,,10,3,3,3,3,3,3,3,3,5,5,5,5,5,5,5,5,5,5,5,5,2,,2,,97,97,97,97,97,97,97,97,97,97,97,97,4,4,4,2,1,3,3,1,3,1,2,2,2,1,1,1,2,2,2,2,1,,2,2,,,,,2,4,3,2,1,1,1,1,1,4,4,4,4,4,4,4,4,1,2,6,36,3,2,1
518,1,2,2,,,1,,,2,3,1,1,4,4,4,4,1,2,9,2,3,2,3,2,3,3,3,9,9,7,8,8,97,97,97,8,8,7,97,2,,2,,5,8,5,2,4,5,3,3,1,8,5,2,4,3,4,1,1,1,2,3,1,2,2,2,2,2,1,1,1,2,,1,1,,2,,,,,,1,1,2,1,1,1,1,1,1,3,2,2,1,2,2,3,3,2,2,6,22,4,5,1
520,1,2,2,,,1,,,9,3,2,3,4,3,3,4,1,1,4,2,3,8,8,8,1,3,8,4,4,7,9,4,7,2,2,6,5,2,9,8,,2,,98,5,7,7,4,6,4,2,2,3,2,7,4,4,4,1,1,1,1,9,1,2,2,2,1,1,1,1,2,1,,1,1,,1,,,,,,1,1,3,1,1,1,1,1,1,4,4,4,4,4,4,4,4,2,1,6,33,2,5,4
520,3,1,1,,4,1,,,2,3,2,2,4,4,4,4,1,1,9,2,1,1,1,1,1,1,1,1,98,97,2,9,8,5,97,2,97,97,1,2,,1,4,5,9,5,5,5,6,5,5,6,6,6,6,4,1,1,3,2,1,1,2,2,2,1,2,1,1,1,1,2,1,1,1,1,,2,1,16,3,2,3,1,3,2,1,1,1,1,1,1,4,4,4,2,1,3,3,4,3,2,3,34,4,4,4
520,1,2,2,,,2,,,2,1,1,2,2,3,4,4,1,1,4,2,3,8,2,2,1,3,8,9,5,1,9,5,5,5,5,9,9,9,9,2,,2,,1,8,1,4,97,1,5,97,5,5,7,1,2,2,4,1,1,1,3,3,3,1,1,2,2,1,1,1,1,1,,1,1,,1,,,,,,1,1,3,1,1,1,1,1,1,4,4,4,4,1,4,4,4,2,2,5,49,2,5,1
520,3,1,2,,1,1,,,2,2,2,2,2,4,4,4,3,,4,2,3,3,3,3,3,3,3,10,10,10,10,10,10,10,10,10,10,10,10,1,8,1,6,10,10,10,10,10,1,10,10,10,10,10,10,3,3,1,3,1,3,1,2,1,2,2,2,2,2,1,2,2,2,,1,2,,2,,,,,,1,3,3,1,1,1,1,1,1,3,3,3,3,3,3,4,4,3,2,3,56,9,1,4
520,1,2,1,,,1,,,1,1,1,2,2,2,4,4,1,3,4,2,3,2,3,3,1,3,3,8,8,97,6,7,6,7,7,7,8,97,7,1,2,1,4,8,8,5,5,5,6,5,6,6,7,97,6,4,4,4,2,3,1,2,2,2,1,2,2,2,2,1,2,1,2,1,2,1,,1,1,16,1,2,1,1,4,2,1,1,1,1,1,1,4,4,4,4,3,3,4,4,1,1,3,26,5,4,1
520,1,2,1,,,2,,,2,1,1,1,2,3,2,4,3,,9,2,2,3,2,3,3,3,1,10,8,6,2,10,2,4,10,10,10,4,2,1,8,1,6,7,7,2,3,7,1,3,7,8,9,2,2,1,1,3,1,1,3,3,3,1,1,1,1,2,2,1,2,1,2,1,1,1,,1,1,8,1,3,1,1,1,2,1,1,1,1,1,1,4,4,1,1,1,2,4,4,2,1,5,39,4,5,1
520,1,1,2,,,2,,,2,3,1,1,1,1,1,1,3,,4,9,3,2,3,3,3,3,3,8,8,8,8,8,8,8,8,8,8,8,8,8,,8,,5,7,5,3,3,1,97,8,4,8,97,6,4,4,4,1,3,3,3,3,3,3,2,2,2,1,2,1,1,2,,1,1,,1,,,,,,1,3,1,1,1,1,1,1,1,4,4,4,3,1,4,4,4,1,2,6,49,6,5,1
540,1,1,1,,,1,,,1,1,1,1,1,1,1,1,1,1,99,1,1,1,1,1,1,1,1,1,1,1,1,1,1,1,1,1,1,1,1,1,1,1,1,1,1,1,1,1,1,1,1,1,1,1,1,1,1,1,1,1,1,1,1,1,1,1,1,1,1,1,1,1,1,1,1,1,,1,1,1,1,1,1,1,1,1,1,1,1,1,1,1,1,1,1,1,1,1,1,1,1,1,1,67,1,1,1
540,1,1,2,,,2,,,1,3,1,1,1,4,5,5,3,,96,,,,,,,,,5,10,5,5,5,5,5,5,5,7,5,5,2,,2,,97,5,2,3,3,97,5,5,3,5,97,2,4,4,2,1,1,1,2,3,3,1,2,2,2,2,2,2,2,2,,1,1,,1,,,,,,1,1,3,1,1,1,1,1,1,2,4,4,4,2,4,2,4,2,2,6,38,5,5,1
540,1,1,1,,,1,,,2,3,1,2,2,4,4,4,1,2,9,2,3,3,3,2,3,3,3,7,7,7,10,7,7,7,7,7,7,7,7,2,,2,,3,7,4,5,4,6,4,5,5,7,5,6,1,4,1,1,2,1,1,3,2,3,2,2,2,2,1,1,2,2,2,1,1,,1,2,,,,,1,3,3,2,2,2,2,2,2,4,2,4,1,2,4,4,4,2,2,3,46,4,5,1
540,1,1,2,,,1,,,2,3,1,1,3,4,4,4,3,,4,2,3,3,3,3,3,3,3,5,5,5,5,5,5,5,5,5,5,5,5,1,98,8,,5,6,5,5,5,2,5,5,5,5,5,5,2,2,4,2,2,3,3,3,3,3,2,2,1,2,1,1,1,2,,1,1,,2,,,,,,3,,2,2,2,2,2,2,2,4,4,4,4,4,4,4,4,1,2,6,61,4,5,1
540,1,1,2,,,1,,,1,1,1,1,4,5,4,4,2,,14,2,3,2,3,1,3,3,3,5,8,5,8,7,5,5,6,6,8,5,6,1,12,1,4,5,8,7,4,5,7,5,5,5,7,5,5,4,4,4,3,2,3,3,3,3,3,2,1,1,2,2,1,2,2,,1,1,,1,,,,,,3,,2,2,2,2,1,1,1,4,4,4,4,4,4,4,4,2,2,3,85,2,5,1
540,1,2,2,,,2,,,1,3,1,1,1,1,4,1,3,,5,2,1,8,3,3,1,1,1,10,10,10,10,10,97,97,10,10,97,10,10,8,,8,,4,7,5,4,4,4,4,5,5,5,5,4,4,4,4,1,1,1,1,1,1,1,1,1,9,1,9,1,2,2,,2,1,,1,,,,,,1,1,1,1,1,1,1,1,1,3,2,4,3,2,4,4,2,3,2,5,60,4,5,1
541,1,1,2,,,2,,,1,3,1,2,2,4,4,4,2,,4,2,3,2,2,3,3,2,3,7,7,2,2,4,7,4,5,4,4,5,5,1,10,1,4,6,9,1,5,5,4,3,5,4,7,4,4,2,2,2,1,1,1,1,3,1,1,1,2,9,9,9,9,9,9,,9,9,,2,,,,,,1,4,1,1,1,1,1,1,1,2,4,2,2,4,4,4,4,1,2,6,22,4,5,1
541,1,1,2,,,1,,,2,3,2,1,3,4,4,4,3,,4,9,3,3,3,3,3,3,3,10,9,1,98,98,98,98,8,1,1,1,1,2,,2,,10,5,1,1,10,10,97,97,3,3,97,8,1,9,1,1,1,1,1,3,1,1,1,2,2,2,2,2,2,2,,2,1,,2,,,,,,2,3,3,1,1,1,1,1,1,4,4,4,4,4,4,4,4,2,2,3,67,4,5,1
541,3,1,1,,1,1,,,1,1,1,1,1,1,1,1,1,1,99,1,1,1,1,1,1,1,1,1,1,1,1,1,1,1,1,5,1,1,1,1,1,1,1,1,1,1,1,1,1,1,1,1,1,1,1,1,1,1,1,1,1,1,1,1,1,1,1,1,1,1,1,1,1,1,1,1,,1,1,1,1,1,1,1,1,1,1,1,1,1,1,1,1,1,1,1,1,1,1,1,1,1,1,34,1,1,1
541,1,1,2,,,3,1,,3,3,1,1,1,4,3,2,1,1,4,3,1,3,3,3,3,1,3,10,10,10,10,10,10,10,10,10,10,10,10,1,1,8,,4,10,5,2,3,1,7,97,97,97,97,2,4,1,4,3,3,2,3,3,3,1,1,1,1,1,2,1,2,2,,1,1,,1,,,,,,1,1,2,1,1,1,1,1,1,4,4,3,4,1,4,4,4,2,,2,26,9,1,9
541,1,2,1,,,2,,,2,3,3,2,2,2,2,2,1,2,97,,2,3,2,3,3,2,8,5,5,2,1,1,1,3,3,5,5,5,4,1,10,1,4,2,5,5,5,5,3,5,5,3,3,5,2,3,1,3,1,1,1,2,2,1,2,2,1,2,2,2,1,2,2,1,2,1,,1,1,4,3,2,2,1,4,3,9,9,9,9,9,9,4,2,2,1,3,2,2,8,3,2,3,30,3,5,1
541,1,1,2,,,2,,,1,3,1,1,1,1,1,1,1,2,17,2,1,1,3,2,1,1,1,1,10,7,8,7,7,7,5,9,9,9,9,1,9,1,7,7,9,4,7,6,6,7,6,8,7,8,7,3,4,2,1,1,1,3,3,1,2,2,1,2,2,1,1,2,2,,1,1,,1,,,,,,1,1,3,1,1,1,1,1,1,4,4,2,4,2,2,4,2,3,1,6,59,3,5,1
561,1,2,2,,,2,,,2,3,1,3,2,2,2,2,1,1,7,2,2,8,2,3,3,2,3,4,8,8,1,4,1,2,8,5,8,8,7,1,2,1,4,97,97,97,97,97,97,97,97,97,97,97,97,4,1,1,2,1,3,3,3,3,3,2,2,9,2,1,9,9,1,,9,9,,2,,,,,,1,1,2,1,1,1,1,1,1,4,4,2,4,2,4,4,4,9,2,3,65,9,5,1
561,1,1,2,,,2,,,1,3,1,1,9,9,9,9,1,3,9,2,3,8,2,3,1,3,1,5,7,5,5,6,7,5,7,6,7,5,6,1,96,2,,7,9,7,5,6,8,8,6,5,8,6,8,4,3,2,2,1,1,2,1,2,2,2,2,2,1,1,1,1,2,,1,1,,1,,,,,,1,1,1,1,1,1,1,1,1,2,4,4,2,2,2,2,2,3,2,6,45,6,5,1
561,1,2,2,,,2,,,2,1,1,1,3,2,4,4,3,,18,9,3,8,2,3,3,3,2,5,10,98,5,98,98,5,5,98,5,5,5,2,,1,7,10,10,6,8,7,97,99,97,5,8,97,4,4,2,8,1,1,1,9,1,2,2,2,9,2,2,2,1,1,2,,2,1,,9,,,,,,3,,3,2,2,2,9,2,9,8,8,4,2,2,3,4,4,3,2,3,70,9,5,1
561,1,2,2,,,2,,,2,2,1,1,2,2,3,4,1,1,7,3,3,2,3,3,1,3,3,3,5,6,5,6,4,3,6,6,6,6,6,2,,1,6,3,6,3,6,7,2,2,6,3,6,6,6,2,2,1,1,1,1,1,1,1,1,2,1,1,1,1,1,1,1,,1,1,,1,,,,,,1,1,3,1,1,1,1,1,1,4,4,4,2,1,4,4,4,3,2,3,51,4,5,1
561,3,1,2,,4,2,,,3,3,1,1,4,4,4,4,1,1,7,2,3,3,3,3,3,3,3,10,10,5,10,10,5,10,10,10,10,10,10,2,,1,6,10,10,1,10,10,1,10,10,10,10,1,1,4,4,4,3,3,3,2,3,3,3,1,1,1,1,1,1,1,1,,1,1,,2,,,,,,2,1,3,1,1,1,1,1,1,4,4,1,4,4,4,4,4,2,1,3,19,2,4,4
561,1,1,2,,,2,,,2,3,1,2,3,3,3,4,3,,9,2,2,8,2,3,1,1,3,7,8,8,6,6,6,7,7,7,8,8,8,1,12,1,4,5,9,5,5,5,3,6,3,3,6,8,3,4,3,3,3,3,3,2,3,1,3,2,1,9,9,9,9,9,9,,9,9,,1,,,,,,1,3,3,1,1,1,1,1,1,2,2,4,4,1,2,4,2,2,2,5,20,3,5,1
561,1,1,2,,,3,2,2,,,,,,,,,,,,,,,,,,,,,,,,,,,,,,,,,,,,,,,,,,,,,,,,,,,,,,,,,,,,9,9,9,9,9,9,,9,9,9,,,,,,,,,,,,,,,,,,,,,,,,,,4,26,,5,2
561,1,2,2,,,1,,,3,1,1,3,4,1,2,2,1,2,7,2,1,2,2,2,2,2,2,1,99,1,1,1,1,1,1,1,1,1,1,1,5,2,,1,1,1,1,1,1,1,1,1,1,1,1,1,1,1,1,1,1,1,1,1,1,1,2,2,2,1,2,2,1,,1,1,,2,,,,,,3,,1,1,1,1,1,1,1,2,2,2,2,2,2,2,2,3,2,5,73,9,1,1
561,1,1,1,,,1,,,3,3,1,2,1,1,1,1,9,,17,2,1,1,1,1,1,1,1,10,1,1,10,10,10,10,10,1,1,1,1,1,7,1,3,1,1,10,1,10,1,1,10,10,10,1,1,1,4,1,3,3,3,1,3,3,3,1,2,1,1,1,1,1,1,1,1,1,,2,2,,,,,1,3,1,1,1,1,1,1,1,4,4,4,4,4,4,4,4,3,2,5,27,5,2,4
573,1,2,2,,,1,,,1,3,1,3,2,4,5,5,3,,17,3,3,3,3,3,3,3,3,7,7,5,7,7,7,7,5,5,5,5,5,1,10,2,,4,7,4,3,6,6,6,97,5,6,6,6,4,4,4,1,1,2,1,3,1,3,2,2,1,2,1,1,1,2,,1,2,,1,,,,,,3,,3,9,9,9,9,9,9,1,4,4,2,2,4,4,1,1,2,3,65,3,5,1
573,3,2,1,,1,3,2,2,,,,,,,,,,,,,,,,,,,,,,,,,,,,,,,,,,,,,,,,,,,,,,,,,,,,,,,,,,,,9,9,9,9,9,9,9,9,9,9,,,,,,,,,,,,,,,,,,,,,,,,,,2,94,,1,4
573,1,1,1,,,1,,,2,1,1,2,2,2,2,2,1,1,4,2,2,2,3,2,3,2,3,1,10,1,5,5,4,4,2,2,1,7,1,1,1,1,1,3,10,1,1,5,5,2,3,7,6,7,1,1,1,1,1,1,1,2,3,3,1,2,1,2,2,2,1,1,2,1,1,1,,2,2,,,,,1,1,1,2,2,2,2,2,2,3,4,4,4,2,4,4,4,1,2,2,34,5,5,1
573,1,2,2,,,2,,,2,3,1,2,2,4,4,4,3,,3,1,3,3,8,3,3,3,3,97,97,98,97,97,97,97,97,97,97,97,97,8,,8,,97,97,97,97,97,97,97,97,97,97,97,97,8,8,8,1,9,1,3,2,3,2,2,2,2,2,2,2,2,2,,2,2,2,1,,,,,,3,,4,9,9,9,9,9,9,4,4,4,3,4,4,4,4,2,2,3,79,1,5,1
573,1,2,1,,,2,,,1,3,3,3,2,2,2,4,3,,97,,3,3,3,3,3,3,3,98,98,98,98,98,98,98,98,98,98,98,98,1,10,1,3,97,97,97,97,97,97,97,97,97,97,97,97,4,4,4,2,1,1,9,3,3,1,2,2,2,2,2,2,2,2,2,2,2,2,2,2,,,,,4,,3,1,1,1,1,1,1,4,4,4,4,1,4,4,4,2,2,2,36,4,5,1
573,1,2,1,,,2,,,9,3,1,1,3,4,4,4,9,,98,,3,3,3,3,3,1,3,10,7,7,97,7,7,7,7,7,7,7,7,1,1,1,4,9,10,4,2,97,4,97,97,7,8,97,97,3,3,4,1,1,1,2,1,1,3,2,2,2,1,1,1,2,2,9,1,1,,1,2,,,,,1,3,2,1,1,1,1,1,1,4,4,4,2,4,1,4,4,3,8,2,33,4,5,1
573,1,2,2,,,2,,,1,3,1,1,1,1,4,4,1,2,97,,3,3,1,1,1,1,3,6,7,7,7,7,7,7,7,7,7,7,7,2,,2,,1,7,4,4,6,3,3,4,1,1,6,3,4,4,4,1,1,3,3,3,1,3,1,1,2,2,2,2,1,2,,1,1,,1,,,,,,1,1,3,1,1,1,1,1,1,4,4,4,4,4,4,4,4,1,1,7,42,4,5,1
601,1,2,1,,,2,,,2,3,2,1,2,2,3,4,1,1,98,,2,3,2,3,3,2,3,5,6,4,2,97,97,1,1,5,5,4,4,2,,8,,1,10,1,5,3,1,97,1,8,8,4,4,3,2,2,3,1,3,2,2,3,3,2,2,2,2,2,1,1,2,1,1,1,,2,2,,,,,1,4,3,2,9,2,9,9,9,4,4,4,4,1,1,4,4,1,2,3,37,8,5,1
601,2,2,2,2,,1,,,2,3,1,1,2,4,4,4,1,1,16,3,3,1,3,2,1,3,3,6,2,5,6,5,97,5,6,6,7,2,5,2,,1,4,2,6,2,1,1,3,3,97,4,5,5,5,1,2,4,1,1,1,3,2,2,2,1,2,9,9,9,9,9,9,,9,9,,1,,,,,,2,1,3,1,1,1,1,1,1,4,4,4,2,1,2,4,4,2,2,5,20,3,5,2
601,1,2,1,,,1,,,3,3,2,2,4,4,4,4,3,,98,,3,3,3,3,3,3,3,97,97,97,97,97,97,97,97,97,97,97,97,8,,8,,97,97,97,97,97,97,97,97,97,97,97,97,3,3,3,2,2,2,2,2,2,2,2,1,2,2,2,2,2,2,2,1,1,,2,2,,,,,4,,3,1,1,1,1,1,1,4,4,4,4,4,4,4,4,2,2,1,21,8,5,1
601,1,1,2,,,1,,,2,3,1,2,2,3,3,3,1,3,4,9,3,2,2,3,3,3,3,6,8,6,3,3,3,3,3,8,8,6,8,1,12,1,4,5,6,1,1,1,1,1,1,5,5,3,3,4,2,1,2,2,1,3,2,2,2,2,2,2,2,2,1,1,2,,1,1,,2,,,,,,1,4,2,2,2,2,2,2,2,3,1,3,3,1,1,3,3,3,2,3,48,3,5,1
601,1,2,1,,,2,,,3,3,3,3,4,4,4,4,3,,1,2,3,3,3,3,3,3,3,6,2,1,9,3,5,7,7,10,2,1,3,2,,2,,1,1,1,1,1,10,10,10,1,1,1,10,3,4,2,1,2,2,1,1,1,1,2,2,2,2,2,2,2,2,2,2,2,2,2,2,,,,,1,3,3,1,1,1,1,1,1,4,3,3,2,3,3,3,3,9,2,3,32,1,5,2
601,2,1,2,2,,1,,,2,1,3,3,9,4,4,4,1,2,97,,3,8,2,8,8,1,3,98,97,97,97,97,97,97,5,1,97,97,5,2,,2,,98,98,98,98,98,98,98,98,98,98,98,98,4,4,4,1,1,1,3,3,2,2,2,2,2,2,2,2,2,2,,1,1,,2,,,,,,3,,4,1,1,1,1,1,1,4,8,4,4,1,4,4,4,2,2,6,77,8,5,2
601,1,1,2,,,3,1,,1,3,1,1,1,1,1,1,1,1,4,3,1,1,1,1,1,1,1,1,1,1,10,1,97,97,9,97,97,97,97,1,4,2,,1,10,1,1,1,1,1,1,1,1,1,1,3,4,4,1,3,1,1,1,1,3,2,2,2,1,2,1,9,2,,1,1,,1,,,,,,1,1,4,2,1,1,1,1,1,4,4,4,4,4,4,4,4,2,,3,23,8,1,4
601,2,2,2,2,,1,,,2,3,1,2,2,2,4,4,1,1,11,3,1,1,2,1,1,1,3,6,8,6,4,4,1,10,1,6,6,1,1,1,9,1,4,10,10,97,6,6,7,8,97,97,97,97,3,4,4,4,2,1,1,2,3,1,2,2,1,2,1,1,1,1,2,,1,1,,2,,,,,,2,2,2,1,2,2,1,2,1,4,4,3,4,4,3,4,4,1,2,1,24,4,5,2
601,1,1,2,,,2,,,9,3,1,1,1,9,9,9,9,,97,,8,8,8,8,8,8,8,8,7,7,8,7,7,7,98,7,8,7,7,1,10,2,,8,7,5,5,4,4,7,98,6,7,5,4,4,4,4,3,1,1,3,3,1,3,2,2,1,1,2,2,2,2,,2,2,,2,,,,,,1,1,2,1,1,1,1,1,1,3,3,3,4,3,4,3,4,1,2,3,24,2,5,1
601,1,1,2,,,1,,,2,3,2,2,3,4,4,4,1,1,4,2,3,1,1,3,1,1,1,97,3,6,6,6,5,4,3,4,4,4,5,1,12,2,,2,4,3,2,3,2,1,1,3,3,3,1,3,3,4,3,1,1,3,3,2,2,1,2,2,2,2,2,2,2,,2,2,,2,,,,,,1,3,2,1,1,1,1,1,1,4,4,4,4,4,3,4,4,1,2,3,51,4,5,4
601,2,1,2,2,,1,,,2,2,3,1,1,4,1,4,3,,97,,3,3,3,3,3,3,3,1,6,4,2,5,2,4,7,9,10,8,3,1,10,1,7,2,99,5,1,6,3,4,2,1,3,5,4,3,4,4,2,2,3,1,3,2,1,2,2,2,2,1,1,1,1,,1,1,,2,,,,,,1,3,3,2,2,2,2,2,2,4,4,4,4,4,4,4,4,2,2,3,36,1,5,2
601,1,1,1,,,2,,,2,1,1,1,4,4,4,4,1,2,17,9,3,1,3,3,1,1,3,5,6,4,4,97,4,97,7,5,6,97,6,1,7,8,,4,4,4,4,4,4,4,4,4,4,4,4,4,4,4,1,1,3,2,3,3,1,2,2,2,2,1,1,1,2,2,1,1,,1,2,,,,,3,,3,9,9,2,2,2,9,4,3,4,4,2,4,4,4,3,1,5,72,9,5,1
601,2,2,2,2,,1,,,3,2,1,2,2,4,4,4,3,,14,1,1,1,3,3,1,1,3,8,9,1,9,4,98,6,7,7,8,7,8,8,,1,3,1,9,1,5,1,3,1,5,7,9,7,5,4,4,4,1,2,1,2,1,1,1,1,2,2,2,1,1,1,2,,1,1,,1,,,,,,4,,3,1,1,1,1,1,1,4,1,3,4,1,1,4,4,2,2,5,37,2,5,2
601,1,2,1,,,2,,,2,3,3,2,2,4,5,5,3,,96,,,,,,,,,7,9,3,3,5,5,7,8,8,8,6,5,1,96,1,4,5,97,3,3,97,3,4,97,97,7,97,97,4,2,2,1,1,1,1,1,1,1,2,2,2,2,2,2,2,2,2,2,2,2,1,2,,,,,1,1,3,1,1,1,1,1,1,4,4,4,4,4,3,4,4,3,2,3,34,4,5,1
602,1,2,2,,,3,2,2,,,,,,,,,,,,,,,,,,,,,,,,,,,,,,,,,,,,,,,,,,,,,,,,,,,,,,,,,,,,9,9,9,9,9,9,,9,9,9,,,,,,,,,,,,,,,,,,,,,,,,,,1,23,,2,4
602,1,2,2,,,2,,,1,3,1,1,2,2,4,4,3,,4,2,3,2,2,3,1,2,3,8,8,6,5,6,97,7,7,6,7,7,6,1,10,1,4,97,8,3,4,4,3,97,97,4,6,97,5,4,4,4,3,1,1,2,3,1,3,2,1,9,9,9,9,9,9,,9,9,,2,,,,,,1,4,1,1,1,1,1,1,1,3,4,4,4,2,8,3,4,3,1,6,27,5,5,1
602,3,2,2,,1,2,,,2,3,1,3,4,2,4,4,1,2,4,2,1,8,2,3,1,3,3,1,1,1,5,1,1,1,5,5,5,5,5,8,,1,4,1,1,1,4,1,1,1,1,4,4,1,1,4,4,4,3,1,2,1,3,1,9,1,1,1,1,2,1,2,1,,1,1,,2,,,,,,1,1,2,1,1,1,1,1,1,4,1,1,3,1,3,3,4,2,1,3,50,3,1,4
602,3,1,1,,2,2,,,1,3,2,1,1,4,4,4,1,1,9,2,3,3,3,2,1,2,3,8,8,4,8,8,6,8,8,8,5,8,6,2,,2,,10,5,5,6,5,6,6,8,4,3,8,7,4,1,4,3,3,3,3,3,3,3,2,2,2,2,2,2,2,2,2,2,2,2,2,2,,,,,1,2,3,1,1,1,1,1,1,4,4,4,4,4,2,4,4,3,2,5,28,5,2,2
602,1,2,2,,,2,,,2,1,1,1,3,4,4,4,1,2,4,3,3,3,3,3,1,3,3,97,8,5,6,5,5,5,97,6,5,7,5,1,10,2,,3,8,3,3,4,4,3,5,5,5,6,4,3,3,3,2,1,1,2,1,1,3,1,2,1,2,1,1,2,1,,1,1,,2,,,,,,3,,2,1,1,1,1,1,1,4,4,4,3,1,3,4,4,2,1,3,65,3,5,1
602,1,2,2,,,1,,,2,2,3,2,2,1,5,5,2,,96,,,,,,,,,6,4,1,1,1,9,1,6,2,7,1,7,8,,2,,2,1,7,7,1,8,1,6,1,6,1,7,2,4,2,2,1,2,3,1,9,1,9,9,2,1,2,1,2,2,,1,1,,1,,,,,,1,3,1,1,1,1,1,1,1,1,1,1,3,4,3,2,4,2,2,3,39,9,5,1
602,1,1,2,,,2,,,1,3,1,1,1,1,9,1,1,2,14,1,1,3,1,1,1,1,1,97,98,5,5,98,98,5,8,7,10,4,6,1,10,1,4,3,98,3,5,98,98,98,6,5,5,98,5,4,4,4,3,3,3,3,3,3,3,1,1,1,1,9,1,1,1,,1,1,,1,,,,,,1,1,1,1,1,1,1,1,1,4,4,4,4,2,4,4,4,1,2,5,31,5,5,1
602,1,2,2,,,2,,,2,1,1,1,2,2,4,1,9,,4,2,1,9,1,8,1,3,1,98,98,98,98,98,98,98,98,98,98,98,98,2,,8,,98,98,98,98,98,98,98,98,98,98,98,98,3,2,3,1,9,3,2,1,3,1,2,1,2,9,2,2,2,2,,2,2,,2,,,,,,1,3,2,1,1,1,1,1,1,3,3,1,4,2,1,1,1,2,2,7,38,7,5,1
602,1,1,2,,,2,,,1,1,1,2,4,2,5,5,1,1,96,,,,,,,,,3,5,1,2,5,8,8,5,6,7,5,2,2,,1,3,5,6,3,3,6,4,2,5,3,6,5,3,3,3,3,1,3,2,1,3,3,1,2,2,2,2,1,1,2,1,,1,1,,2,,,,,,3,,3,2,2,2,2,2,2,4,4,4,4,4,4,4,4,1,1,5,67,5,5,1
602,1,1,1,,,2,,,3,3,1,1,1,1,1,4,1,2,9,2,1,2,2,1,1,3,3,5,5,5,5,4,4,5,5,6,6,4,4,1,10,2,,4,97,4,4,4,4,97,97,4,4,97,4,2,2,2,2,2,1,2,9,1,1,2,2,1,1,1,1,1,2,2,1,1,,1,2,,,,,1,3,3,1,1,1,1,1,1,4,4,4,4,4,4,4,4,2,1,3,49,4,1,4
602,1,1,2,,,2,,,2,3,1,1,1,4,4,4,3,,4,2,3,3,3,3,1,3,3,5,5,5,5,5,5,5,5,5,5,5,5,2,,2,,5,5,5,5,5,5,5,5,5,5,5,5,4,4,2,3,1,2,3,2,2,3,2,9,9,2,1,1,1,2,,1,1,,1,,,,,,1,4,2,2,2,2,2,2,2,4,4,4,4,2,1,4,4,1,2,6,24,9,5,1
602,1,1,2,,,2,,,2,2,1,2,4,2,3,4,1,1,8,2,2,2,2,3,3,2,3,9,9,5,2,5,2,2,8,6,6,6,6,1,2,1,4,7,9,4,4,5,2,4,8,7,7,5,6,4,2,4,2,2,1,3,3,1,1,1,2,2,1,1,1,2,2,,1,1,,2,,,,,,1,1,2,1,1,1,1,1,1,4,4,4,4,3,4,4,4,3,2,3,56,5,5,1
602,1,1,1,,,3,2,2,,,,,,,,,,,,,,,,,,,,,,,,,,,,,,,,,,,,,,,,,,,,,,,,,,,,,,,,,,,,9,9,9,9,9,9,9,9,9,9,,,,,,,,,,,,,,,,,,,,,,,,,,1,29,,1,4
602,3,1,1,,1,1,,,3,1,1,1,2,2,2,4,1,1,4,2,2,8,3,2,3,2,3,1,10,3,10,3,5,5,10,1,1,3,98,8,,1,4,1,5,3,1,1,3,1,10,1,1,1,1,1,2,1,1,1,1,1,1,1,1,2,9,1,1,1,1,1,2,1,2,1,,2,1,4,3,2,2,1,4,3,2,2,2,2,2,2,4,4,1,1,4,1,4,4,3,2,3,28,1,1,4
602,1,1,1,,,1,,,2,1,1,2,4,3,5,5,3,,96,,,,,,,,,5,5,6,5,5,98,5,6,5,5,5,5,1,96,2,,7,98,7,7,7,6,6,6,6,6,6,7,2,2,2,2,1,1,2,2,1,2,2,1,1,1,2,1,2,2,1,1,1,,2,2,,,,,1,3,3,1,1,1,1,1,1,3,4,3,3,3,3,3,4,1,2,4,35,3,5,1
602,1,2,2,,,3,1,,9,1,1,2,2,4,9,4,1,1,4,2,2,2,2,2,3,1,3,97,97,97,1,7,97,97,1,1,97,1,1,1,11,8,,1,97,99,1,97,97,97,1,10,1,1,1,4,3,4,1,3,3,1,1,3,1,2,9,2,2,1,1,1,2,,1,1,,2,,,,,,4,,3,2,2,2,9,9,2,4,4,4,4,4,4,4,4,3,,7,72,1,5,1
603,1,2,2,,,1,,,2,2,2,2,3,4,4,3,1,3,17,2,3,3,2,3,3,3,3,98,98,9,5,98,2,98,98,5,5,7,7,1,2,1,6,6,8,5,1,98,1,2,5,7,9,98,8,4,2,3,3,1,2,3,3,3,3,2,1,1,2,1,1,1,2,,1,1,,2,,,,,,1,3,1,1,1,1,1,1,1,3,3,4,4,2,4,8,4,1,1,6,44,4,5,1
603,1,1,1,,,1,,,2,3,1,1,2,4,5,5,2,,6,2,3,2,2,3,3,2,3,8,9,6,7,8,3,97,9,8,9,97,7,1,10,1,3,4,7,2,3,5,2,3,6,6,4,97,4,3,3,3,1,1,2,2,1,1,2,2,1,1,9,1,1,2,2,1,1,1,,1,1,9,3,3,1,1,1,3,1,1,1,1,1,1,2,4,2,4,2,2,3,3,2,2,6,47,6,5,1
603,1,2,2,,,1,,,9,3,1,1,1,9,5,5,9,,96,,,,,,,,,98,98,98,98,98,98,98,98,98,98,98,98,8,,8,,98,98,2,3,98,98,5,97,97,5,98,6,4,4,4,9,9,9,9,9,9,9,2,9,2,2,2,1,1,2,,2,2,,1,,,,,,1,9,3,1,1,1,1,1,1,8,8,8,8,8,8,8,8,3,2,5,49,5,5,1
603,1,2,2,,,1,,,1,1,1,2,2,4,5,5,3,,96,,,,,,,,,3,6,1,1,4,1,1,3,7,7,7,5,1,10,1,6,97,97,1,1,3,1,1,97,5,7,97,2,2,2,2,1,1,3,1,1,1,2,2,2,2,2,1,2,1,2,,1,1,,1,,,,,,3,,3,2,1,2,1,2,1,4,2,4,4,2,4,4,4,1,2,3,71,3,5,1
605,1,2,1,,,1,,,1,1,1,1,4,3,5,5,3,,4,2,3,3,3,3,3,3,3,5,6,5,5,6,5,5,6,6,6,6,6,1,10,1,3,4,7,3,5,5,3,3,5,7,7,4,3,4,4,4,3,3,3,3,3,3,3,2,2,2,2,2,2,2,2,2,2,2,2,1,2,,,,,2,4,2,1,1,1,1,1,1,4,4,4,4,4,4,4,4,1,2,5,39,8,5,1
605,1,1,2,,,2,,,1,3,1,2,4,4,4,4,3,,9,2,3,3,3,3,3,3,3,4,9,98,5,7,2,3,6,8,8,6,5,1,2,1,4,98,8,98,98,5,3,3,7,6,7,5,5,3,2,2,2,2,1,3,2,1,2,2,2,2,2,1,1,1,2,,1,2,,1,,,,,,3,,1,2,9,2,9,2,9,3,2,4,4,2,3,4,3,1,1,7,68,6,5,1
605,1,2,1,,,1,,,2,3,1,1,2,2,2,2,3,,8,3,3,1,1,1,1,3,2,10,10,3,3,7,3,5,7,7,7,7,7,8,,2,,6,8,5,3,5,8,5,6,6,6,5,1,3,3,1,1,3,9,9,1,1,3,1,1,9,9,9,9,9,9,9,9,9,,1,1,18,1,1,1,1,1,3,1,1,1,1,1,1,4,4,4,4,4,4,4,4,2,2,3,35,4,5,1
605,1,1,2,,,1,,,1,1,1,1,4,4,4,4,3,,4,2,3,3,3,3,3,3,3,3,5,2,5,5,4,5,4,3,3,4,5,2,,2,,5,5,5,5,5,5,5,5,5,5,5,5,4,4,4,3,3,3,3,3,3,3,2,2,2,2,2,1,2,2,,1,1,,1,,,,,,1,3,4,1,1,1,1,1,1,4,4,4,4,4,4,4,4,2,2,3,29,3,5,1
606,1,2,2,,,2,,,2,3,1,2,2,1,2,1,1,1,4,2,2,2,2,3,1,3,3,5,10,1,1,97,3,5,4,7,7,10,1,1,1,1,3,3,10,8,1,3,3,7,7,7,5,7,1,2,2,4,1,1,1,1,3,2,1,1,2,2,2,2,1,1,2,,2,1,,2,,,,,,4,,3,2,2,2,2,2,2,3,4,3,4,1,4,4,4,2,2,3,50,8,5,1
606,1,1,2,,,1,,,1,3,1,1,1,1,1,1,1,1,4,2,8,1,3,3,3,3,2,8,1,3,6,5,1,1,2,1,1,2,2,2,,2,,6,2,2,8,3,1,1,2,3,3,1,1,4,4,3,1,1,1,1,2,3,3,2,2,2,2,1,1,1,2,,1,1,,2,,,,,,4,,2,1,2,1,2,2,2,4,1,3,2,4,4,4,4,3,2,2,18,2,5,2
606,1,1,1,,,1,,,9,1,9,1,4,4,4,4,1,3,4,2,1,3,3,3,3,8,3,6,6,97,6,6,97,97,97,97,5,5,5,8,,2,,5,5,5,5,5,1,1,5,5,5,5,5,2,2,4,1,1,1,1,1,1,1,2,2,2,2,1,1,1,2,1,1,1,,1,2,,,,,1,1,3,9,1,9,9,1,9,4,3,3,3,3,3,4,3,2,2,3,33,5,5,1
606,1,1,2,,,9,9,9,,,,,,,,,,,,,,,,,,,,,,,,,,,,,,,,,,,,,,,,,,,,,,,,,,,,,,,,,,,,9,9,9,9,9,9,,9,9,9,,,,,,,,,,,,,,,,,,,,,,,,,,9,99,,9,9
606,1,2,2,,,1,,,1,3,2,1,4,4,4,4,1,2,4,2,3,3,3,3,3,1,3,5,8,5,8,5,4,5,8,6,7,5,8,2,,2,,6,9,7,5,5,5,6,8,7,8,8,5,4,3,3,1,2,1,2,2,2,1,1,1,1,2,1,1,1,1,,2,1,,1,,,,,,2,3,2,1,1,1,1,1,1,4,4,3,3,3,2,4,4,1,1,6,25,8,5,1
606,3,2,1,,4,1,,,2,2,2,2,2,4,4,4,3,,99,,3,3,2,3,3,2,3,5,5,4,4,4,3,3,4,4,5,4,3,8,,8,,8,7,2,3,3,2,2,3,4,3,2,1,1,8,1,1,1,1,2,3,1,1,2,1,1,2,1,1,1,1,1,1,1,,1,1,18,3,3,3,1,1,1,1,1,1,1,1,1,4,3,2,2,1,3,3,4,1,2,3,29,4,4,1
606,1,1,1,,,1,,,2,2,1,1,4,4,4,4,3,,2,2,3,1,3,3,3,3,3,97,8,8,7,7,5,6,8,8,8,8,97,2,,2,,4,9,5,6,4,3,5,5,7,8,6,6,4,4,3,1,1,1,2,2,3,2,2,2,1,2,2,2,1,2,1,2,1,,2,1,16,3,3,1,1,4,2,1,1,1,1,1,1,4,2,2,3,1,4,4,4,2,2,7,45,7,5,1
606,1,1,2,,,1,,,2,3,2,2,4,1,4,4,1,2,4,2,3,3,3,3,3,1,3,5,5,5,5,4,4,4,5,5,6,5,5,1,4,8,,5,6,3,3,5,4,4,5,6,7,5,5,3,3,3,1,1,1,1,2,2,2,2,2,2,1,1,1,2,2,,1,1,,1,,,,,,2,4,2,2,1,2,2,2,2,3,3,3,3,3,2,3,2,2,2,5,19,6,5,1
607,1,2,2,,,1,,,2,1,1,1,9,4,4,4,1,2,9,2,3,3,3,3,3,3,3,97,8,2,6,6,4,97,2,6,3,6,1,1,9,1,96,97,6,1,1,97,1,1,3,97,97,97,97,2,2,2,1,1,1,3,3,3,3,2,2,1,2,2,9,2,2,,2,1,,2,,,,,,3,,2,1,1,1,1,1,1,4,3,4,4,2,4,4,4,1,2,4,80,3,5,1
607,1,2,2,,,1,,,3,3,1,3,4,4,4,4,1,1,3,1,3,3,3,3,3,3,3,10,5,5,5,10,10,10,5,5,5,5,4,1,10,2,,10,5,5,10,10,10,10,5,5,5,5,5,4,4,4,3,1,1,3,3,1,3,2,1,2,2,2,2,2,2,,2,2,,2,,,,,,4,,3,1,1,1,1,1,1,4,4,4,4,4,4,4,4,3,2,2,18,8,5,1
607,1,1,2,,,1,,,2,3,1,1,1,1,1,1,1,3,17,9,1,1,1,1,1,1,1,10,10,10,10,10,10,10,10,10,10,10,10,2,,2,,1,7,1,3,3,1,1,2,2,5,2,2,4,4,4,1,2,1,3,1,2,3,1,1,2,2,1,1,1,2,,1,1,,2,,,,,,4,,1,1,1,1,1,1,1,4,4,4,4,2,4,4,4,9,2,6,50,4,4,4
608,1,1,1,,,1,,,2,3,1,1,1,4,4,1,1,3,97,,1,3,3,3,3,3,3,3,7,1,5,5,5,5,1,8,8,6,3,1,9,1,1,9,10,3,5,5,3,3,3,3,6,5,6,8,3,4,1,2,1,3,3,3,1,1,9,1,2,1,1,1,2,1,1,1,,1,1,4,1,3,1,3,,2,2,2,2,2,2,2,4,4,4,4,1,4,4,4,3,2,3,58,9,5,1
608,1,2,2,,,1,,,2,3,1,1,4,1,1,4,3,,17,2,3,3,3,3,1,3,1,10,10,10,10,10,97,10,10,10,10,10,10,2,,2,,5,7,4,3,3,2,2,7,5,8,5,3,4,4,4,1,1,1,1,1,2,2,2,1,2,2,1,1,1,2,,1,1,,1,,,,,,1,4,2,1,1,1,1,1,1,4,4,2,2,2,4,2,4,3,2,7,58,4,5,1
608,1,1,1,,,1,,,1,3,1,2,2,2,3,2,1,3,4,3,3,3,2,3,3,3,3,8,8,6,5,5,6,5,9,9,8,7,7,2,,1,4,7,8,6,4,5,4,4,5,6,6,5,5,2,2,2,1,1,2,2,1,1,2,2,1,1,2,2,1,1,2,1,1,1,,2,1,8,1,3,3,1,1,3,1,1,1,1,1,1,3,3,3,3,1,3,3,3,2,2,3,33,9,5,1
608,1,2,2,,,2,,,3,9,1,1,3,1,3,4,1,2,17,2,3,2,3,3,1,1,3,97,8,8,8,8,8,8,8,8,8,8,8,2,,1,4,97,97,97,3,97,97,4,97,97,97,97,97,3,3,3,1,2,3,3,1,1,1,2,2,2,2,1,1,1,2,,1,1,,1,,,,,,3,,2,1,1,1,1,1,1,2,2,2,3,1,3,2,3,2,1,7,70,4,5,1
608,1,1,2,,,2,,,2,3,9,2,2,3,2,3,1,1,16,2,2,2,2,3,3,1,3,5,8,5,3,3,98,1,7,2,4,2,4,8,,1,4,7,9,2,2,2,98,98,5,3,6,98,98,4,4,8,1,2,3,1,3,9,1,2,1,2,2,1,1,2,2,,1,1,,1,,,,,,1,4,2,9,9,9,9,9,9,1,4,4,8,4,4,4,4,3,2,7,62,9,5,1
608,1,1,2,,,1,,,2,3,1,1,1,4,4,4,2,,97,,3,3,3,3,2,3,3,6,4,2,10,7,10,10,5,2,2,7,4,1,7,1,10,4,2,2,10,7,10,10,1,1,1,3,2,4,4,4,3,1,1,3,3,3,3,2,2,2,2,1,1,1,1,,1,1,,2,,,,,,2,1,1,1,1,1,1,1,1,4,4,4,4,4,4,4,4,3,2,3,18,7,5,1
609,1,1,2,,,1,,,3,2,1,1,1,4,4,4,1,2,9,3,3,3,3,2,3,3,3,98,98,98,98,98,98,98,98,98,98,98,98,2,,2,,6,6,5,3,5,2,1,4,5,4,2,2,4,4,3,2,1,1,2,2,2,2,1,2,2,2,1,1,2,1,,2,1,,2,,,,,,2,9,2,1,1,1,1,1,1,4,4,4,3,4,3,4,4,3,2,2,18,5,5,1
609,1,2,2,,,1,,,2,1,1,1,4,4,4,5,3,,10,9,3,3,3,3,3,3,3,8,10,8,97,8,3,5,10,98,8,10,97,1,10,2,,2,8,3,97,2,2,97,97,2,2,97,2,4,4,4,1,1,1,3,1,1,1,1,2,2,1,1,2,1,2,,1,1,,1,,,,,,1,1,2,1,1,1,1,1,1,4,4,4,4,2,4,4,4,3,1,6,45,5,5,1
609,1,2,2,,,1,,,9,3,1,1,4,4,4,4,1,2,97,,3,3,3,3,3,3,3,8,8,8,8,8,8,8,8,8,8,8,8,2,,2,,5,7,7,3,5,4,5,5,7,7,6,7,4,4,4,1,1,1,2,2,1,1,2,2,2,1,1,1,2,2,,2,1,,1,,,,,,1,4,2,1,1,1,1,1,1,4,4,1,4,4,3,4,4,3,2,5,23,1,5,4
609,1,2,2,,,1,,,2,3,3,1,2,4,4,4,1,3,10,2,3,3,3,2,3,1,3,5,8,4,4,7,8,5,4,97,8,8,97,1,2,1,8,2,8,2,4,6,8,3,97,7,8,97,5,3,4,2,2,1,1,3,1,1,1,2,2,2,1,1,1,1,2,,1,1,,1,,,,,,1,4,1,1,1,1,1,1,1,4,2,4,2,1,4,2,4,3,2,7,49,7,5,1
609,1,1,1,,,1,,,1,3,1,1,1,1,9,4,1,1,10,9,1,3,8,8,3,1,1,10,10,10,10,10,10,10,10,10,10,10,10,8,,2,,3,7,4,4,5,3,3,4,4,6,4,2,4,4,4,3,3,3,3,3,3,3,2,9,1,1,1,1,1,2,1,1,1,,2,2,,,,,1,1,9,9,9,9,9,9,9,4,4,4,4,1,4,4,4,3,2,6,43,5,5,1
609,1,1,2,,,1,,,2,2,1,2,1,1,4,4,1,2,10,2,3,3,3,3,3,3,3,5,5,5,5,5,3,3,6,6,4,5,4,1,10,1,6,7,6,3,5,3,3,5,5,5,5,5,3,1,2,2,1,1,2,3,3,3,3,2,1,2,2,1,1,1,2,,1,1,,1,,,,,,1,4,3,1,1,1,1,1,1,4,4,2,4,1,1,4,4,3,2,3,42,3,5,1
609,1,2,2,,,1,,,9,3,1,1,3,4,4,4,3,,4,3,3,3,3,3,3,3,3,10,10,10,10,10,10,10,10,10,10,10,10,2,,1,4,9,8,3,3,7,3,1,5,9,9,2,1,4,4,4,1,1,1,1,1,1,2,2,2,1,1,1,1,1,1,,1,1,,1,,,,,,2,4,3,1,1,1,1,1,1,4,4,4,4,2,4,4,4,3,2,6,45,7,5,1
610,1,2,1,,,1,,,1,3,1,1,1,1,1,1,1,2,13,2,1,8,3,3,1,1,3,98,98,8,5,8,8,5,8,8,8,8,8,1,12,1,4,97,10,4,4,5,4,4,8,8,8,97,5,3,3,3,2,2,2,2,3,2,2,1,2,1,2,1,1,1,2,1,1,1,,1,1,12,1,3,1,4,,1,1,1,1,1,1,1,4,4,4,3,3,4,4,4,1,2,6,50,7,5,1
610,2,2,2,2,,3,1,,3,3,1,1,4,4,4,4,3,,4,2,3,2,1,1,3,1,1,6,6,4,5,5,5,5,5,8,8,5,6,1,12,1,4,2,6,3,3,3,5,4,5,7,7,6,7,2,3,4,3,2,3,3,3,1,3,1,2,9,9,9,9,9,9,,9,9,,1,,,,,,2,4,3,1,1,1,1,1,1,4,4,4,3,4,4,3,4,2,,3,19,6,5,2
610,1,2,2,,,2,,,2,1,1,1,9,1,4,4,1,3,97,,1,8,3,8,1,8,8,99,99,99,99,99,99,99,99,99,99,99,99,1,2,9,,99,99,99,99,99,99,99,99,99,99,99,99,4,3,4,3,9,3,3,3,2,3,2,1,1,2,1,1,2,2,,9,9,,1,,,,,,1,4,2,1,1,1,1,1,1,4,3,4,4,1,4,4,4,4,1,3,71,8,5,1
610,1,2,2,,,2,,,3,1,1,1,4,4,4,4,3,,8,2,1,8,8,8,3,2,3,6,6,6,6,6,6,6,6,6,6,6,6,2,,2,,5,5,5,5,5,7,5,5,5,5,5,5,4,4,4,1,1,1,3,1,1,1,2,2,2,2,2,2,2,2,,2,2,1,2,,,,,,1,1,3,1,1,1,1,1,1,4,4,4,4,4,4,4,4,2,2,3,49,9,5,1
610,1,2,1,,,2,,,2,1,1,2,3,4,3,4,1,3,6,2,2,2,2,3,3,2,2,5,5,2,98,2,2,3,3,5,5,3,5,2,,1,5,5,5,3,98,4,3,3,4,5,5,3,3,2,1,2,3,1,1,2,3,3,2,2,2,2,1,2,2,2,2,1,2,2,,2,1,12,3,3,3,1,3,4,1,1,1,1,1,1,4,4,4,3,2,4,4,4,1,2,3,35,4,5,1
612,1,1,2,,,2,,,1,1,1,3,3,4,5,5,3,,96,,,,,,,,,4,6,5,5,5,5,4,5,6,6,6,5,1,12,1,4,5,6,5,4,6,4,4,98,6,7,7,5,4,4,4,1,3,3,3,3,2,3,2,2,2,2,1,1,1,2,,2,2,,2,,,,,,3,,3,2,2,2,2,2,2,4,2,4,2,1,4,4,4,3,2,7,74,9,5,1
612,1,2,2,,,1,,,1,3,3,1,9,3,9,5,1,1,4,9,3,8,1,3,8,8,2,2,10,2,2,2,1,2,5,9,9,4,7,1,96,1,96,2,8,3,3,3,2,2,3,3,2,98,2,2,1,1,1,1,2,1,2,2,2,2,9,2,2,1,1,2,2,,1,1,,1,,,,,,1,1,3,2,9,9,9,9,9,4,2,3,2,1,4,3,2,3,2,5,53,9,5,1
612,1,1,2,,,2,,,2,3,2,2,1,4,4,2,1,1,98,,2,3,3,2,3,2,2,5,7,4,3,5,3,4,8,7,8,8,4,2,,2,,4,5,1,6,5,3,5,4,5,6,5,7,1,1,1,1,2,1,1,1,1,2,2,1,1,1,1,1,1,2,,1,1,,2,,,,,,1,2,3,1,1,1,1,1,1,4,4,4,1,2,4,4,4,2,2,5,45,2,5,2
612,1,2,2,,,1,,,1,3,1,1,4,4,4,4,3,,16,2,3,2,3,3,3,3,3,5,7,4,3,5,3,3,7,6,7,5,5,1,10,1,4,4,7,3,3,3,3,5,97,5,5,97,6,3,3,4,1,1,1,2,2,1,2,2,2,1,1,1,1,2,2,,1,1,,2,,,,,,1,1,2,1,1,1,1,1,1,3,4,2,3,3,4,3,4,1,2,6,31,4,5,1
612,1,2,1,,,2,,,1,3,1,1,4,1,4,4,1,1,9,2,3,2,2,3,1,3,3,6,7,6,5,6,5,5,7,7,8,7,6,2,,2,,1,7,1,3,3,2,1,4,5,5,97,2,1,4,3,2,1,2,2,1,1,2,1,2,2,2,2,1,2,2,2,2,1,,1,2,,,,,1,4,1,1,1,1,1,1,1,4,4,4,4,3,4,4,4,2,2,7,45,5,5,1
612,1,1,2,,,2,,,1,3,1,1,3,3,3,4,3,,4,2,3,3,3,3,3,3,3,7,7,7,7,7,7,7,7,7,7,7,7,2,,2,,3,9,5,3,2,3,1,3,6,9,97,5,4,4,4,1,3,3,3,1,2,3,2,2,2,2,2,2,2,2,,2,2,1,1,,,,,,1,3,4,1,1,1,1,1,1,4,4,4,2,2,4,4,4,2,2,5,24,9,5,1
612,1,2,2,,,1,,,2,1,2,2,2,2,2,5,1,1,16,1,2,3,2,2,3,2,2,1,4,1,1,3,1,1,1,1,1,1,4,8,,8,,98,98,98,3,98,98,98,98,98,6,98,98,1,2,3,1,1,1,1,2,1,1,2,2,9,2,1,1,1,2,,1,1,,2,,,,,,1,4,3,2,2,2,2,2,2,3,4,4,1,1,4,4,4,2,2,3,55,9,5,1
612,1,1,1,,,1,,,1,3,1,1,4,4,4,4,3,,18,2,2,3,2,1,1,1,1,1,1,1,1,10,1,1,1,1,1,10,10,1,8,1,1,10,1,10,1,1,1,1,10,1,1,10,1,1,1,1,3,1,1,1,2,1,1,1,2,2,2,1,2,1,2,1,2,2,,2,1,8,3,3,3,1,3,1,1,1,1,1,1,1,4,4,4,4,4,4,4,4,1,2,5,42,9,5,1
612,1,1,1,,,1,,,3,3,1,1,4,4,3,4,1,2,11,3,3,3,3,3,3,3,3,8,9,9,7,9,8,8,9,8,8,8,8,8,,8,,5,10,1,7,8,7,8,6,7,7,7,8,3,3,2,1,1,1,1,1,1,1,2,2,2,2,1,1,2,2,2,1,1,,2,9,,,,,2,3,4,1,1,1,1,1,1,3,3,2,1,3,3,4,3,3,2,3,19,2,5,1
612,1,2,2,,,2,,,2,9,1,2,3,3,1,2,1,2,17,1,2,2,2,2,3,2,2,1,10,3,4,9,5,4,3,5,5,7,4,2,,1,98,1,9,4,3,1,97,97,3,3,3,6,2,4,4,4,2,1,2,2,3,2,2,2,1,2,1,1,2,1,2,,1,2,,1,,,,,,1,3,4,1,1,1,1,1,1,4,4,4,3,1,4,4,4,3,2,7,54,4,5,1
612,3,1,2,,4,3,1,,2,3,1,3,4,1,5,1,3,,5,2,8,8,1,8,1,1,1,1,8,1,6,1,8,1,1,6,1,8,1,8,,8,,1,7,1,1,8,6,5,1,6,1,1,8,3,1,2,1,1,1,1,1,1,2,1,9,2,2,1,2,2,1,,1,1,,1,,,,,,3,,1,2,2,2,2,2,2,1,9,9,2,2,3,4,3,2,,1,79,2,4,1
612,1,1,2,,,2,,,9,1,1,2,2,4,4,4,3,,17,9,3,8,8,2,2,2,8,2,8,8,4,6,4,1,97,97,5,6,97,2,,1,4,4,7,5,3,97,3,3,97,5,7,1,5,2,2,2,1,1,1,1,2,1,1,2,2,2,2,1,1,2,2,,2,1,,2,,,,,,3,,3,2,2,2,2,2,2,4,4,4,2,8,4,4,4,3,1,1,80,3,5,1
612,1,1,1,,,1,,,3,2,1,1,4,4,4,4,1,3,99,,3,3,3,3,3,3,3,6,6,6,5,5,5,5,6,6,6,6,5,2,,2,,5,5,5,5,5,5,5,5,5,5,4,6,3,3,3,1,1,2,3,1,1,1,1,2,1,1,1,1,1,1,1,1,1,,1,2,,,,,1,1,2,1,1,1,1,1,1,4,4,4,3,2,4,4,4,2,2,5,43,4,5,1
612,1,1,2,,,2,,,3,3,1,2,2,2,2,2,1,1,98,,2,2,2,2,3,2,3,4,6,5,4,4,4,3,5,6,6,4,4,2,,2,,6,8,8,4,4,3,6,4,6,6,5,6,3,1,1,1,1,1,3,2,1,1,2,2,1,1,1,1,1,2,,1,1,,2,,,,,,1,3,2,2,2,2,2,2,2,4,4,4,2,4,4,4,4,9,2,4,58,9,5,9
612,1,2,2,,,2,,,3,3,1,1,4,4,4,4,1,2,16,2,3,3,3,3,1,3,3,10,10,10,10,10,10,10,10,10,10,10,10,2,,2,,3,10,97,2,3,97,3,4,8,10,97,5,4,4,4,2,1,1,3,1,1,2,2,2,2,2,1,1,1,2,,1,1,,1,,,,,,6,,4,1,1,1,1,1,1,4,4,3,3,3,4,4,4,2,2,7,25,2,5,1
612,1,2,2,,,1,,,2,3,1,1,1,1,1,1,1,1,4,9,1,1,9,1,1,1,1,98,98,98,98,98,98,98,7,10,1,10,98,2,,2,,8,1,98,98,98,98,99,98,98,98,98,98,4,4,4,3,2,3,9,9,9,3,1,1,2,1,1,1,1,2,,1,1,,1,,,,,,2,4,3,1,1,1,1,1,1,4,3,4,4,1,4,4,4,1,2,4,99,3,5,1
612,1,1,1,,,1,,,2,3,1,1,4,4,4,4,9,,17,2,2,3,2,3,3,3,3,10,10,10,10,10,10,10,10,10,10,10,10,1,96,1,12,6,7,1,8,4,4,4,5,5,5,2,6,4,4,4,3,3,3,3,3,3,2,1,2,1,1,2,1,2,9,1,1,1,,1,2,,,,,1,1,1,1,1,1,1,1,1,4,4,4,4,4,4,4,4,3,2,6,41,7,5,1
612,1,2,2,,,1,,,1,1,2,2,2,2,2,2,1,1,11,1,2,2,2,2,8,2,2,3,7,5,6,4,4,4,6,7,7,8,4,2,,8,,98,1,1,1,98,1,1,1,1,1,1,1,1,1,1,9,9,9,9,9,9,9,2,2,2,2,2,2,2,2,,2,2,2,1,,,,,,4,,2,2,2,2,2,2,2,1,1,1,1,1,1,1,1,1,2,6,83,8,5,1
614,2,1,1,2,,1,,,1,3,2,3,3,4,9,1,9,,3,1,8,2,3,2,1,1,2,98,98,98,98,98,98,98,98,98,98,98,98,1,3,8,,5,4,5,5,5,5,5,5,5,5,5,5,4,4,4,3,1,1,9,1,2,1,2,1,2,2,1,1,1,2,9,1,9,,2,9,,,,,4,,3,1,1,1,1,1,1,4,3,1,3,1,4,4,4,2,2,6,42,9,5,2
614,1,1,2,,,3,3,1,1,1,1,1,9,9,4,1,3,,97,,3,1,9,1,8,3,8,4,1,2,4,4,5,2,5,5,5,1,2,8,,8,,3,2,2,2,3,1,3,3,4,4,4,2,2,4,3,1,3,1,1,1,1,9,2,2,2,1,1,2,1,2,,1,1,,1,,,,,,1,9,4,9,1,9,1,1,1,1,4,2,3,2,1,1,4,3,,3,40,3,3,4
614,1,1,9,,,9,9,9,,,,,,,,,,,,,,,,,,,,,,,,,,,,,,,,,,,,,,,,,,,,,,,,,,,,,,,,,,,,9,9,9,9,9,9,,9,9,9,,,,,,,,,,,,,,,,,,,,,,,,,,9,23,,9,9
614,1,2,2,,,2,,,2,3,1,1,1,4,4,4,2,,97,,3,3,3,3,3,3,3,8,97,97,97,97,8,97,8,9,97,8,8,1,8,2,,1,5,5,4,97,97,97,97,97,97,97,3,4,4,4,3,2,3,2,1,1,1,2,2,2,2,2,1,2,2,,1,1,,1,,,,,,1,4,2,2,1,1,1,1,1,4,4,4,3,1,4,3,4,2,2,3,52,3,5,1
614,1,2,1,,,1,,,2,3,2,2,1,2,2,2,1,9,3,9,2,8,2,8,8,2,3,97,4,4,4,5,2,3,97,6,6,6,6,2,,1,6,3,5,8,1,5,1,10,2,1,8,97,1,4,4,4,1,1,1,1,3,3,1,2,1,1,2,1,2,2,2,2,1,1,,1,2,,,,,1,1,2,1,1,1,1,1,1,4,4,4,4,4,4,4,4,9,2,6,38,3,5,2
614,1,2,2,,,2,,,2,3,1,2,1,1,1,2,1,9,4,9,3,8,3,3,3,1,3,10,10,10,10,10,10,10,10,10,10,10,10,1,10,9,,98,98,98,98,98,98,98,98,98,98,98,98,4,4,3,3,9,1,3,3,3,3,2,2,2,2,1,1,1,2,,1,1,,1,,,,,,1,4,3,1,1,1,1,1,1,4,4,4,4,3,4,4,4,3,2,5,48,6,5,1
615,1,1,2,,,1,,,3,3,2,2,4,4,4,4,1,3,4,3,1,3,3,2,3,3,3,6,6,5,4,5,4,5,4,5,5,4,6,2,,2,,5,5,4,5,8,4,8,6,8,8,4,6,4,4,4,2,2,1,2,2,3,3,2,1,1,1,1,1,1,1,,1,1,,1,,,,,,2,4,3,1,1,1,1,1,1,4,4,4,4,1,4,4,4,2,2,5,21,3,5,2
615,1,1,1,,,1,,,1,3,1,1,1,1,4,1,1,3,4,2,1,3,3,3,1,1,3,6,5,5,7,6,5,6,5,6,8,7,7,2,,2,,6,8,3,5,5,4,2,4,6,8,6,5,3,3,1,2,1,1,3,1,1,3,2,2,1,2,1,1,2,1,2,2,2,,1,2,,,,,1,3,1,9,9,9,9,9,9,4,4,4,2,2,4,4,3,2,2,7,35,6,5,1
615,2,2,1,2,,1,,,1,3,1,1,1,4,4,4,3,,97,,1,3,3,3,1,1,1,9,9,9,6,9,6,6,1,9,9,99,1,2,,2,,5,5,5,7,5,5,7,8,1,8,8,8,3,3,3,2,2,1,2,2,1,1,2,1,2,2,1,1,1,2,1,1,1,,1,1,5,1,1,3,1,4,2,1,1,1,1,1,1,4,4,3,3,1,3,3,4,1,2,5,39,5,5,2
615,1,2,2,,,1,,,1,3,2,2,3,4,4,4,3,,9,2,3,3,3,3,3,1,3,1,1,1,5,1,5,1,1,1,1,1,1,2,,2,,3,3,3,9,97,1,97,97,97,97,97,6,3,2,1,1,2,9,3,1,3,2,2,2,9,1,9,1,1,2,,1,1,,2,,,,,,4,,1,2,2,1,1,2,2,2,2,1,2,3,2,4,1,1,2,4,78,2,5,1
615,1,1,1,,,2,,,1,3,1,1,4,4,4,4,3,,4,2,3,3,3,3,1,3,3,5,7,97,5,97,4,5,97,97,97,97,97,2,,8,,5,7,3,5,5,1,3,5,4,6,5,5,3,3,2,2,1,1,3,3,1,2,1,1,2,1,1,1,1,2,1,1,1,,2,1,4,9,9,9,1,4,2,1,1,1,1,1,1,4,4,4,2,2,4,2,4,3,2,6,36,6,5,1
615,3,2,2,,1,2,,,3,9,1,3,3,2,2,5,1,9,97,,1,8,1,8,9,9,1,98,98,98,98,98,8,98,98,98,98,98,98,2,,8,,98,98,98,98,98,98,98,98,98,98,98,98,8,4,4,9,1,2,1,9,9,1,1,2,1,2,1,2,2,2,,2,2,,1,,,,,,1,1,3,2,2,2,2,2,9,8,4,4,8,4,1,1,1,2,2,4,48,3,1,4
615,1,1,2,,,1,,,3,1,1,1,1,3,3,4,1,2,17,2,3,2,2,3,1,3,3,7,8,7,5,5,5,6,7,7,8,4,2,2,,2,,1,2,99,1,1,6,1,1,1,1,1,1,2,4,4,2,1,2,2,2,1,2,2,2,2,1,2,1,1,2,,1,1,,2,,,,,,1,1,3,2,2,1,1,1,1,2,2,3,2,1,2,2,3,3,2,5,27,4,5,1
616,1,1,2,,,1,,,1,3,1,1,1,1,1,1,9,,9,2,1,1,3,1,1,1,1,3,8,5,5,5,5,5,10,10,10,5,8,2,,2,,2,8,5,5,5,3,5,8,5,8,5,5,4,4,4,2,1,1,2,3,1,1,1,2,1,1,1,2,1,2,,1,1,,1,,,,,,1,3,1,9,9,9,9,9,9,1,1,3,2,3,2,2,2,1,2,3,29,4,5,1
616,1,1,2,,,1,,,2,3,1,1,1,1,1,1,3,,4,2,3,3,3,3,1,1,3,8,8,3,6,6,4,6,8,8,8,6,6,1,9,1,3,3,8,3,3,3,3,3,5,3,3,4,4,4,4,4,2,3,1,2,2,1,2,2,2,2,1,1,1,2,1,,1,1,,2,,,,,,1,4,2,1,1,1,1,1,1,4,4,4,4,4,2,4,4,2,2,3,30,4,5,1
616,1,1,2,,,2,,,2,1,9,9,9,9,9,9,9,,97,,8,8,8,1,8,2,3,98,10,98,98,98,98,98,98,98,98,98,98,8,,8,,98,98,98,98,98,98,98,98,98,98,98,98,8,8,8,1,1,1,3,9,1,9,2,9,2,1,1,1,9,2,,9,1,,9,,,,,,2,9,2,2,9,9,9,9,9,8,8,8,8,8,8,8,8,1,2,3,44,8,5,1
616,1,2,2,,,3,1,,9,2,1,1,4,4,4,4,2,,4,2,3,3,3,3,3,3,3,97,7,97,97,5,97,97,97,97,97,97,97,2,,1,4,97,97,97,97,97,97,97,97,97,97,97,97,4,3,2,3,9,2,9,3,9,3,1,1,1,2,9,1,1,9,,1,1,,2,,,,,,3,,2,1,1,1,1,1,1,4,3,4,4,1,4,4,4,1,,2,66,4,5,1
616,1,2,1,,,1,,,2,3,1,3,3,4,5,5,3,,96,,,,,,,,,5,5,5,5,5,5,5,5,5,5,5,5,1,12,2,,3,97,97,5,5,3,3,5,5,5,5,5,4,4,4,1,1,2,1,1,2,1,1,2,1,2,1,1,1,2,1,2,1,,1,9,,,,,2,4,1,1,1,1,1,1,1,4,4,4,4,3,4,4,4,2,2,7,35,6,5,1
616,1,1,2,,,2,,,3,3,1,1,4,4,1,4,3,,9,2,3,3,3,3,3,3,1,10,7,10,10,6,10,10,10,10,10,8,10,2,,2,,6,8,4,6,6,7,4,3,6,8,5,4,4,4,4,2,1,1,3,3,1,3,2,2,2,1,1,1,2,1,,1,1,,2,,,,,,1,3,1,1,1,1,1,1,1,4,4,3,4,4,2,4,4,3,2,5,21,5,5,1
616,1,1,2,,,1,,,1,3,9,2,3,4,4,4,9,,4,9,3,3,3,3,3,3,3,5,7,5,4,5,5,5,5,7,9,5,6,1,10,1,10,4,6,4,4,5,5,4,4,7,9,98,4,3,4,4,3,1,1,3,3,1,1,2,2,9,9,9,9,9,9,,9,9,9,2,,,,,,2,9,4,1,1,1,1,1,1,4,4,3,3,2,4,4,4,3,2,2,25,3,5,1
616,1,2,1,,,1,,,1,3,1,1,1,1,1,1,3,,97,,3,3,3,3,3,3,3,10,10,10,10,10,10,10,10,10,10,10,10,2,,2,,7,7,7,7,7,7,7,7,7,7,7,7,4,4,4,3,3,3,3,3,1,3,1,2,1,2,1,1,1,2,1,1,1,,1,2,,,,,4,,3,1,1,1,1,1,1,4,4,4,4,3,4,4,4,3,2,3,47,9,5,1
616,1,2,1,,,1,,,3,3,1,1,3,1,2,1,1,1,9,3,2,2,2,3,1,1,1,9,8,7,5,6,5,4,9,8,10,5,7,1,12,1,96,6,8,5,4,4,2,3,6,9,9,2,3,3,3,3,2,1,1,3,1,1,2,1,2,1,1,2,1,1,2,1,2,1,,1,1,16,1,2,1,2,4,2,1,1,1,1,1,1,3,3,3,4,2,4,3,4,3,1,7,45,4,5,1
616,1,2,1,,,2,,,2,3,1,1,4,4,4,4,1,2,4,2,3,3,3,3,3,1,3,6,8,97,7,97,97,97,97,6,8,97,7,1,10,1,4,97,97,98,98,97,98,98,98,98,98,98,98,3,8,2,1,1,1,3,3,1,2,2,2,1,2,1,1,2,2,2,2,1,,2,2,,,,,1,9,3,2,1,1,1,1,1,3,4,4,4,2,3,4,3,1,2,4,42,5,5,1
616,1,1,2,,,2,,,9,3,1,1,1,5,5,5,3,,96,,,,,,,,,98,98,98,98,98,98,98,7,5,8,98,98,1,4,1,4,8,7,5,8,6,6,6,6,7,8,6,5,3,4,3,2,1,3,1,3,1,1,2,2,2,2,2,2,2,2,,2,2,2,1,,,,,,3,,4,1,1,1,1,1,1,4,3,4,3,3,4,4,4,3,2,6,87,2,5,1
616,2,2,2,2,,1,,,2,3,1,3,1,1,1,4,1,1,16,3,3,3,3,3,1,1,3,10,1,3,5,6,1,8,1,1,2,2,1,1,9,2,,10,4,4,6,3,4,7,1,6,6,3,1,4,4,4,3,1,1,2,3,1,1,2,2,2,1,1,1,1,2,,1,2,,2,,,,,,2,4,3,2,1,1,1,1,1,4,4,4,1,1,4,4,4,3,2,3,22,3,5,2
616,1,1,2,,,2,,,2,2,2,2,2,4,4,4,3,,97,,3,8,2,3,3,2,2,6,8,3,7,6,5,5,5,5,6,6,5,9,,1,96,97,97,97,97,97,97,97,97,97,97,97,97,4,4,4,2,1,1,2,3,2,2,2,2,1,2,1,1,1,2,,1,1,,2,,,,,,3,,2,1,1,1,1,1,1,3,3,4,3,3,3,4,4,3,1,6,65,9,5,1
616,1,2,2,,,2,,,2,3,1,2,2,4,4,4,3,,17,1,2,3,2,2,2,2,2,2,8,5,5,5,2,8,5,5,5,4,8,2,,1,6,2,8,5,5,5,2,5,98,5,5,5,8,3,1,1,1,1,1,1,1,1,1,2,2,1,2,1,1,1,2,,1,1,,2,,,,,,1,3,4,2,9,2,9,2,9,4,4,4,4,1,4,4,4,2,2,2,48,2,5,1
617,2,1,1,2,,1,,,1,1,1,1,1,1,1,1,1,1,16,1,1,1,1,1,1,1,1,1,1,1,1,1,1,1,1,1,1,1,1,1,1,1,1,1,1,1,1,1,1,1,1,1,1,1,1,1,1,1,1,1,1,1,1,1,1,1,1,1,1,1,1,1,1,1,1,1,,1,1,1,1,1,1,1,1,1,1,1,1,1,1,1,1,1,1,1,1,1,1,1,1,1,1,32,1,1,2
617,1,1,2,,,1,,,3,3,1,1,1,4,5,4,3,,17,2,3,2,3,3,1,1,3,8,9,9,6,6,6,6,9,9,9,7,7,1,12,2,,7,8,1,3,5,5,5,5,3,3,97,3,4,4,3,1,1,3,3,3,1,1,1,1,2,2,1,1,1,1,,1,1,,1,,,,,,1,3,2,1,1,1,1,1,1,4,4,3,4,3,3,3,4,3,1,6,27,9,5,1
617,1,2,2,,,2,,,1,3,1,1,1,1,1,1,9,,2,3,1,1,1,1,1,1,1,9,9,9,9,9,9,9,9,9,9,9,9,9,,1,99,5,5,1,1,3,1,3,5,6,6,5,7,4,4,4,2,1,1,3,2,2,2,2,1,9,9,9,9,9,9,,9,9,,1,,,,,,1,1,2,1,1,1,1,1,1,4,4,2,4,4,4,1,4,2,2,6,39,3,5,1
617,1,2,2,,,1,,,2,3,1,1,4,1,1,1,1,1,17,2,1,2,2,3,1,1,2,97,7,97,7,7,97,9,8,8,8,97,8,1,96,2,,7,5,3,1,97,1,1,97,99,99,99,99,4,4,4,9,9,9,9,9,9,9,9,1,2,1,1,1,1,1,,1,1,,1,,,,,,1,1,1,1,1,1,1,1,1,4,4,2,4,2,4,4,4,2,2,6,36,5,5,1
617,1,1,1,,,3,1,,3,3,1,1,3,1,1,1,3,,17,9,3,3,3,3,3,1,3,4,5,3,4,4,98,4,4,5,5,4,4,1,12,1,4,4,6,4,6,5,4,5,4,5,5,4,4,4,4,4,1,3,1,3,3,1,1,2,2,1,2,1,2,1,1,2,1,1,,1,2,,,,,1,4,2,1,1,1,1,1,1,2,3,4,4,3,4,4,4,2,,6,38,3,5,3
617,1,2,1,,,3,2,2,,,,,,,,,,,,,,,,,,,,,,,,,,,,,,,,,,,,,,,,,,,,,,,,,,,,,,,,,,,,9,9,9,9,9,9,9,9,9,9,,,,,,,,,,,,,,,,,,,,,,,,,,3,33,,1,4
617,1,2,2,,,2,,,1,3,1,1,1,2,1,4,1,1,4,2,2,2,2,3,3,2,3,6,7,2,1,3,1,5,7,8,8,7,6,1,9,1,4,4,8,2,1,6,1,5,5,8,9,7,3,2,1,1,2,1,3,2,3,1,1,2,1,1,2,2,1,2,1,,2,2,,1,,,,,,3,,3,2,2,2,2,2,2,4,4,4,1,1,4,1,2,2,2,6,71,1,5,1
617,1,2,2,,,2,,,2,3,1,1,4,4,4,4,1,3,97,,3,8,2,3,1,1,3,4,9,3,3,97,3,4,5,5,7,5,5,2,,1,4,4,8,4,4,4,4,5,4,6,7,5,5,2,3,2,1,1,2,3,1,2,1,1,1,2,1,1,1,1,2,,1,1,,1,,,,,,2,3,2,1,1,1,1,1,1,4,4,4,4,1,4,4,4,3,2,1,21,9,2,4
617,1,2,1,,,3,2,2,,,,,,,,,,,,,,,,,,,,,,,,,,,,,,,,,,,,,,,,,,,,,,,,,,,,,,,,,,,,9,9,9,9,9,9,9,9,9,9,,,,,,,,,,,,,,,,,,,,,,,,,,3,18,,4,4
617,1,1,1,,,1,,,2,1,1,3,1,1,1,1,1,1,97,,1,1,1,1,1,1,3,6,5,97,4,7,6,7,4,4,4,3,5,8,,2,,3,8,3,4,4,4,3,6,8,8,7,7,4,4,4,1,1,1,2,2,1,1,2,1,9,1,1,1,9,2,2,1,1,,1,9,,,,,1,1,3,1,1,1,1,1,1,3,4,4,4,2,4,4,4,2,2,6,50,5,5,2
617,1,1,2,,,2,,,1,3,1,2,3,3,1,3,3,,9,2,2,2,2,3,1,3,2,6,9,8,4,6,3,2,8,7,8,9,5,1,8,1,7,5,9,1,1,5,2,1,2,4,5,3,1,3,1,2,1,1,1,2,3,2,3,1,1,2,1,1,1,1,2,,1,2,,1,,,,,,1,1,1,1,1,1,1,1,1,4,4,4,4,1,4,4,4,1,2,5,21,4,5,1
617,1,2,2,,,2,,,9,3,1,3,9,4,4,4,3,,97,,3,3,3,3,3,3,3,97,98,97,97,97,98,97,97,97,97,97,97,2,,1,4,97,97,97,97,97,97,97,97,97,97,97,97,4,3,4,2,1,1,3,2,1,2,2,1,2,2,1,1,1,1,,1,1,,1,,,,,,2,4,2,1,1,1,1,1,1,4,4,4,4,4,4,4,4,2,1,6,35,7,5,1
617,3,1,1,,1,2,,,1,2,2,2,2,2,5,5,1,2,96,,,,,,,,,3,1,2,1,7,5,5,1,7,2,5,2,1,3,2,,6,6,6,1,2,2,5,1,6,1,6,1,4,1,2,3,2,1,3,1,2,1,1,1,1,1,1,2,9,2,2,9,1,,1,1,5,3,2,2,2,1,1,1,2,9,1,2,1,1,4,2,1,1,4,1,1,1,1,3,46,3,1,4
617,1,1,1,,,2,,,9,3,3,1,4,1,1,1,1,9,9,9,1,1,1,3,1,2,2,4,5,2,5,5,2,2,1,2,2,2,2,1,96,1,96,5,10,2,97,2,2,5,9,8,8,8,8,4,4,4,1,1,1,9,1,3,1,1,1,2,1,1,1,1,1,1,1,1,,1,1,5,1,9,1,1,1,4,1,1,1,1,1,1,4,4,4,4,1,4,4,4,3,2,6,45,7,5,2
617,1,2,2,,,3,3,2,,,,,,,,,,,,,,,,,,,,,,,,,,,,,,,,,,,,,,,,,,,,,,,,,,,,,,,,,,,,9,9,9,9,9,9,,9,9,9,,,,,,,,,,,,,,,,,,,,,,,,,,6,28,,5,1
617,1,1,2,,,2,,,1,2,2,9,4,1,1,4,1,9,97,,2,1,1,9,1,3,8,1,6,1,1,2,7,1,2,5,4,8,1,2,,8,,8,9,1,1,4,1,2,7,1,1,5,1,1,8,4,1,1,1,1,1,9,3,2,2,1,1,1,1,9,2,,2,2,,1,,,,,,1,3,1,1,1,1,1,1,1,2,4,4,1,1,1,4,2,2,2,7,56,6,5,1
617,1,2,2,,,2,,,2,2,1,2,3,4,4,4,1,2,97,,3,3,3,3,3,3,3,6,8,8,5,5,6,6,97,7,7,6,5,2,,8,,4,6,7,4,5,5,5,97,6,6,5,5,4,2,3,1,1,2,2,2,2,1,2,1,2,2,1,1,2,2,,1,1,,2,,,,,,3,,3,2,2,2,2,2,2,3,1,3,2,1,4,2,4,2,1,6,75,4,5,1
617,1,1,2,,,2,,,1,2,1,2,2,4,3,3,9,,17,3,3,8,3,3,3,3,3,5,5,5,5,5,5,5,5,5,5,1,5,2,,2,,5,5,5,5,5,5,5,5,5,5,5,5,3,3,3,3,1,3,3,3,3,2,1,9,9,9,9,9,9,9,,9,9,,1,,,,,,6,,2,1,1,1,1,1,1,4,4,4,4,4,4,4,4,3,9,6,99,9,5,9
617,1,2,2,,,2,,,1,3,1,3,4,4,4,4,1,2,2,2,3,3,3,3,1,3,3,9,8,7,7,9,8,10,9,9,9,9,9,1,10,1,7,6,8,6,5,6,6,6,8,6,7,7,7,4,4,4,1,1,1,2,1,2,2,1,1,2,1,1,1,1,2,,1,1,,1,,,,,,1,3,2,1,1,1,1,1,1,4,4,4,4,3,4,4,4,2,2,4,21,3,5,1
617,1,2,2,,,1,,,3,1,9,2,3,3,1,1,2,,98,,3,2,9,3,8,1,3,7,7,2,3,2,2,2,1,8,1,8,1,8,,9,,2,6,8,1,4,1,1,9,1,8,1,8,1,1,1,2,2,2,2,2,2,3,2,9,2,1,9,1,1,2,,2,2,,2,,,,,,2,1,1,2,2,2,2,2,2,3,2,2,2,3,1,2,2,2,2,3,39,3,5,1
617,1,1,1,,,1,,,2,1,1,2,4,4,4,4,1,3,13,9,3,3,3,3,3,3,3,6,6,6,6,6,7,6,6,6,6,6,6,2,,2,,6,6,6,6,6,6,6,6,6,6,6,6,4,4,4,2,2,3,3,3,3,3,2,2,2,2,1,1,2,2,1,1,1,,1,1,7,1,3,3,1,9,2,9,9,9,9,9,9,4,4,4,4,4,4,4,4,3,2,3,29,3,5,1
617,1,1,2,,,3,1,,3,3,1,1,4,4,4,4,1,3,17,1,3,1,3,3,1,3,3,8,8,8,7,7,2,5,7,8,8,7,8,1,10,1,6,5,8,3,4,7,98,98,6,98,7,98,5,4,3,3,2,1,1,3,3,1,1,1,2,1,2,1,1,2,2,,1,1,,1,,,,,,1,4,4,1,1,1,1,1,1,4,4,4,4,2,4,4,4,3,,5,37,2,5,1
618,1,2,2,,,1,,,1,3,1,1,1,4,4,4,3,,4,2,3,3,3,3,3,3,3,5,5,5,5,5,5,5,5,5,5,6,5,2,,2,,98,6,3,4,4,4,98,7,4,5,98,4,4,4,4,1,3,1,1,2,1,2,2,2,2,1,2,1,2,1,,1,1,,1,,,,,,1,1,1,1,1,1,1,1,1,4,4,4,3,3,4,4,4,1,2,6,38,6,5,1
618,1,1,2,,,1,,,3,3,1,1,4,1,1,1,1,3,11,2,3,1,8,3,1,1,1,10,10,10,10,10,10,10,10,10,10,10,10,2,,2,,5,8,4,5,7,1,6,8,8,6,6,5,4,4,4,2,1,1,3,1,1,2,2,1,2,1,2,1,1,2,,1,1,,1,,,,,,1,1,3,1,1,1,1,1,1,3,4,4,4,4,3,4,4,3,2,5,97,3,5,1
618,1,1,1,,,1,,,2,1,1,1,2,2,2,4,1,2,4,2,2,2,2,3,2,2,2,10,10,10,10,10,10,10,10,10,10,10,10,1,9,1,4,2,7,4,2,97,3,3,97,97,97,97,8,4,3,4,2,1,1,1,3,1,2,2,1,2,2,2,2,1,1,2,2,2,,1,9,,,,,1,4,3,1,1,1,1,1,1,3,2,3,3,3,4,4,4,3,2,6,50,4,5,1
618,1,1,2,,,2,,,2,3,1,2,4,4,4,4,1,1,3,1,3,3,3,2,3,2,3,98,98,2,98,98,98,98,2,98,98,98,2,1,2,1,12,97,8,4,4,6,3,5,5,3,6,97,2,2,4,3,9,1,1,1,2,9,1,2,1,2,1,1,1,2,2,,1,1,,2,,,,,,2,1,3,9,9,9,9,9,9,4,4,4,4,4,4,4,4,1,1,7,43,3,4,4
619,1,2,1,,,1,,,2,3,1,1,3,2,2,4,3,,4,9,2,8,3,3,3,2,1,97,97,7,2,6,97,97,5,7,7,10,7,1,9,1,4,97,97,97,1,97,2,5,97,7,7,4,97,2,3,3,2,2,2,1,2,2,2,1,9,9,2,1,2,9,2,2,9,1,,1,9,,,,,4,,3,1,1,1,1,1,1,4,4,1,2,2,4,4,4,3,2,5,31,8,5,1
619,1,2,2,,,1,,,2,3,1,1,2,2,5,5,1,1,96,,,,,,,,,10,10,6,4,4,6,10,10,10,10,8,6,2,,1,96,8,6,6,3,6,6,6,8,98,6,8,8,4,4,4,1,1,3,3,3,1,2,1,1,1,1,1,2,1,1,,1,1,,1,,,,,,2,2,3,1,1,1,1,1,1,1,4,1,4,4,4,4,4,3,2,7,50,4,5,1
619,1,1,2,,,2,,,2,3,1,9,1,1,1,1,1,1,4,2,8,8,8,8,8,8,8,8,7,5,6,6,8,9,5,5,5,7,7,1,9,2,,2,5,97,5,2,7,5,97,6,6,97,5,4,4,4,2,1,3,3,3,3,3,1,1,9,1,2,9,2,2,,1,1,,2,,,,,,1,9,2,2,1,2,9,9,9,4,4,4,4,1,4,4,4,3,2,6,25,3,2,4
619,1,2,1,,,3,3,1,1,1,1,1,2,3,2,2,2,,4,3,2,2,2,3,3,2,3,1,1,97,5,97,1,1,97,97,97,97,97,2,,1,4,97,97,97,1,1,1,97,97,97,97,97,97,8,1,4,1,1,1,1,3,1,2,2,1,2,2,2,2,2,2,2,2,1,,2,9,,,,,1,3,2,1,1,1,1,1,1,4,4,4,4,2,4,4,4,9,,6,40,3,2,2
619,1,2,2,,,2,,,2,3,1,1,4,4,4,4,1,1,9,2,2,3,2,3,3,1,3,97,98,5,3,3,97,97,97,97,97,5,5,2,,2,,8,8,8,8,8,8,8,8,8,8,8,8,4,4,4,2,1,1,1,3,1,1,2,1,1,1,1,1,2,2,,1,1,,1,,,,,,1,1,2,1,1,1,1,1,1,4,4,4,4,3,4,4,4,2,1,7,54,7,5,1
619,1,1,2,,,3,2,2,,,,,,,,,,,,,,,,,,,,,,,,,,,,,,,,,,,,,,,,,,,,,,,,,,,,,,,,,,,,9,9,9,9,9,9,,9,9,9,,,,,,,,,,,,,,,,,,,,,,,,,,3,50,,1,4
619,1,1,2,,,2,,,1,1,1,1,4,4,4,4,1,3,9,2,3,3,2,3,3,3,3,9,8,97,98,98,97,99,98,98,98,98,98,2,,2,,9,10,6,3,4,4,4,97,7,8,8,7,4,4,4,1,1,1,2,2,2,3,2,2,2,1,1,1,1,2,,1,1,,2,,,,,,1,3,1,1,1,1,1,1,1,4,3,4,3,3,4,4,4,2,2,7,50,6,5,1
619,1,1,2,,,2,,,2,1,1,2,3,4,4,4,1,1,4,1,3,3,1,1,3,2,2,6,10,6,4,6,6,97,8,10,10,4,6,1,96,1,4,7,9,8,5,4,4,6,7,10,10,5,5,2,8,2,2,2,2,2,3,2,2,2,2,2,1,1,1,1,1,,1,1,,2,,,,,,4,,2,2,2,2,2,2,2,4,4,3,4,1,4,4,4,1,1,3,99,2,5,1
619,1,2,1,,,2,,,2,3,3,9,3,3,3,3,3,,4,3,8,3,2,2,1,3,8,5,98,97,4,97,98,97,4,5,5,3,4,8,,1,4,7,9,7,5,97,97,6,98,8,8,7,5,1,1,3,2,2,1,1,2,1,2,1,2,2,1,1,1,2,2,2,1,1,,2,2,,,,,4,,3,1,1,1,1,1,1,4,4,2,1,1,3,4,4,3,2,3,31,3,5,1
619,1,2,2,,,2,,,1,3,1,1,4,2,2,4,1,1,4,2,3,2,3,2,3,3,3,5,97,97,2,5,97,97,97,6,7,6,6,2,,2,,5,97,97,4,3,97,97,97,6,6,5,97,4,4,4,3,1,2,3,3,3,3,2,2,1,1,2,1,2,2,,1,1,,2,,,,,,1,4,2,1,1,1,1,1,1,4,2,4,4,4,2,4,4,2,2,5,22,6,5,1
619,1,2,2,,,1,,,3,3,1,1,3,4,4,4,1,1,9,3,3,3,3,2,1,2,3,8,8,7,9,9,9,8,7,7,7,9,7,1,10,2,,7,9,5,7,8,5,4,7,8,8,8,6,4,4,3,1,2,1,2,3,1,1,1,2,1,2,1,1,2,1,,1,1,,1,,,,,,4,,3,1,1,1,1,1,1,4,4,3,3,2,3,3,4,9,1,5,19,2,5,1
619,1,1,2,,,3,2,2,,,,,,,,,,,,,,,,,,,,,,,,,,,,,,,,,,,,,,,,,,,,,,,,,,,,,,,,,,,,9,9,9,9,9,9,,9,9,9,,,,,,,,,,,,,,,,,,,,,,,,,,5,19,,5,3
619,1,1,2,,,2,,,2,3,2,2,2,2,2,4,3,,13,2,3,2,3,3,3,3,3,5,5,5,5,5,5,5,5,5,5,5,5,2,,1,4,5,5,5,5,5,5,5,5,5,5,5,5,4,4,4,3,1,2,3,1,3,3,2,1,2,1,1,1,1,1,,1,1,,1,,,,,,3,,2,1,1,1,1,1,1,4,4,4,4,4,4,4,4,3,1,7,59,5,5,3
619,1,1,2,,,1,,,1,2,1,1,4,4,4,4,3,,4,2,3,8,2,3,3,8,3,7,98,7,7,98,98,98,98,7,7,7,98,2,,2,,6,5,5,6,6,98,98,98,98,98,98,6,3,3,4,1,1,3,9,3,3,1,2,9,2,2,1,1,2,2,,1,1,,1,,,,,,1,1,2,1,1,1,1,1,1,3,4,4,4,2,4,4,4,1,2,6,98,9,5,9
619,3,1,1,,1,1,,,3,1,1,2,3,2,4,4,3,,4,3,3,3,2,2,3,1,3,97,10,8,9,8,8,8,8,9,8,97,8,2,,2,,97,9,5,5,5,9,5,9,9,9,97,9,4,4,4,2,1,2,1,3,1,2,2,1,1,1,1,1,2,2,1,1,1,,2,1,4,3,3,1,2,1,4,2,2,2,2,2,2,4,4,4,4,4,4,4,4,1,1,3,40,9,1,4
619,1,2,2,,,2,,,1,3,3,3,9,2,2,2,2,,9,2,2,2,2,2,1,2,3,8,5,5,1,10,5,5,7,5,5,5,5,2,,1,4,7,5,5,1,5,5,5,5,5,5,5,5,4,4,4,3,1,2,2,2,1,2,1,1,2,2,1,1,1,1,,1,1,,1,,,,,,5,,2,1,1,1,1,1,1,4,4,4,4,1,4,3,4,9,2,5,22,4,1,1
619,1,1,2,,,2,,,2,1,2,2,2,9,1,4,1,1,4,2,3,3,2,3,1,2,2,1,3,1,1,1,1,1,97,1,1,1,1,1,2,1,4,97,97,97,97,97,97,97,97,97,97,97,97,1,1,1,1,1,1,3,1,1,1,2,2,1,2,9,1,2,1,,1,2,,2,,,,,,3,,2,2,2,2,2,2,2,4,4,4,2,1,4,3,4,1,2,6,74,9,5,3
619,1,2,2,,,2,,,2,9,2,2,2,2,2,4,1,1,4,2,2,2,2,2,3,2,3,4,5,3,4,4,4,3,4,5,5,5,5,2,,1,4,5,7,5,4,4,4,4,5,5,5,4,5,2,2,1,1,1,1,2,2,1,2,2,2,9,2,1,1,2,1,,1,1,,2,,,,,,1,3,2,2,2,2,2,2,2,2,4,2,2,2,4,2,2,2,2,6,45,4,5,1
630,1,1,1,,,1,,,1,3,1,2,2,4,4,4,1,1,10,9,2,2,2,3,3,3,3,7,97,98,7,97,2,2,1,8,7,7,4,2,,1,8,5,8,3,3,3,3,3,98,3,3,3,3,3,3,3,2,1,3,2,3,3,2,2,2,1,2,1,1,1,2,1,1,1,,9,2,,,,,1,4,2,1,1,1,1,1,1,3,2,2,3,3,4,4,3,1,2,3,36,7,5,1
630,1,2,2,,,2,,,3,3,1,1,4,4,4,4,9,,4,2,3,3,3,3,1,3,3,6,6,7,6,7,97,6,8,5,5,6,6,1,8,2,,4,8,4,2,5,2,4,5,5,2,3,3,4,4,4,3,1,1,3,1,2,2,1,9,2,1,1,1,2,1,,1,1,,1,,,,,,1,4,2,1,1,1,1,1,1,3,4,4,3,2,4,4,4,2,2,7,37,4,5,1
630,1,1,2,,,1,,,3,3,1,2,1,1,1,4,1,2,10,3,1,1,3,3,1,1,1,9,9,9,9,9,6,6,9,9,9,9,9,1,9,1,6,2,9,3,2,2,1,1,2,4,4,2,2,4,4,4,2,3,3,3,3,2,2,1,1,1,1,1,1,1,2,,1,1,,1,,,,,,2,4,2,1,1,1,1,1,1,4,4,4,3,2,4,4,4,3,2,6,35,4,5,4
630,1,2,1,,,1,,,3,3,3,2,2,2,4,4,1,2,17,3,3,3,3,2,3,3,3,5,5,1,2,3,5,3,3,3,3,2,2,8,,2,,4,3,1,1,97,1,3,3,5,5,4,3,2,1,2,2,1,1,2,2,2,1,2,1,1,2,1,1,1,1,1,1,1,,1,2,,,,,1,1,3,1,1,1,1,1,1,3,4,4,2,3,4,4,4,3,2,5,44,4,5,1
630,1,2,2,,,2,,,1,2,1,2,2,2,2,3,1,1,10,2,2,2,3,2,2,2,3,9,1,1,1,1,1,1,1,1,1,1,1,2,,2,,8,8,97,5,97,97,8,8,97,8,97,3,3,3,4,2,1,1,1,2,1,1,2,2,2,2,1,1,1,2,,2,1,,2,,,,,,4,,2,2,2,2,2,2,2,4,4,4,3,1,4,4,4,3,2,5,49,9,4,1
630,1,2,2,,,1,,,1,1,1,1,4,4,4,4,3,,4,2,1,3,3,3,1,1,3,7,6,4,5,4,4,6,5,7,5,7,5,2,,1,6,3,7,3,3,2,1,3,3,3,4,4,2,4,4,4,1,1,1,2,1,1,1,1,9,2,2,1,1,2,2,,1,1,,1,,,,,,2,1,1,1,1,1,1,1,1,4,4,4,4,4,4,4,4,2,2,3,50,6,5,1
630,1,2,2,,,1,,,1,1,1,3,4,4,4,4,1,3,97,,1,3,3,3,1,3,3,9,9,9,9,9,9,9,9,9,9,9,9,2,,2,,97,97,97,97,97,97,97,97,97,97,97,97,4,4,4,3,3,3,9,3,3,9,2,1,2,2,1,9,1,2,,9,1,,2,,,,,,3,,2,1,1,1,1,1,1,4,3,4,4,3,4,4,4,3,1,3,75,3,5,1
630,1,1,2,,,3,3,2,,,,,,,,,,,,,,,,,,,,,,,,,,,,,,,,,,,,,,,,,,,,,,,,,,,,,,,,,,,,9,9,9,9,9,9,,9,9,9,,,,,,,,,,,,,,,,,,,,,,,,,,6,33,,5,1
630,3,1,2,,4,1,,,2,1,2,2,4,4,4,4,3,,4,3,3,1,2,1,1,8,8,7,8,2,5,4,5,8,3,6,5,9,2,1,2,1,4,5,6,2,2,5,10,5,3,2,4,4,6,1,4,4,1,1,1,1,3,3,3,1,2,9,9,9,9,9,9,,9,9,,2,,,,,,1,3,1,1,1,1,1,1,1,4,4,3,4,2,4,4,4,3,2,5,45,7,4,4
701,1,2,2,,,1,,,2,3,2,2,3,4,4,4,3,,2,3,8,2,8,2,3,8,8,5,7,10,5,6,8,3,3,6,6,4,2,1,10,8,,8,6,5,1,7,3,2,4,3,7,8,2,2,2,1,1,1,1,2,1,1,1,2,2,2,1,9,1,1,2,,1,1,,1,,,,,,2,4,4,2,2,2,2,2,2,4,4,4,4,4,4,4,4,9,2,5,99,9,5,1
701,1,1,2,,,1,,,2,1,2,2,2,2,2,2,3,,97,,2,2,2,2,2,2,2,8,98,98,9,8,9,98,98,98,8,98,8,2,,1,4,6,8,6,8,6,8,7,98,8,8,98,6,2,1,1,3,1,1,1,1,2,1,2,2,1,2,1,1,1,2,,1,1,,2,,,,,,4,,4,2,2,2,2,2,2,2,2,3,2,8,2,2,8,2,1,3,99,2,5,1
701,1,1,2,,,2,,,9,1,2,2,9,5,5,5,3,,96,,,,,,,,,97,10,5,97,10,10,5,4,5,5,5,5,8,,8,,4,8,4,5,5,4,3,97,5,5,5,4,4,8,3,3,1,1,1,2,2,3,2,2,2,2,2,2,2,2,,2,2,2,2,,,,,,1,4,3,2,2,2,2,9,2,2,3,3,4,3,4,4,3,1,1,2,82,1,5,1
702,1,1,2,,,2,,,2,3,1,2,2,4,4,4,1,2,9,2,3,3,2,3,1,3,3,6,10,8,6,10,10,10,8,8,8,8,6,1,2,1,1,7,10,8,10,8,4,7,97,6,8,6,5,2,4,3,1,1,1,1,3,1,1,2,2,2,2,1,1,2,2,,1,1,,1,,,,,,3,,2,1,1,9,1,1,1,3,4,4,2,1,4,4,4,2,2,5,65,4,5,1
702,3,1,1,,4,1,,,3,3,1,1,1,1,1,1,3,,9,2,2,1,1,2,1,1,1,7,7,4,8,7,8,8,5,7,7,2,5,1,9,2,,8,6,5,8,7,8,7,5,7,8,4,7,3,4,3,3,2,3,3,3,1,3,1,1,2,1,1,1,1,2,1,1,1,,1,1,4,1,1,1,1,1,3,1,1,1,1,1,1,4,2,3,2,1,3,3,4,3,1,5,19,8,4,1
702,1,2,2,,,3,3,2,,,,,,,,,,,,,,,,,,,,,,,,,,,,,,,,,,,,,,,,,,,,,,,,,,,,,,,,,,,,9,9,9,9,9,9,,9,9,9,,,,,,,,,,,,,,,,,,,,,,,,,,1,44,,4,2
702,1,1,2,,,2,,,2,1,1,2,9,4,2,4,1,1,9,2,2,2,2,3,8,3,3,7,9,3,5,3,8,2,8,7,4,7,6,1,96,1,4,7,7,4,2,5,7,2,10,8,4,97,7,4,2,4,9,1,3,1,3,1,1,1,2,2,2,2,2,1,1,,2,2,,1,,,,,,3,,2,1,1,1,1,1,1,2,4,4,4,1,4,4,4,3,1,6,72,5,5,1
702,1,1,2,,,2,,,2,1,2,2,4,2,2,2,1,1,9,2,3,8,3,3,1,1,3,1,8,3,5,5,5,6,4,1,1,1,1,2,,2,,8,6,6,5,5,5,5,5,5,5,4,5,4,4,1,1,1,1,2,2,3,2,2,1,9,2,1,1,1,1,,1,1,,1,,,,,,1,3,1,2,1,9,1,1,1,4,4,4,3,1,4,4,4,3,2,5,23,4,5,4
702,1,1,1,,,2,,,1,3,1,2,3,1,1,4,1,2,4,2,3,2,1,3,1,1,3,4,4,5,4,5,1,7,4,6,7,4,5,2,,1,4,4,6,3,5,5,2,3,3,4,5,4,4,3,2,2,2,2,1,2,2,1,2,2,2,1,1,1,1,2,1,1,1,1,,1,1,4,2,2,1,1,3,2,9,9,9,9,9,9,2,3,3,1,1,3,2,3,1,2,3,44,6,5,1
702,1,1,2,,,2,,,1,3,3,3,9,1,1,4,1,1,4,3,1,2,2,3,2,2,3,5,9,4,5,8,1,9,5,8,8,6,4,1,1,1,4,4,8,1,4,2,1,8,3,10,10,8,2,3,2,3,1,1,2,1,1,2,1,1,1,9,9,9,9,9,9,,9,9,,1,,,,,,1,1,3,2,1,1,1,1,1,2,4,4,3,4,4,4,4,3,2,3,20,4,5,1
702,1,2,2,,,2,,,2,3,1,1,1,9,4,4,9,,4,2,8,8,3,3,8,8,8,98,5,5,6,6,98,98,98,8,8,8,4,1,10,1,4,6,8,4,2,6,6,6,98,8,8,8,4,4,1,1,1,9,3,3,3,1,1,2,2,1,2,2,1,2,2,,2,1,,2,,,,,,2,9,3,1,1,1,1,1,1,4,4,4,4,1,2,4,4,1,2,4,75,6,5,1
703,1,1,2,,,2,,,1,3,1,1,1,2,4,3,1,1,8,9,2,8,3,3,1,3,8,97,8,6,97,5,3,5,8,97,97,5,10,8,,8,,98,98,98,97,98,98,98,98,98,98,98,98,4,4,4,3,2,1,1,3,1,3,2,1,1,1,1,1,1,1,,1,1,,1,,,,,,1,1,1,9,9,9,9,9,9,4,4,4,4,1,4,4,4,1,2,3,50,9,5,1
703,1,1,2,,,1,,,1,3,1,1,1,4,4,4,1,1,9,2,3,3,3,3,3,3,3,7,8,7,7,7,7,7,8,8,8,7,8,2,,1,12,7,7,7,7,7,7,7,7,7,7,7,7,4,4,4,1,1,1,1,1,1,1,1,2,9,9,9,9,9,9,,9,9,,1,,,,,,1,1,1,1,1,1,1,1,1,1,1,1,1,1,1,1,1,3,1,6,40,9,5,1
703,1,1,2,,,1,,,2,1,1,1,1,1,1,1,1,2,9,3,3,8,3,3,3,3,3,8,8,8,8,8,8,8,8,8,8,8,8,8,,8,,8,8,8,8,8,8,8,8,8,8,8,8,4,4,4,1,9,1,1,3,1,3,2,2,2,2,1,1,2,2,,1,1,,2,,,,,,3,,3,1,1,1,1,1,1,8,8,4,2,3,4,4,4,2,2,3,63,3,5,1
703,1,2,2,,,1,,,9,3,2,2,2,1,1,1,3,,9,3,3,8,3,2,3,2,3,10,98,10,10,10,10,10,10,7,7,8,7,2,,2,,1,10,97,5,8,4,4,97,97,97,97,97,4,4,4,3,3,1,3,3,3,3,2,1,2,1,1,1,1,2,,1,1,,1,,,,,,1,9,4,1,1,1,1,1,1,4,4,4,3,1,4,4,4,2,2,5,20,2,5,2
703,1,1,2,,,2,,,1,3,1,1,2,2,2,2,1,1,9,2,2,2,2,2,1,2,3,1,8,5,2,4,2,3,2,5,7,3,3,1,2,1,5,1,8,2,2,3,2,3,2,5,7,4,2,1,1,1,1,1,2,2,1,2,1,2,1,1,2,1,1,1,1,,1,1,,1,,,,,,3,,1,2,2,1,1,1,2,4,4,4,4,1,4,4,4,1,2,7,97,9,5,1
703,3,2,1,,4,1,,,1,3,1,1,1,1,1,1,1,2,97,,1,1,1,1,1,1,1,7,8,7,7,7,7,9,8,8,8,8,9,2,,2,,7,8,6,3,6,6,4,6,9,9,4,6,4,4,4,1,1,1,2,2,2,1,1,1,2,2,1,1,2,2,1,1,1,,1,1,9,1,3,1,1,4,2,1,1,1,1,1,1,2,1,4,4,1,3,2,1,2,1,3,29,9,4,4
703,1,1,2,,,2,,,2,1,1,1,1,4,1,1,1,2,17,1,1,1,2,1,1,1,3,9,10,3,8,7,2,5,7,10,3,6,7,1,8,1,6,5,9,5,4,8,1,5,9,10,1,8,2,2,2,1,1,1,2,1,1,2,1,1,1,1,1,1,1,1,1,,1,1,,1,,,,,,1,1,4,2,9,9,2,2,1,4,4,4,4,1,4,4,4,1,2,1,20,2,5,1
703,1,1,2,,,2,,,2,1,2,2,4,3,3,4,1,1,9,9,3,2,2,3,8,2,2,8,9,9,3,3,97,6,7,7,8,7,7,1,2,1,6,8,8,4,3,6,3,7,5,6,8,6,5,2,2,4,1,1,1,3,9,1,1,2,1,2,2,1,2,2,2,,2,1,,2,,,,,,3,,2,1,1,1,9,1,9,4,2,4,3,2,4,2,4,9,2,5,78,5,5,1
703,1,2,2,,,1,,,3,3,1,1,4,4,4,4,3,,97,,3,3,3,3,3,3,3,7,5,5,6,8,4,7,7,5,97,7,7,2,,2,,6,7,5,3,6,5,6,6,8,8,7,5,4,4,4,2,2,3,2,3,1,2,2,2,2,2,2,2,2,2,,1,1,,1,,,,,,4,,3,1,1,1,1,1,1,4,4,4,4,4,4,4,4,3,1,3,22,8,5,2
703,1,2,2,,,3,3,9,,,,,,,,,,,,,,,,,,,,,,,,,,,,,,,,,,,,,,,,,,,,,,,,,,,,,,,,,,,,9,9,9,9,9,9,,9,9,9,,,,,,,,,,,,,,,,,,,,,,,,,,3,22,,4,2
703,1,1,2,,,2,,,1,3,1,1,4,4,4,4,1,1,9,2,3,3,3,3,1,1,3,8,7,8,8,8,8,6,7,7,8,9,9,1,12,2,,2,6,2,4,2,4,1,5,5,4,5,2,3,3,3,2,1,1,2,1,2,3,2,2,2,1,1,1,2,1,,1,1,,1,,,,,,1,1,2,1,1,1,1,1,1,4,4,4,4,3,3,4,4,2,2,6,31,2,5,1
703,1,2,2,,,2,,,1,2,1,1,3,4,4,4,3,,18,3,3,3,3,3,3,3,3,6,7,6,6,6,6,6,6,6,7,7,6,2,,2,,4,7,4,4,4,4,5,5,6,5,5,4,4,4,4,1,1,1,1,2,2,2,1,9,1,1,2,1,1,2,,1,1,,1,,,,,,1,1,3,1,1,1,1,1,1,4,4,4,4,3,4,4,4,1,2,7,23,9,5,1
703,1,1,2,,,2,,,2,3,2,2,2,2,2,2,1,2,4,2,2,2,2,2,2,2,2,9,5,4,5,8,4,8,8,4,3,1,1,2,,1,10,9,5,1,3,6,1,9,9,5,9,1,1,1,1,4,3,1,1,1,3,3,2,2,1,2,2,1,1,2,2,,1,1,,2,,,,,,4,,2,1,1,1,1,1,1,4,4,4,1,1,2,4,4,2,2,5,43,4,5,2
704,2,2,2,2,,2,,,2,1,1,2,9,9,4,4,3,,99,,3,3,3,3,3,3,8,4,97,97,2,97,97,97,97,5,5,4,3,8,,8,,1,4,1,1,1,1,1,97,3,5,3,3,2,2,2,1,1,1,3,3,1,1,2,2,2,2,2,1,2,2,,1,2,,1,,,,,,3,,2,1,1,1,1,1,1,4,4,2,2,2,4,4,4,2,2,6,59,4,5,2
704,1,1,2,,,1,,,1,3,1,1,4,4,4,4,1,1,4,2,3,8,3,3,3,3,8,98,97,5,5,6,97,5,6,8,8,98,97,1,10,2,,2,7,4,2,2,2,1,4,6,7,4,3,4,4,4,3,1,1,3,3,3,3,2,2,2,2,1,1,2,2,,1,1,,2,,,,,,4,,3,1,1,1,1,1,1,4,4,4,4,2,4,4,4,3,2,6,41,3,5,1
704,1,2,2,,,1,,,2,3,2,2,2,2,2,4,2,,97,,1,3,3,1,3,1,3,9,7,4,5,6,4,10,6,4,4,5,5,2,,2,,10,5,2,6,4,4,9,5,4,4,1,4,2,2,2,2,1,1,2,2,2,1,2,9,2,2,2,2,2,1,,2,1,,1,,,,,,4,,2,2,2,2,2,1,1,2,3,4,4,2,4,8,1,1,2,2,18,7,5,2
704,1,1,2,,,1,,,2,2,1,2,2,2,4,3,1,1,4,2,3,2,2,2,3,2,3,1,7,1,4,3,1,1,1,6,6,6,4,1,10,1,7,8,5,7,7,5,10,6,3,3,8,97,5,1,4,1,1,1,1,3,1,3,3,2,1,2,9,1,1,2,2,,1,1,,2,,,,,,3,,3,2,2,2,1,2,1,1,1,4,2,1,2,4,4,2,2,2,77,2,5,1
704,1,2,1,,,2,,,1,3,1,1,4,1,1,1,1,2,9,2,3,3,1,3,1,1,3,7,6,7,6,6,2,3,8,9,9,9,8,1,12,1,7,6,8,2,3,4,5,5,2,6,6,6,4,4,2,4,2,2,1,1,1,2,3,2,2,1,2,1,1,2,2,2,1,1,,1,2,,,,,4,,2,1,1,1,1,1,1,2,2,2,4,2,2,4,4,1,2,5,38,5,5,1
704,2,2,2,2,,2,,,3,3,3,2,4,4,4,4,1,9,4,9,3,3,3,3,1,3,2,97,97,97,97,97,97,97,97,97,97,97,97,2,,2,,3,9,2,4,5,97,1,97,8,8,97,5,4,4,4,1,2,2,2,1,1,2,1,9,1,2,1,1,2,2,,1,1,,2,,,,,,1,9,2,1,1,1,1,1,1,4,4,3,4,2,4,3,4,2,2,5,29,4,5,2
704,1,1,2,,,2,,,2,3,1,1,1,4,4,4,3,,9,3,3,1,3,3,3,1,3,5,5,5,5,5,5,5,5,5,5,5,5,1,2,8,,5,6,5,5,5,5,5,5,5,5,5,5,4,4,4,3,3,2,3,3,3,3,2,2,2,2,1,1,1,2,,1,1,,2,,,,,,3,,3,9,9,9,9,9,9,8,4,4,4,2,3,2,4,3,1,6,65,3,5,1
704,1,1,2,,,1,,,2,1,2,2,3,4,5,5,2,,98,,8,8,8,3,8,8,9,97,97,97,97,97,97,97,97,98,97,97,97,8,,2,,98,98,98,98,98,98,98,98,98,98,98,98,8,1,8,3,1,3,1,3,1,3,2,2,2,2,2,2,2,2,,2,2,2,2,,,,,,9,,9,2,2,2,2,2,2,4,4,8,4,1,4,4,4,9,2,2,57,8,5,1
704,1,1,2,,,2,,,3,3,1,1,3,4,4,4,1,2,4,2,3,3,3,3,8,3,3,10,10,10,10,10,10,10,10,10,10,98,10,1,6,1,7,10,10,4,8,7,10,5,4,6,6,5,5,4,4,3,3,1,2,3,2,1,1,2,2,2,2,1,1,1,1,,1,1,,2,,,,,,5,,2,2,1,1,1,1,1,4,3,4,4,4,4,4,3,2,2,3,43,3,5,1
704,1,2,1,,,2,,,2,3,1,2,9,4,4,4,3,,9,2,3,3,3,3,3,1,3,5,5,5,5,5,5,5,5,5,5,5,5,2,,2,,3,3,3,3,3,3,3,3,3,3,3,3,1,1,1,2,1,2,2,2,1,2,2,2,2,2,2,2,2,2,2,2,2,2,2,2,,,,,1,1,3,2,2,2,2,2,2,4,4,4,4,4,4,4,4,3,2,7,42,5,5,1
704,1,1,1,,,1,,,1,1,1,1,1,1,1,1,1,1,17,1,1,1,1,1,1,1,1,1,1,1,1,1,1,1,1,1,1,1,1,1,1,1,1,1,1,1,1,1,1,1,1,1,1,1,1,1,1,1,1,1,1,1,1,1,1,1,1,1,1,1,1,1,1,1,1,1,,1,1,1,1,1,1,1,1,1,1,1,1,1,1,1,1,1,1,1,1,1,1,1,1,1,1,54,1,1,1
704,1,1,2,,,2,,,9,3,1,1,1,9,5,5,3,,96,,,,,,,,,2,8,4,2,4,1,2,9,9,9,5,6,1,12,1,8,2,8,2,2,4,2,4,9,8,8,4,4,2,1,1,1,1,2,3,1,1,3,1,2,2,2,1,2,2,2,,2,1,,2,,,,,,3,,1,2,2,1,1,1,2,2,4,4,3,1,4,4,4,1,2,6,78,9,5,1
706,1,1,1,,,1,,,2,9,1,2,2,2,2,4,1,1,4,2,2,2,2,2,3,2,3,6,8,4,4,5,5,5,7,8,8,8,5,1,2,1,4,8,8,8,8,8,8,8,8,8,8,8,8,2,1,2,1,1,1,1,2,2,3,1,2,2,2,1,1,1,2,2,1,1,,1,1,8,3,3,3,1,4,4,1,1,1,1,1,1,2,2,1,2,1,4,2,4,2,2,6,39,4,5,1
706,1,1,2,,,2,,,9,2,1,2,1,9,3,9,3,,17,3,1,3,1,1,1,1,8,9,3,3,2,1,4,10,6,10,10,10,10,1,12,1,6,8,3,8,2,5,1,9,7,10,10,10,9,4,4,4,3,3,2,3,3,2,3,1,1,2,2,1,2,2,2,,1,2,,1,,,,,,1,1,1,1,1,1,1,1,1,4,4,4,4,4,4,4,4,3,2,3,22,6,5,2
706,1,1,1,,,2,,,1,3,2,2,2,4,4,4,1,2,4,2,3,3,3,3,3,3,3,5,10,2,3,5,4,6,5,7,5,3,2,2,,1,4,97,97,97,97,97,97,97,97,97,97,97,97,2,2,2,1,1,2,9,3,1,1,2,1,2,2,1,1,2,2,2,2,1,,2,1,3,3,3,3,1,4,1,2,1,1,1,1,1,2,2,2,1,1,4,4,4,1,2,3,47,6,5,1
706,1,1,2,,,2,,,2,3,1,1,4,4,4,4,3,,97,,3,2,2,1,3,3,3,8,9,7,4,5,5,6,7,6,7,8,7,2,,2,,3,7,5,3,7,4,4,6,7,5,5,6,4,2,2,1,1,1,1,3,1,3,2,2,1,2,1,1,2,2,,2,1,,2,,,,,,4,,2,2,1,1,2,2,2,4,2,2,2,1,4,4,4,1,2,3,19,4,5,1
706,1,1,2,,,1,,,2,2,1,2,4,4,4,4,3,,4,3,3,3,3,3,1,1,3,9,7,5,3,6,3,5,9,6,9,7,8,1,10,1,4,7,8,4,2,4,1,4,8,4,7,7,5,2,2,4,1,1,2,1,2,2,2,2,2,2,1,1,1,1,2,,1,1,,1,,,,,,1,1,2,1,1,1,1,1,1,4,4,3,2,2,2,2,4,3,2,6,38,4,5,1
706,1,2,1,,,2,,,1,3,9,2,3,2,4,4,2,,9,3,3,3,3,2,3,3,3,97,97,5,4,97,5,97,6,10,10,6,8,1,12,1,4,7,10,3,2,2,2,8,1,6,6,5,2,4,4,4,1,1,1,3,2,2,3,2,2,2,1,1,1,1,2,2,2,1,,1,2,,,,,1,9,4,1,1,1,1,1,1,4,4,4,4,2,4,4,4,3,2,5,27,2,5,1
706,1,2,1,,,1,,,2,3,1,1,9,4,4,4,1,2,4,2,2,2,2,2,3,3,3,8,7,5,4,98,4,5,8,8,8,98,7,2,,1,4,3,8,7,3,5,98,98,8,7,7,98,7,2,1,2,3,1,1,3,3,1,3,1,2,9,9,9,9,9,9,9,9,9,,1,2,,,,,1,1,3,1,1,1,1,1,1,4,4,2,4,2,4,4,4,1,2,3,20,4,5,1
707,1,2,1,,,2,,,1,1,3,2,2,2,5,5,3,,96,,,,,,,,,5,5,5,3,5,5,5,5,5,8,5,5,8,,8,,7,7,7,7,7,7,7,7,7,7,7,7,4,1,4,3,1,2,3,3,1,3,2,9,1,1,1,1,2,1,1,1,1,,1,1,12,2,2,3,1,1,2,1,1,1,1,1,1,4,4,3,4,4,4,4,4,1,2,6,36,4,5,1
707,1,1,1,,,2,,,3,9,1,2,2,2,2,3,1,1,4,2,2,2,2,2,3,2,3,7,10,7,5,5,97,4,5,6,7,5,1,1,11,2,,9,97,97,97,97,9,97,97,97,97,97,97,4,4,4,1,1,1,3,3,3,1,2,2,2,1,1,1,2,2,1,1,1,,1,1,5,2,2,2,5,,3,1,1,1,1,1,1,4,4,4,4,1,4,4,4,3,2,6,49,5,5,1
707,1,2,2,,,1,,,2,3,1,1,9,4,2,4,1,9,9,9,3,3,8,3,1,1,8,5,5,5,5,5,5,5,5,5,5,5,5,1,98,1,3,8,98,4,3,3,8,8,6,6,6,6,6,4,4,4,1,1,2,9,1,2,1,2,2,2,2,1,1,2,1,,2,2,,1,,,,,,4,,3,1,1,1,1,1,1,4,4,1,2,1,2,4,4,1,2,3,46,8,5,1
707,1,1,2,,,2,,,9,3,2,1,2,2,2,4,1,1,4,2,3,2,2,3,1,3,3,98,98,98,98,98,4,98,98,98,98,98,98,2,,1,4,4,97,97,97,97,97,97,97,97,97,97,97,8,1,8,1,1,3,3,3,3,1,2,2,1,1,2,1,2,1,,1,1,,1,,,,,,1,4,4,2,2,2,2,2,2,2,4,4,4,2,4,4,4,1,2,4,45,4,5,1
707,1,1,1,,,2,,,2,3,1,1,2,2,2,4,1,2,4,2,3,2,3,1,1,1,1,10,4,4,6,5,4,10,5,5,5,5,4,1,1,1,12,6,6,5,10,5,10,3,4,4,10,7,8,4,4,4,1,1,2,1,3,1,1,2,1,1,1,1,1,1,1,1,1,1,,1,1,4,3,3,3,1,2,4,1,1,1,1,1,1,4,4,3,4,3,4,4,1,2,2,3,43,3,5,1
707,1,2,2,,,2,,,2,1,1,1,4,2,4,4,9,,97,,3,8,3,8,8,3,8,5,98,3,5,5,5,5,97,97,97,97,97,2,,2,,9,7,2,5,7,97,97,5,97,97,97,97,2,2,3,1,1,2,3,2,9,2,2,9,2,9,1,1,1,2,,9,9,,2,,,,,,3,,2,9,9,1,1,1,9,4,4,4,8,3,4,4,4,3,2,5,66,5,5,1
708,1,1,1,,,1,,,2,3,2,2,2,3,3,3,1,1,4,2,2,3,2,2,2,2,3,10,7,7,4,9,6,6,7,7,7,8,5,2,,1,12,10,10,1,1,10,10,5,5,4,5,5,1,4,2,2,1,1,3,1,3,1,3,2,1,2,2,1,1,2,1,2,1,1,,2,9,,,,,4,,3,1,1,1,1,1,1,4,1,2,2,1,1,1,1,1,2,3,30,4,5,2
708,1,1,2,,,2,,,2,1,2,2,2,2,2,2,1,2,4,9,3,3,2,8,3,1,3,99,99,99,99,99,99,99,99,99,99,99,99,8,,8,,99,99,99,99,99,99,99,99,99,99,99,99,3,3,1,1,1,1,1,2,1,1,2,9,9,9,2,1,2,2,,2,9,,2,,,,,,3,,3,9,9,9,9,9,9,4,4,4,4,2,4,4,4,9,8,4,81,3,5,1
708,1,2,2,,,1,,,2,2,1,2,9,4,4,4,1,1,10,9,8,2,2,2,8,2,2,2,6,5,4,4,2,2,5,7,7,8,5,2,,1,4,3,5,4,2,4,2,2,4,5,6,6,4,3,3,2,1,1,1,1,1,2,1,2,1,1,2,1,1,1,2,,1,1,,1,,,,,,3,,3,2,2,2,2,2,2,4,3,4,4,1,2,4,4,1,1,2,73,4,5,1
708,2,2,2,2,,1,,,1,2,1,1,1,3,3,5,3,,98,,3,3,3,2,3,2,3,10,6,7,8,6,5,7,9,7,7,8,6,1,10,2,,8,8,7,8,7,6,7,8,7,9,7,8,4,4,4,3,1,1,1,1,1,3,2,2,1,2,1,1,1,2,,1,1,,2,,,,,,1,4,2,2,2,1,1,1,1,4,4,4,4,2,4,4,4,2,2,5,26,5,5,2
708,1,2,1,,,1,,,2,2,2,2,2,1,4,1,9,,98,,8,3,1,1,2,9,1,8,1,8,1,5,1,7,5,3,2,7,1,1,3,2,,8,1,1,7,7,5,2,1,8,1,8,1,1,4,3,3,1,1,1,3,1,3,9,1,2,2,1,9,2,9,1,2,2,,1,2,,,,,2,3,1,9,1,1,2,2,2,1,4,8,1,2,9,1,1,3,1,4,99,9,5,1
708,1,2,2,,,2,,,2,9,2,3,3,3,3,3,1,3,3,1,8,3,3,3,2,3,3,4,97,2,4,97,2,2,97,97,97,97,5,2,,1,7,8,97,97,1,97,97,97,97,8,6,97,6,4,1,4,1,1,1,3,3,3,3,1,2,2,2,1,1,1,2,,1,1,,2,,,,,,2,3,4,1,1,1,1,1,1,4,4,4,3,1,4,4,4,2,2,3,47,3,5,2
708,1,1,2,,,2,,,9,3,1,1,2,9,2,2,3,,9,3,3,3,2,3,8,3,3,10,10,10,1,1,1,10,10,10,10,10,10,1,3,1,6,10,10,10,5,3,10,5,10,10,10,10,98,3,3,4,1,1,1,1,1,1,1,1,1,2,2,1,1,2,2,,1,1,,2,,,,,,3,,3,1,1,1,1,1,1,4,4,4,4,4,4,4,4,2,2,2,65,1,5,4
708,2,1,2,2,,1,,,2,3,1,1,1,4,4,4,2,,3,1,3,3,3,2,3,2,3,9,5,5,5,9,3,8,3,7,7,3,1,2,,1,96,6,7,5,7,8,5,97,4,9,6,5,9,2,2,4,2,1,1,1,2,2,2,2,9,2,1,2,1,1,2,,1,2,,2,,,,,,1,9,3,1,1,1,1,1,1,4,4,3,4,1,3,4,4,3,2,3,22,3,5,2
712,1,2,2,,,1,,,1,1,1,2,2,4,4,4,1,2,4,9,3,8,8,2,3,3,3,5,5,5,5,5,5,5,5,5,5,5,5,1,96,8,,7,5,5,5,5,4,3,3,3,5,3,7,4,2,4,1,1,1,3,3,1,1,2,2,2,2,1,1,2,2,,1,2,,2,,,,,,1,4,3,1,1,1,1,1,1,2,4,4,4,1,4,4,4,3,2,3,31,3,5,1
713,3,1,2,,1,3,1,,1,9,3,3,1,1,1,1,1,2,4,3,1,1,1,1,1,1,1,5,5,5,10,8,6,8,5,5,5,5,5,1,4,1,3,97,97,97,5,97,97,1,97,97,97,97,97,4,4,4,1,2,1,2,1,2,1,1,1,1,1,9,1,2,2,,1,1,,2,,,,,,4,,4,9,9,9,9,9,9,3,4,3,4,3,3,4,4,2,,3,34,,1,4
713,1,1,2,,,3,1,,2,1,1,1,4,4,1,1,1,1,16,2,1,3,3,2,1,1,3,10,8,10,6,6,7,9,6,10,10,10,10,1,12,1,1,3,8,6,7,4,2,7,4,5,7,7,7,4,4,3,2,1,1,2,1,2,1,1,1,9,9,9,9,9,9,,9,9,,1,,,,,,2,4,1,2,1,1,1,1,1,4,4,4,4,2,2,2,4,3,,3,18,8,5,1
713,3,2,2,,2,3,3,2,,,,,,,,,,,,,,,,,,,,,,,,,,,,,,,,,,,,,,,,,,,,,,,,,,,,,,,,,,,,9,9,9,9,9,9,,9,9,9,,,,,,,,,,,,,,,,,,,,,,,,,,2,29,,2,4
713,2,1,2,2,,2,,,1,1,1,1,4,4,4,4,1,2,99,,3,3,3,3,1,3,3,8,6,7,7,6,7,8,8,6,7,7,7,2,,2,,1,1,1,1,1,1,1,1,1,1,1,1,4,4,4,1,1,1,3,1,2,3,2,1,2,1,1,1,1,1,,1,1,,1,,,,,,6,,3,1,1,1,1,1,1,4,3,4,4,3,4,3,4,3,2,5,23,4,5,2
713,1,2,2,,,2,,,3,1,2,2,4,4,5,5,1,3,96,,,,,,,,,97,97,97,97,97,97,97,97,97,97,97,97,2,,2,,6,4,9,10,97,4,97,97,6,7,97,8,4,4,4,1,1,1,1,1,1,1,2,2,2,2,1,1,1,1,,1,1,,2,,,,,,4,,3,2,2,2,2,1,1,4,4,4,4,4,4,4,4,3,2,2,42,2,5,1
713,3,2,2,,1,3,2,2,,,,,,,,,,,,,,,,,,,,,,,,,,,,,,,,,,,,,,,,,,,,,,,,,,,,,,,,,,,,9,9,9,9,9,9,,9,9,9,,,,,,,,,,,,,,,,,,,,,,,,,,3,25,,1,4
713,1,2,2,,,1,,,1,2,9,2,3,3,4,4,1,2,4,2,3,3,3,3,3,3,3,97,97,97,3,97,97,97,97,97,97,97,97,8,,1,4,5,7,3,2,4,5,5,4,4,4,5,3,2,2,2,1,1,1,9,3,1,1,2,2,2,2,1,1,1,2,,1,1,,2,,,,,,1,1,2,2,2,2,2,2,2,3,4,4,3,3,3,4,3,1,2,3,49,5,5,1
713,1,2,2,,,2,,,2,1,2,2,1,2,4,2,1,2,9,2,8,3,2,8,8,8,3,5,8,5,9,10,5,8,7,8,7,5,7,1,10,1,6,7,5,8,8,5,9,6,8,6,8,3,8,3,1,4,3,2,1,1,9,2,3,2,2,1,2,2,1,1,1,,2,2,,9,,,,,,3,,4,2,2,2,2,2,2,3,1,4,1,1,2,2,4,2,2,2,62,3,5,1
713,2,1,2,2,,1,,,2,3,1,1,4,4,4,1,1,2,9,2,3,1,3,2,3,3,3,7,4,4,6,6,98,7,97,3,3,4,3,1,7,1,12,2,10,5,2,2,97,4,98,5,5,5,5,1,2,4,2,1,1,1,2,1,3,2,2,2,2,1,1,2,2,,1,1,,1,,,,,,2,4,3,2,2,1,1,1,1,3,2,4,4,2,2,3,4,2,2,6,22,6,5,2
713,3,1,2,,4,3,1,,2,3,1,1,3,4,4,4,1,1,4,2,3,3,3,3,1,1,3,3,8,5,7,8,6,2,8,9,9,5,4,1,4,1,7,1,6,5,3,98,6,1,97,6,8,2,3,4,4,4,2,1,1,1,2,1,3,2,2,2,2,9,9,2,2,,2,2,9,1,,,,,,1,1,2,1,1,1,1,1,1,4,4,4,4,4,4,4,4,3,,7,55,7,4,1
713,2,2,1,2,,1,,,2,9,1,9,4,4,4,4,9,,11,1,3,3,3,3,3,3,3,5,5,5,5,5,5,5,5,5,5,5,5,1,99,2,,5,5,5,5,5,5,5,5,5,5,5,5,4,4,4,1,1,1,2,1,9,9,2,2,2,2,1,1,1,1,2,1,1,,2,2,,,,,1,4,3,1,1,2,1,1,1,4,4,4,3,2,4,4,4,2,2,3,35,1,5,2
713,1,2,1,,,2,,,2,2,2,2,3,3,4,4,1,2,9,2,2,2,2,2,3,2,3,4,6,4,4,5,4,4,6,5,5,4,4,2,,2,,4,6,5,4,3,2,3,4,5,6,5,4,2,2,4,1,1,1,2,2,1,1,2,2,1,2,1,1,2,1,2,1,1,,2,2,,,,,1,1,1,1,1,1,1,1,1,4,2,4,2,1,4,2,4,2,2,6,41,7,5,2
713,2,2,2,2,,2,,,3,3,2,2,4,3,1,1,1,1,98,,3,1,3,1,1,3,3,2,3,5,2,4,2,5,1,4,2,1,3,1,2,1,98,5,2,5,4,2,4,3,2,4,2,5,1,4,2,4,1,3,1,2,3,3,3,1,2,2,2,2,2,1,1,,1,1,,1,,,,,,4,,4,2,2,2,2,2,2,1,4,1,1,4,1,1,4,1,2,3,69,1,5,2
713,1,1,1,,,1,,,2,2,1,2,4,2,4,4,1,1,4,3,3,3,2,2,3,3,3,5,5,5,5,1,5,5,5,5,5,5,5,8,,8,,97,97,97,97,97,97,97,97,99,97,97,97,3,4,2,1,1,1,9,1,1,1,1,9,1,1,1,1,1,2,1,1,1,,1,1,16,3,3,3,1,1,3,9,9,9,9,9,9,4,4,4,3,1,2,3,4,2,2,4,40,2,5,2
713,1,1,2,,,1,,,1,3,1,1,4,4,3,4,3,,4,2,1,2,2,3,1,3,3,97,6,6,5,7,2,4,3,1,7,7,5,1,10,1,6,4,8,5,2,7,1,2,3,98,6,4,5,4,4,4,1,1,3,2,2,2,2,2,9,2,1,1,1,2,1,,1,1,,2,,,,,,1,1,2,1,1,1,1,1,1,3,4,3,3,1,4,4,4,1,2,5,22,3,1,4
713,1,2,2,,,1,,,1,3,9,9,4,4,4,4,3,,97,,3,3,3,3,3,3,3,4,5,4,5,5,5,5,4,6,6,9,4,1,9,2,,97,97,97,97,9,97,97,97,97,97,97,97,4,4,4,1,2,1,3,3,1,3,2,2,2,2,1,1,1,1,,1,1,,2,,,,,,1,2,2,1,1,1,1,1,1,4,4,4,4,4,4,4,4,4,2,5,44,9,2,1
713,3,1,2,,4,3,2,2,,,,,,,,,,,,,,,,,,,,,,,,,,,,,,,,,,,,,,,,,,,,,,,,,,,,,,,,,,,,9,9,9,9,9,9,,9,9,9,,,,,,,,,,,,,,,,,,,,,,,,,,2,18,,4,4
713,1,1,2,,,2,,,2,2,1,1,4,4,4,4,1,2,9,2,3,3,3,3,1,3,3,7,8,5,8,5,97,4,5,6,6,6,6,1,9,2,,2,6,2,3,2,2,2,2,4,4,4,4,3,4,2,1,1,2,2,2,3,3,1,1,9,9,9,9,9,9,,9,9,,1,,,,,,1,1,3,1,1,1,1,1,1,4,4,4,2,2,4,4,4,3,2,6,32,3,5,1
713,1,1,2,,,1,,,3,3,2,2,3,2,2,4,1,2,9,2,3,3,2,3,1,3,3,6,8,2,2,4,7,1,4,6,10,8,9,1,10,1,4,4,10,1,4,3,97,6,3,7,10,97,7,4,4,4,1,2,2,3,3,1,1,1,2,1,1,1,1,2,1,,9,9,,2,,,,,,1,4,1,1,1,1,1,1,1,4,4,2,4,1,4,2,4,1,2,7,26,7,5,1
713,1,1,2,,,3,1,,2,3,1,1,1,1,1,1,3,,4,2,3,3,8,3,1,3,1,5,6,5,5,6,5,6,6,6,6,6,5,8,,1,6,4,7,5,4,5,4,5,5,5,7,5,4,4,4,4,1,1,3,1,3,1,1,1,9,1,1,1,1,1,1,,9,9,,1,,,,,,1,1,1,1,1,1,1,1,1,4,4,4,4,4,1,4,4,3,,5,99,5,5,4
713,1,2,1,,,1,,,2,1,1,1,4,2,4,2,1,1,7,2,2,2,2,3,2,2,3,4,10,5,5,4,6,4,8,7,7,9,6,1,10,1,5,3,6,1,2,1,5,1,3,6,3,10,1,4,1,4,1,1,1,1,3,3,1,1,1,9,9,9,9,9,9,9,9,9,,2,1,5,2,2,2,4,,2,9,9,9,9,9,9,4,4,3,4,1,4,1,4,9,2,5,46,4,5,1
713,1,2,2,,,1,,,2,3,1,2,3,3,3,3,1,1,9,2,2,2,2,3,2,3,2,4,3,2,2,4,2,5,4,6,5,5,5,1,9,1,4,3,3,3,3,3,2,4,3,4,4,4,4,1,1,4,1,1,1,1,3,2,1,2,1,2,2,2,2,2,2,,2,2,,2,,,,,,4,,3,1,1,1,1,1,1,4,2,4,2,4,4,4,4,3,1,3,18,2,5,3
714,1,2,2,,,3,1,,2,2,1,3,9,9,4,4,1,3,3,3,1,8,3,1,3,8,8,5,6,3,5,6,6,5,4,5,5,5,3,1,4,1,3,98,97,97,97,97,97,9,97,97,97,97,97,4,4,4,2,2,1,1,3,2,9,2,2,1,1,1,1,1,1,,1,1,,2,,,,,,2,1,4,1,1,1,1,1,1,4,4,4,4,4,4,4,4,1,,6,62,4,5,4
714,1,2,2,,,3,1,,2,3,1,2,2,2,3,4,1,1,9,2,2,2,2,3,1,3,3,97,9,8,6,97,97,97,9,9,9,6,6,1,2,1,4,98,98,98,98,98,98,98,98,98,98,98,98,3,3,2,1,1,1,2,2,2,1,2,2,1,2,1,1,1,1,,1,1,,2,,,,,,4,,3,1,1,1,1,1,1,3,3,3,3,2,3,4,4,2,,6,53,5,5,1
714,1,1,2,,,2,,,9,2,1,2,9,3,4,1,1,1,17,2,1,2,1,3,1,1,3,5,8,5,5,5,4,2,5,8,8,3,9,1,12,1,7,3,7,4,3,4,2,2,5,5,7,97,7,4,4,2,3,2,2,2,2,1,1,1,1,1,2,1,1,2,2,,1,1,,1,,,,,,1,4,3,2,1,1,1,1,1,4,4,4,3,3,3,4,4,3,2,5,46,5,5,1
714,1,1,2,,,3,1,,2,3,3,1,4,4,4,4,3,,4,2,3,1,3,3,3,3,3,98,8,98,7,98,98,8,8,98,98,98,98,2,,8,,97,97,97,97,97,97,97,97,97,97,97,97,4,4,4,1,3,3,3,3,1,1,1,2,9,9,9,9,9,9,,9,9,,1,,,,,,1,4,2,1,1,1,1,1,1,4,4,4,4,4,4,4,4,1,,6,32,7,5,4
714,1,2,2,,,2,,,2,3,1,2,2,4,3,3,1,1,4,2,2,2,2,3,2,3,2,7,8,5,1,3,5,5,7,5,8,5,4,2,,2,,5,3,4,5,2,1,1,4,5,8,5,97,2,1,1,3,1,1,2,2,3,3,2,1,1,2,1,1,1,2,,1,1,,1,,,,,,4,,2,2,2,2,1,1,2,2,3,4,4,1,3,4,4,1,2,4,75,4,5,1
714,1,2,2,,,3,2,1,3,2,2,2,2,4,4,4,1,1,4,2,3,3,3,2,3,3,3,5,8,8,10,8,9,8,5,5,9,9,5,2,,1,4,5,8,7,10,6,8,9,5,8,8,8,5,1,1,1,2,2,2,2,2,2,2,2,1,1,9,1,1,1,1,,1,1,,1,,,,,,2,4,4,2,2,2,1,2,2,4,1,1,3,3,3,1,3,2,,1,49,1,2,1
714,1,1,9,,,2,,,9,9,1,1,1,1,1,1,9,,17,9,1,1,8,8,1,1,8,98,98,98,98,98,98,98,98,98,98,98,98,2,,2,,1,5,1,1,1,1,1,1,1,1,1,1,4,4,4,3,3,3,3,1,3,3,1,9,2,1,1,1,1,1,,1,1,,2,,,,,,1,4,1,1,1,1,1,1,1,4,3,4,4,4,4,4,4,4,2,7,32,9,5,2
714,1,1,1,,,2,,,1,3,1,1,9,2,9,1,1,1,13,3,3,2,2,3,1,3,2,4,2,5,8,4,5,7,6,6,3,3,2,2,,1,98,4,7,2,7,6,3,7,6,6,4,3,2,3,4,4,3,1,3,1,1,3,3,1,1,2,1,1,2,1,2,1,1,1,,1,9,,,,,1,4,2,1,1,1,1,1,1,4,4,4,4,4,4,4,4,1,2,5,37,5,5,1
714,1,2,1,,,2,,,2,3,1,1,2,2,4,4,1,2,4,2,3,3,3,3,1,3,3,5,6,6,5,5,5,6,7,7,8,5,8,1,10,1,4,2,7,4,2,2,97,2,5,6,8,97,97,4,4,4,1,1,2,2,1,1,1,2,2,2,2,1,1,2,1,1,1,1,,1,1,4,3,2,1,2,1,1,1,1,1,1,1,1,4,4,4,3,2,4,4,4,2,2,7,38,7,5,2
714,1,1,2,,,3,2,2,,,,,,,,,,,,,,,,,,,,,,,,,,,,,,,,,,,,,,,,,,,,,,,,,,,,,,,,,,,,9,9,9,9,9,9,,9,9,9,,,,,,,,,,,,,,,,,,,,,,,,,,5,24,,5,3
714,1,1,2,,,2,,,2,3,3,1,1,1,1,1,1,2,9,2,1,1,1,2,1,2,1,8,8,98,8,7,8,98,98,8,9,98,8,1,4,2,,2,7,2,1,2,2,2,2,5,7,5,5,4,4,4,2,3,3,3,3,3,3,2,1,1,2,1,1,1,1,,1,1,,1,,,,,,1,3,2,1,1,1,1,1,1,4,4,4,4,1,4,4,4,3,2,5,24,4,5,1
714,1,1,1,,,2,,,2,3,1,2,9,2,3,2,1,1,4,2,3,2,2,3,3,3,2,8,4,5,1,8,3,1,1,5,4,2,2,1,10,1,4,3,5,4,6,3,3,3,4,4,6,2,4,1,1,1,2,1,3,1,3,3,3,1,1,1,1,1,1,1,1,1,1,1,,2,2,,,,,1,3,1,1,1,1,1,1,1,4,4,4,1,1,4,3,4,1,2,6,50,6,5,1
714,1,1,2,,,1,,,1,3,2,2,2,2,2,2,1,1,14,3,2,2,2,3,3,2,2,4,8,1,5,2,97,4,1,1,1,3,1,2,,1,12,97,5,98,5,3,7,3,98,98,98,98,5,1,1,1,1,1,3,1,1,3,1,2,1,2,2,1,1,1,1,,1,1,,2,,,,,,3,,1,1,1,1,1,2,1,2,2,1,2,1,4,3,4,1,1,5,75,7,5,1
714,1,2,1,,,1,,,2,3,1,3,2,2,2,4,1,1,17,2,2,8,8,2,8,3,8,10,10,8,6,7,98,98,7,9,9,6,4,1,9,1,12,97,97,97,97,97,97,97,97,97,97,97,97,3,2,2,2,1,1,2,1,1,1,1,9,1,1,1,1,1,1,1,2,2,,1,1,3,3,3,3,1,1,2,1,1,1,1,1,1,4,4,4,4,2,4,4,4,1,2,6,38,5,5,1
714,1,2,1,,,1,,,1,1,1,1,4,3,3,3,1,1,17,2,2,3,2,3,3,2,3,7,7,3,4,4,97,97,7,4,4,5,3,2,,1,12,7,5,97,5,5,3,5,5,3,3,5,3,1,1,3,1,1,3,3,3,3,1,1,1,9,9,9,9,9,9,9,9,9,,1,1,12,1,3,1,1,1,1,1,1,1,1,1,1,4,4,4,1,1,2,2,4,2,2,6,36,5,5,1
714,1,2,2,,,1,,,2,2,2,2,2,2,2,2,1,1,13,3,2,8,2,2,8,2,8,5,98,5,1,98,1,5,98,1,6,5,1,2,,1,4,98,98,98,98,98,5,98,98,98,1,98,98,4,4,4,9,9,9,9,9,9,9,2,1,2,2,1,1,1,2,,1,1,,2,,,,,,3,,2,2,2,2,1,1,9,4,4,4,1,1,4,4,4,1,2,5,67,4,5,1
714,1,2,2,,,2,,,2,3,1,2,2,2,2,3,9,,4,2,3,8,2,3,3,2,3,3,9,2,2,7,5,4,1,5,5,4,4,1,9,1,96,6,7,2,3,2,2,97,5,6,6,4,5,4,2,1,2,1,1,2,2,1,2,2,2,2,1,1,2,2,2,,1,1,,2,,,,,,1,4,1,9,9,9,9,9,9,4,4,2,4,1,4,4,4,3,2,5,51,6,5,1
715,1,2,1,,,1,,,1,3,1,1,4,3,1,5,1,2,17,2,2,3,3,3,1,3,3,8,5,1,97,8,97,97,97,8,8,8,8,8,,8,,98,97,1,97,1,97,97,97,97,97,97,97,2,4,8,2,1,2,3,3,1,9,1,1,1,2,1,2,2,2,1,1,1,,2,1,11,1,2,1,1,3,2,1,1,1,1,1,1,3,3,1,1,3,4,3,4,3,2,6,38,9,5,1
715,1,1,2,,,1,,,2,1,2,2,9,1,1,1,3,,2,9,2,3,3,3,3,3,3,8,97,1,1,97,1,9,9,5,5,9,97,2,,1,12,97,8,97,5,8,97,1,8,8,8,8,5,4,4,4,1,1,1,1,2,9,1,2,2,2,2,2,2,2,2,,2,2,2,2,,,,,,3,,4,1,1,1,1,1,1,4,4,4,4,4,4,4,4,1,2,2,61,2,5,1
715,1,2,2,,,2,,,9,3,1,1,2,4,5,5,3,,96,,,,,,,,,7,6,7,3,7,8,5,9,8,6,6,5,1,8,1,4,4,9,3,6,6,97,2,5,97,8,97,4,3,3,3,2,1,1,3,2,1,2,1,2,1,1,2,2,1,2,,2,2,,1,,,,,,4,,2,1,1,1,1,1,1,4,4,4,3,3,4,4,4,3,2,7,52,5,5,1
715,1,2,2,,,2,,,2,1,2,2,2,2,2,4,1,3,16,2,2,2,2,2,3,2,3,3,10,3,98,98,1,1,5,4,2,4,1,1,2,1,9,10,97,10,10,9,10,97,98,4,97,97,97,1,1,1,1,1,1,1,1,1,3,2,1,2,1,1,1,2,1,,1,1,,1,,,,,,1,1,2,1,2,1,1,1,2,4,4,4,4,1,4,4,4,9,2,3,61,8,5,1
715,1,2,2,,,1,,,1,3,1,2,2,4,4,4,1,3,16,3,3,3,3,3,1,3,3,5,5,3,1,3,5,3,3,5,5,7,7,1,12,1,4,97,97,4,5,97,97,97,97,97,97,97,5,4,4,4,2,1,2,2,2,1,1,1,2,2,2,1,1,1,2,,2,1,,1,,,,,,1,4,3,1,1,1,1,1,1,4,4,4,3,4,3,4,4,3,2,4,38,3,5,1
715,1,1,2,,,1,,,2,1,1,2,2,2,2,2,3,,9,3,3,3,2,2,2,2,2,2,97,8,8,7,4,10,2,10,5,5,2,1,12,1,7,1,1,3,1,5,8,8,1,5,5,5,3,2,2,8,2,1,1,1,3,1,1,2,2,2,2,2,2,2,2,,2,2,2,2,,,,,,1,1,3,2,2,2,2,2,2,4,2,4,2,1,4,4,4,2,2,3,38,3,5,1
715,1,1,2,,,1,,,9,1,2,2,2,2,2,4,1,1,12,3,2,3,2,3,3,2,3,7,6,5,4,7,5,5,9,4,4,4,4,8,,1,11,7,97,6,7,6,5,6,7,7,7,8,8,2,2,1,1,1,1,1,3,3,1,1,1,1,1,1,1,1,2,,1,1,,2,,,,,,1,4,3,1,1,1,1,1,1,2,4,2,4,2,3,4,4,1,2,3,33,4,5,1
716,1,1,2,,,2,,,1,3,3,1,1,4,4,4,3,,2,9,3,3,3,3,1,1,1,10,1,10,10,10,10,1,10,10,10,10,10,1,10,2,,1,1,1,1,1,1,1,1,1,1,1,1,4,4,4,3,3,2,3,1,3,3,2,1,9,9,9,9,9,9,,9,9,,1,,,,,,1,9,3,1,1,1,1,1,1,4,4,4,4,4,4,4,4,3,2,5,33,3,5,1
716,1,1,1,,,3,3,2,,,,,,,,,,,,,,,,,,,,,,,,,,,,,,,,,,,,,,,,,,,,,,,,,,,,,,,,,,,,9,9,9,9,9,9,9,9,9,9,,,,,,,,,,,,,,,,,,,,,,,,,,3,23,,5,1
716,3,1,1,,4,1,,,3,3,1,1,1,4,4,4,3,,97,,3,3,3,3,3,3,3,10,10,3,10,10,10,10,3,10,10,97,97,1,5,1,3,1,1,1,1,1,1,1,1,1,1,1,1,4,4,4,2,1,1,1,1,1,1,1,1,1,2,2,1,2,1,1,2,1,,1,1,18,3,3,1,1,4,2,1,1,1,1,1,1,4,4,4,4,3,3,4,4,2,1,4,32,,4,4
716,1,1,1,,,1,,,1,3,1,1,4,4,4,4,1,3,8,2,3,3,2,3,3,3,3,7,6,5,97,7,97,8,97,8,8,97,8,1,12,1,7,97,6,4,4,6,7,3,5,97,3,97,6,4,4,4,3,1,3,3,3,3,2,2,1,1,1,1,2,1,2,1,1,1,,1,1,12,1,3,1,1,1,2,1,1,1,1,1,1,4,4,4,3,3,4,4,4,1,2,6,37,5,5,1
716,1,1,2,,,1,,,2,1,1,2,3,3,3,2,1,2,9,3,2,2,2,2,1,2,3,97,1,97,97,1,1,6,9,5,5,5,6,1,2,1,5,97,10,1,2,97,1,97,5,8,5,97,97,4,4,4,1,1,1,3,3,2,1,1,2,2,2,9,9,9,2,,9,1,,2,,,,,,2,4,4,1,1,1,1,1,1,4,4,4,4,4,4,4,4,9,2,3,50,1,5,1
716,1,2,2,,,3,1,,9,3,1,2,4,4,4,4,1,2,4,1,2,3,3,2,1,2,3,97,8,97,97,5,97,7,8,7,7,6,5,1,9,2,,5,8,97,4,5,97,6,6,8,8,97,8,4,3,2,3,1,1,1,1,1,3,2,2,2,2,2,2,2,2,,2,2,2,2,,,,,,1,4,3,1,1,1,1,1,1,4,4,4,4,1,2,3,4,2,,3,43,2,5,1
716,1,1,2,,,1,,,2,3,3,2,2,3,4,4,3,,4,9,3,3,3,3,3,3,3,6,5,5,4,4,4,4,6,7,8,6,4,1,10,1,6,4,7,5,3,4,4,6,5,6,8,5,5,2,1,1,2,1,1,2,2,1,2,2,2,2,2,2,2,2,2,,2,2,2,2,,,,,,1,4,4,2,2,2,2,2,2,4,4,4,2,2,2,4,4,1,2,5,28,4,5,1
716,1,1,1,,,2,,,2,1,1,1,1,1,1,1,1,2,18,3,1,3,3,1,1,3,3,7,7,7,7,7,9,7,7,7,7,8,8,2,,2,,4,9,4,5,3,4,5,4,6,9,5,8,4,4,4,1,1,1,1,1,1,2,2,1,2,2,9,2,9,2,9,9,9,,1,1,8,3,2,1,1,3,2,1,1,1,1,1,1,3,4,4,2,2,4,3,4,2,2,6,37,7,3,1
716,1,2,1,,,2,,,2,1,1,1,4,4,4,4,1,3,9,2,3,3,3,3,3,3,3,8,7,7,6,6,7,7,7,7,7,7,7,2,,2,,1,8,1,1,1,1,1,1,1,1,1,1,2,4,4,1,1,1,1,1,1,2,2,2,1,1,1,1,1,1,1,1,1,,2,1,12,3,3,1,1,3,2,2,1,1,1,1,1,4,2,2,3,2,4,3,4,2,2,7,48,7,5,2
716,1,2,2,,,2,,,2,3,1,1,2,2,2,4,1,2,4,2,2,3,2,3,3,2,3,6,97,97,3,97,3,97,6,6,6,6,6,1,96,2,,5,5,3,4,4,4,3,6,6,7,5,5,4,4,2,1,1,2,2,2,1,1,2,2,2,2,2,2,2,2,,2,1,,2,,,,,,2,4,3,9,9,9,9,9,9,4,1,2,1,1,2,2,4,1,2,6,45,9,5,1
716,1,2,1,,,3,1,,9,2,1,1,1,1,1,1,1,3,11,2,1,1,1,8,1,1,1,99,99,99,98,99,99,99,99,99,99,99,99,2,,1,1,98,98,98,98,98,98,98,98,98,98,98,98,1,4,4,1,2,3,1,1,2,2,2,2,2,2,9,2,2,2,2,2,2,2,2,9,,,,,4,,3,1,1,1,1,1,1,4,4,4,4,4,4,4,4,2,,5,44,3,2,4
716,2,2,2,2,,2,,,3,3,3,2,4,4,4,4,3,,11,3,3,2,2,2,1,2,3,7,97,97,97,97,97,97,97,2,2,97,97,1,9,2,,3,10,97,4,97,2,7,1,5,2,5,4,4,4,4,3,1,1,2,2,2,2,2,2,2,2,2,2,2,2,,2,1,,2,,,,,,2,2,3,1,1,1,1,1,1,4,4,3,3,2,3,4,4,2,2,2,55,4,5,2
717,1,2,2,,,1,,,1,3,3,1,1,1,1,1,1,9,17,1,3,3,3,3,1,1,3,6,8,6,4,4,4,5,6,6,7,6,6,8,,8,,3,8,3,2,3,2,2,4,5,5,4,4,4,3,4,2,1,1,2,2,2,3,2,1,2,2,2,1,1,1,,1,1,,2,,,,,,2,4,4,1,1,1,1,1,1,4,4,4,3,3,4,4,4,2,2,6,30,1,5,1
717,1,1,2,,,1,,,1,1,1,1,3,4,9,9,9,,11,9,1,8,8,1,8,3,3,5,98,10,98,98,98,1,98,98,98,98,98,8,,8,,97,97,97,97,97,97,6,97,97,98,98,97,4,2,8,1,3,1,3,3,2,1,2,9,2,1,1,9,1,2,,9,2,,2,,,,,,1,4,3,1,1,1,1,1,1,8,8,4,4,8,4,4,4,4,2,7,40,4,5,1
717,1,2,2,,,1,,,9,3,1,9,4,4,4,4,9,,6,9,8,8,3,3,3,3,3,97,97,3,3,97,97,97,97,3,3,97,97,2,,1,96,98,98,3,98,98,98,3,98,3,98,8,98,4,4,3,2,2,2,2,3,3,2,2,2,2,2,2,1,2,2,,1,1,,2,,,,,,3,,3,2,2,1,9,1,2,3,4,4,4,2,4,4,4,3,2,5,84,2,5,1
717,1,1,1,,,1,,,2,3,1,2,2,2,2,3,1,1,9,3,2,2,2,2,8,2,2,1,98,1,1,98,1,1,6,1,1,98,1,2,,1,96,98,98,98,98,98,98,98,98,98,98,98,98,1,1,1,1,1,1,3,3,1,3,2,2,9,1,2,2,2,2,2,2,2,,2,2,,,,,1,3,3,2,2,2,2,2,2,4,4,4,4,3,4,4,4,3,2,3,39,4,5,1
717,1,2,2,,,2,,,1,3,1,1,4,4,3,4,3,,9,2,2,1,1,3,1,3,1,8,8,7,8,5,8,7,8,8,8,97,7,1,6,2,,9,6,1,2,1,2,3,2,6,4,97,2,4,4,4,3,1,3,1,3,1,3,1,1,1,1,1,1,2,2,,1,1,,1,,,,,,1,1,1,1,1,1,1,1,1,3,4,4,4,4,4,4,4,2,2,7,29,4,2,4
717,1,1,2,,,1,,,2,1,2,2,4,5,5,5,3,,96,,,,,,,,,97,10,10,1,10,1,1,10,6,10,10,10,2,,1,4,5,97,97,8,97,97,4,5,97,5,5,1,4,2,1,3,3,2,3,1,2,3,2,2,2,1,2,2,1,2,,2,1,,2,,,,,,1,4,2,2,2,1,1,1,1,4,4,4,4,2,4,4,4,1,1,5,70,5,5,1
717,1,2,1,,,1,,,1,2,1,1,2,4,4,4,3,,4,2,3,3,3,3,3,3,3,5,5,5,5,5,5,5,5,5,5,5,5,2,,2,,5,7,5,4,3,3,4,6,5,5,6,4,3,4,8,1,1,2,2,1,2,2,1,2,1,2,2,1,2,2,2,1,1,,2,2,,,,,1,1,2,1,1,1,1,1,1,1,1,1,1,2,4,4,1,1,1,2,44,8,5,1
717,1,1,1,,,2,,,2,2,3,3,2,4,1,1,1,1,97,,8,2,2,2,8,1,8,10,10,10,10,10,10,10,10,10,10,10,10,1,98,2,,98,6,1,9,98,8,10,98,10,10,10,1,4,1,1,3,1,1,2,3,3,2,1,2,1,1,2,1,1,2,2,1,2,,1,1,18,1,9,1,1,1,3,9,9,9,9,9,9,2,4,2,1,4,4,4,4,1,2,2,32,3,5,1
717,1,2,1,,,1,,,1,1,1,2,2,4,4,4,1,2,4,9,3,1,2,2,1,3,3,5,5,5,5,5,5,5,5,5,5,5,5,1,9,1,4,4,8,8,3,8,97,97,2,6,7,1,7,3,3,4,3,3,1,1,3,1,1,1,2,2,2,1,1,1,2,1,1,1,,2,1,9,3,3,3,1,1,3,1,1,1,1,1,1,3,4,4,4,1,4,4,4,3,2,3,37,4,5,1
717,1,1,1,,,1,,,2,1,2,2,2,2,4,4,1,1,13,3,3,3,3,3,1,3,3,97,97,97,97,97,97,97,97,97,97,97,6,1,2,1,6,97,97,97,97,97,2,97,97,97,97,97,9,2,2,1,2,1,1,1,2,1,2,2,1,2,1,2,2,2,2,1,1,1,,1,1,12,3,3,1,1,1,1,2,2,2,2,2,2,4,4,4,4,1,4,4,4,3,2,3,45,9,5,1
717,1,1,1,,,1,,,2,3,1,1,4,4,4,4,3,,4,2,3,3,3,3,3,3,3,8,6,7,5,8,4,4,7,7,8,6,7,2,,2,,5,8,8,5,6,6,5,8,8,7,6,6,3,3,3,1,1,1,2,2,3,2,2,2,2,2,1,1,1,2,2,1,1,,2,2,,,,,1,4,3,1,1,1,1,1,1,4,4,4,3,3,4,4,4,2,2,5,32,3,5,1
717,1,1,2,,,1,,,2,3,1,3,3,9,9,9,1,3,17,3,3,3,2,1,3,3,3,5,5,97,3,3,3,3,4,6,6,6,6,2,,2,,5,8,3,7,5,3,6,7,6,6,6,2,2,3,2,1,2,1,2,1,2,2,2,2,1,2,1,1,1,2,,1,1,,1,,,,,,2,2,3,2,2,2,2,2,2,4,2,2,4,4,3,4,4,3,2,5,22,4,5,1
717,1,2,2,,,2,,,9,3,2,2,2,4,2,4,3,,98,,2,8,2,2,3,3,3,5,97,5,5,97,5,97,5,97,97,97,5,2,,1,6,97,97,97,97,5,97,97,5,5,5,97,5,3,1,3,1,1,1,2,2,2,2,1,2,2,1,2,1,1,2,,1,1,,2,,,,,,1,4,3,1,1,1,1,1,1,4,1,2,1,4,2,2,4,9,2,3,30,4,5,1
718,1,1,1,,,2,,,2,2,2,2,1,1,1,1,1,1,12,2,2,3,3,3,2,8,3,3,4,4,3,3,98,1,2,2,2,97,1,1,9,1,9,1,1,1,1,1,1,1,1,1,1,1,1,2,2,2,1,1,1,2,2,2,1,2,1,9,9,9,9,9,9,9,9,9,,1,2,,,,,1,4,2,1,1,1,1,1,1,4,4,4,4,1,4,4,4,3,2,5,55,6,5,1
718,1,1,2,,,3,1,,2,3,1,1,1,1,1,4,1,3,17,2,3,3,2,3,1,2,8,6,6,6,5,5,5,7,6,4,4,6,4,1,9,1,1,2,9,3,3,4,3,2,7,7,8,7,7,3,3,4,3,2,3,1,3,3,3,1,2,2,1,1,1,2,2,,1,1,,2,,,,,,1,1,3,1,1,1,1,1,1,4,4,3,3,3,4,3,4,2,,6,31,5,5,2
718,1,2,1,,,2,,,3,3,2,2,4,4,4,4,1,2,4,1,2,3,3,3,1,2,2,7,5,5,7,5,9,9,9,8,8,7,5,1,7,8,,8,4,97,97,9,5,9,9,9,9,9,97,4,4,4,1,1,1,2,1,3,1,1,1,1,1,1,1,1,1,1,1,1,,1,1,7,1,3,1,1,2,1,1,1,1,1,1,1,4,4,4,4,1,4,4,4,2,2,6,31,4,5,2
718,1,2,2,,,2,,,1,2,1,1,1,1,1,1,1,2,12,3,8,8,8,8,8,8,9,5,5,5,5,5,5,5,5,5,5,5,5,2,,1,10,6,6,6,6,6,6,6,8,10,10,10,5,4,4,4,3,3,3,3,3,3,3,2,2,1,1,1,1,1,1,,1,1,,1,,,,,,3,,2,1,1,1,1,1,1,4,4,4,4,4,4,4,4,2,2,2,74,9,5,1
718,1,2,2,,,2,,,2,1,2,2,2,2,2,4,1,2,2,1,2,3,2,2,3,2,3,7,6,5,4,6,3,3,98,5,5,5,5,1,96,1,6,7,7,6,5,7,4,4,6,6,6,6,6,2,2,4,3,1,1,1,3,3,2,1,1,2,1,1,1,1,1,,2,1,,1,,,,,,1,2,3,1,1,1,1,1,1,4,3,4,4,1,4,4,4,2,2,3,40,4,5,2
718,1,2,1,,,9,1,,1,3,1,1,4,4,4,4,1,9,10,2,3,3,3,3,1,3,3,8,8,8,97,97,8,8,8,8,8,8,8,1,96,2,,6,6,6,97,6,6,6,6,6,6,6,6,4,4,8,1,1,1,3,2,2,3,2,1,1,1,1,1,1,1,1,1,1,,1,1,3,3,3,9,1,1,3,9,9,9,9,9,9,4,4,4,4,8,4,4,4,1,,7,99,9,5,1
718,1,1,2,,,3,1,,9,1,1,1,4,9,4,4,1,2,11,3,3,3,1,1,8,3,1,4,5,5,6,6,4,6,4,7,6,6,7,1,98,8,,5,97,98,98,98,4,5,3,4,4,5,4,4,1,4,1,3,1,1,3,2,1,2,2,2,2,2,2,2,2,,1,1,,2,,,,,,6,,4,2,2,1,2,1,2,4,3,2,4,4,4,4,4,3,,5,24,8,5,3
718,1,1,9,,,2,,,2,9,2,9,1,3,5,5,2,,96,,,,,,,,,5,1,2,3,2,2,2,2,6,2,3,2,2,,2,,2,2,8,2,2,8,2,7,2,6,3,3,2,2,3,2,2,1,2,3,2,2,2,9,1,2,1,1,1,1,,2,2,,1,,,,,,1,1,1,2,1,2,2,1,2,2,4,2,1,1,2,2,1,2,2,6,96,9,5,1
718,1,2,2,,,3,3,2,,,,,,,,,,,,,,,,,,,,,,,,,,,,,,,,,,,,,,,,,,,,,,,,,,,,,,,,,,,,9,9,9,9,9,9,,9,9,9,,,,,,,,,,,,,,,,,,,,,,,,,,7,33,,4,4
718,1,2,1,,,3,1,,2,3,2,2,2,1,4,4,1,2,2,3,3,3,3,2,3,3,8,2,10,10,2,10,97,1,9,5,9,7,7,2,,2,,97,97,97,97,97,97,97,97,97,97,97,97,1,3,4,1,3,1,1,1,1,1,1,1,9,9,9,9,9,9,9,9,9,,1,1,9,3,3,1,2,4,4,1,1,1,1,1,1,4,3,4,4,3,4,4,4,2,,2,37,2,5,2
718,1,1,2,,,3,1,,3,1,1,1,1,9,9,4,1,1,12,1,1,8,3,8,1,1,1,5,6,7,5,5,4,5,5,6,8,5,7,1,2,1,96,3,7,2,3,4,4,4,3,4,98,98,4,4,4,4,2,3,2,3,2,1,1,2,1,1,1,1,1,1,1,,1,1,,1,,,,,,1,4,4,1,1,1,1,1,1,4,4,4,3,2,3,4,4,1,,6,52,9,5,4
718,3,1,1,,1,1,,,1,1,1,1,1,1,1,1,1,1,99,1,1,1,1,1,1,1,1,1,1,1,1,1,1,1,1,1,1,1,1,1,1,1,1,1,1,1,1,1,1,1,1,1,1,1,1,1,1,1,1,1,1,1,1,1,1,1,1,1,1,1,1,1,1,1,1,1,,1,1,1,1,1,1,1,1,1,1,1,1,1,1,1,1,1,1,1,1,1,1,1,1,1,1,23,1,1,1
718,1,2,2,,,1,,,2,2,2,2,4,2,1,2,1,1,8,3,2,2,2,2,1,2,2,6,5,5,5,5,6,5,5,5,5,5,5,2,,1,7,3,8,3,3,3,3,3,97,3,4,97,4,4,4,4,2,1,1,1,3,2,1,2,2,2,1,1,1,1,1,,1,1,,1,,,,,,1,1,3,1,1,1,1,1,1,4,4,4,3,4,3,4,4,2,2,5,37,6,5,2
718,1,2,2,,,2,,,2,3,1,1,1,3,3,3,1,2,8,2,2,1,3,2,1,2,1,5,3,2,1,8,5,1,1,1,5,5,2,1,9,1,7,1,1,10,10,10,1,10,1,10,1,1,3,3,3,4,3,1,2,1,3,1,3,2,1,1,1,1,1,1,1,,1,1,,1,,,,,,4,,3,1,1,1,1,1,1,4,4,4,4,1,4,4,4,3,2,5,18,1,5,2
718,1,2,1,,,1,,,2,1,1,2,2,2,2,2,1,1,9,1,2,2,2,2,2,2,2,8,1,1,2,3,1,1,2,1,1,4,1,1,96,2,,8,6,5,3,4,7,4,97,2,2,3,2,4,4,4,1,2,1,3,1,3,1,1,2,1,2,1,1,1,1,1,1,2,,1,9,,,,,4,,3,1,1,1,1,1,1,4,4,4,4,4,4,4,4,2,2,7,40,9,5,2
718,1,2,2,,,1,,,1,3,1,1,4,4,4,4,1,1,10,2,3,3,3,2,3,3,3,5,5,4,4,4,7,5,6,7,5,7,7,1,10,2,,3,7,3,2,3,2,3,97,5,3,3,5,4,4,4,3,2,1,2,3,1,1,2,1,1,2,1,1,1,1,,1,1,,1,,,,,,1,1,3,2,1,1,2,2,2,4,4,4,4,1,4,4,4,1,2,6,43,7,5,1
718,1,2,2,,,1,,,2,3,1,2,9,2,2,2,1,1,8,2,2,2,2,3,1,8,8,7,4,6,5,7,6,5,7,7,6,97,97,1,9,1,7,3,6,5,4,6,2,2,97,7,5,4,2,4,4,4,2,1,1,1,3,1,2,1,1,1,1,1,1,1,2,,1,1,,1,,,,,,2,1,3,1,1,1,1,1,1,4,4,4,2,1,4,4,4,2,2,5,24,3,5,2
718,1,2,2,,,3,3,2,,,,,,,,,,,,,,,,,,,,,,,,,,,,,,,,,,,,,,,,,,,,,,,,,,,,,,,,,,,,9,9,9,9,9,9,,9,9,9,,,,,,,,,,,,,,,,,,,,,,,,,,4,99,,5,2
718,1,1,1,,,1,,,2,1,1,2,2,2,2,2,1,1,2,2,2,2,2,2,3,2,2,99,99,99,99,99,99,99,99,99,99,99,99,2,,9,,97,5,1,97,97,97,1,97,98,97,97,97,1,1,1,3,1,1,3,9,1,3,2,1,2,1,1,1,1,2,1,1,1,,2,1,5,1,1,1,1,1,2,2,2,9,9,9,9,8,8,4,3,8,4,4,4,2,1,2,43,4,5,2
718,1,1,2,,,3,1,,9,1,1,1,9,4,2,2,3,,99,,3,2,2,3,3,1,1,98,5,98,5,5,98,5,5,5,5,5,98,8,,8,,98,98,98,98,98,98,98,98,98,98,98,98,2,4,4,1,3,2,2,3,1,2,2,2,2,1,1,1,1,2,,1,1,,1,,,,,,2,9,2,1,1,1,1,1,1,4,4,4,2,4,4,4,4,1,,6,25,8,5,1
718,1,2,2,,,3,3,2,,,,,,,,,,,,,,,,,,,,,,,,,,,,,,,,,,,,,,,,,,,,,,,,,,,,,,,,,,,,9,9,9,9,9,9,,9,9,9,,,,,,,,,,,,,,,,,,,,,,,,,,5,43,,5,1
718,1,1,1,,,1,,,3,3,1,1,2,2,2,2,1,1,3,1,1,8,3,2,8,1,1,7,7,98,98,98,98,98,5,10,10,10,10,1,10,1,3,1,1,1,1,1,1,1,1,1,1,1,1,4,4,1,1,1,1,2,3,2,1,2,1,2,1,1,1,1,2,9,1,1,,1,1,3,3,3,3,1,9,3,1,1,1,1,1,1,4,4,4,1,4,4,4,4,3,2,3,25,8,5,2
718,1,1,2,,,1,,,2,3,1,3,4,4,4,4,3,,8,3,1,2,3,3,1,3,3,10,5,6,5,8,7,10,8,10,10,1,10,2,,2,,1,10,1,1,1,1,1,10,5,97,97,1,4,4,4,1,1,1,1,1,1,1,1,9,2,1,1,1,1,2,,1,1,,1,,,,,,1,3,9,1,1,1,1,1,1,4,4,4,4,2,4,1,4,2,2,5,28,1,5,2
718,1,1,2,,,3,3,1,1,3,1,1,1,1,1,1,1,3,97,,1,1,1,1,1,1,1,9,8,9,8,9,9,9,8,7,8,8,8,1,2,1,2,7,9,5,5,6,5,5,3,3,3,5,5,3,3,2,2,2,1,2,2,2,1,1,2,2,2,1,1,1,2,,1,1,,1,,,,,,2,3,2,1,1,1,1,1,1,2,2,2,3,1,3,4,4,2,,5,33,4,5,1
718,2,1,2,2,,2,,,2,2,2,2,2,2,2,2,1,1,97,,2,8,1,2,8,2,2,10,10,10,9,1,10,10,5,10,6,7,9,1,4,8,,97,97,97,97,97,97,97,97,97,97,97,97,1,1,8,1,1,1,1,3,1,1,2,1,2,1,1,1,1,2,,1,1,,2,,,,,,1,1,3,1,1,1,1,1,1,4,4,4,4,1,4,4,4,2,2,1,49,4,5,2
718,1,1,1,,,1,,,2,2,1,2,3,2,2,4,1,1,4,2,2,2,2,2,3,2,1,5,8,5,1,4,1,6,8,8,8,7,5,1,12,1,4,10,10,10,10,10,10,1,10,10,10,10,10,4,4,4,1,1,2,2,2,3,2,1,1,1,2,1,1,2,1,1,1,1,,1,2,,,,,1,1,3,1,1,1,1,1,1,4,4,4,4,1,3,3,4,3,8,3,27,6,2,1
718,1,2,1,,,1,,,2,3,2,2,2,2,2,2,1,1,4,1,2,3,2,2,3,1,3,7,7,5,4,4,3,2,5,6,6,6,5,1,1,1,7,3,7,4,4,5,2,2,6,1,4,4,3,4,4,4,2,1,1,1,2,2,2,2,1,2,2,1,1,1,2,1,1,1,,2,1,7,3,3,3,4,,3,1,1,1,1,1,1,4,4,4,2,1,4,4,4,2,1,3,33,4,2,4
718,1,2,2,,,1,,,1,3,1,1,4,4,1,1,3,,4,2,8,3,2,3,3,3,3,9,9,5,9,6,5,9,7,9,9,9,8,1,9,1,7,8,5,9,8,7,5,7,6,9,9,6,7,4,1,1,1,3,3,1,1,1,3,2,2,1,2,1,1,2,2,,2,1,,2,,,,,,1,4,2,1,1,1,1,1,1,4,4,4,4,4,2,4,1,2,1,5,24,4,2,4
718,3,1,2,,4,3,2,2,,,,,,,,,,,,,,,,,,,,,,,,,,,,,,,,,,,,,,,,,,,,,,,,,,,,,,,,,,,,9,9,9,9,9,9,,9,9,9,,,,,,,,,,,,,,,,,,,,,,,,,,3,29,,4,4
718,3,1,1,,4,3,2,2,,,,,,,,,,,,,,,,,,,,,,,,,,,,,,,,,,,,,,,,,,,,,,,,,,,,,,,,,,,,9,9,9,9,9,9,9,9,9,9,,,,,,,,,,,,,,,,,,,,,,,,,,7,41,,4,4
718,1,1,2,,,1,,,3,2,1,2,3,4,4,4,1,2,18,2,3,3,1,3,1,1,3,97,5,97,1,97,97,7,10,10,5,97,1,1,9,2,,1,97,7,1,1,97,1,5,1,7,97,1,3,1,2,1,1,1,1,1,1,1,2,2,1,2,1,1,1,1,,1,1,,2,,,,,,5,,4,1,1,1,1,1,1,4,4,4,2,1,1,1,4,2,2,5,44,5,5,1
718,2,2,1,2,,3,1,,2,3,2,1,2,4,4,4,1,1,4,2,3,1,2,3,1,3,3,3,99,1,1,1,7,2,5,4,2,1,1,8,,1,6,3,2,2,1,8,4,2,5,3,3,3,3,1,3,2,3,1,1,1,1,3,1,2,1,2,2,9,1,9,2,1,2,1,,2,9,,,,,1,9,2,1,1,1,1,1,1,4,2,4,4,2,4,2,4,2,,6,55,1,5,2
718,1,1,2,,,3,3,3,,,,,,,,,,,,,,,,,,,,,,,,,,,,,,,,,,,,,,,,,,,,,,,,,,,,,,,,,,,,9,9,9,9,9,9,,9,9,9,,,,,,,,,,,,,,,,,,,,,,,,,,3,18,,5,2
718,1,2,1,,,3,1,,3,9,3,2,1,2,2,3,1,1,97,,2,2,2,2,1,2,2,5,5,5,5,5,98,5,5,5,5,5,5,2,,2,,6,10,5,5,98,98,5,9,6,5,6,6,1,1,3,2,1,1,2,3,1,1,2,2,1,2,2,2,2,1,2,1,1,,2,1,12,3,3,3,2,1,4,2,2,1,1,9,9,4,4,4,4,4,3,4,4,2,,1,46,9,5,4
718,1,1,2,,,1,,,9,3,1,1,4,2,2,4,1,1,4,9,1,3,2,3,3,3,3,97,97,97,8,97,97,97,97,97,97,97,97,2,,2,,7,97,97,10,97,97,97,9,10,7,97,9,4,4,4,3,3,3,2,3,3,2,2,9,2,2,2,2,2,2,,2,1,,2,,,,,,2,4,1,1,1,1,1,1,1,4,4,4,4,1,4,4,4,3,2,2,19,7,2,4
718,1,2,2,,,1,,,2,9,9,9,9,4,4,1,1,2,97,,2,8,8,8,1,2,3,5,5,5,5,5,5,5,5,5,5,5,4,2,,8,,4,7,4,3,4,6,4,5,5,5,5,5,2,4,2,2,1,1,1,1,2,2,1,9,1,1,1,1,1,2,,1,1,,9,,,,,,3,,4,1,1,1,1,1,1,4,4,4,4,3,4,4,4,2,1,3,64,2,5,2
718,3,1,1,,1,3,1,,3,3,1,1,1,1,9,9,9,,4,9,8,3,3,1,1,1,8,97,10,97,3,10,97,5,10,97,97,5,97,1,99,2,,98,98,3,98,98,5,98,98,98,98,97,98,8,4,4,1,1,1,3,9,3,3,2,2,1,1,1,1,1,2,1,2,1,,9,2,,,,,1,9,3,2,2,2,2,2,2,4,4,4,1,1,4,4,4,9,,2,39,3,1,4
718,1,2,2,,,3,3,2,,,,,,,,,,,,,,,,,,,,,,,,,,,,,,,,,,,,,,,,,,,,,,,,,,,,,,,,,,,,9,9,9,9,9,9,,9,9,9,,,,,,,,,,,,,,,,,,,,,,,,,,3,33,,5,4
718,1,2,2,,,2,,,3,3,2,2,2,2,2,2,2,,8,9,2,2,2,3,2,2,3,10,1,5,8,98,98,5,98,1,98,98,1,2,,1,7,4,4,1,1,1,1,1,3,9,10,98,2,1,4,4,2,1,1,3,2,2,1,1,2,9,9,9,9,9,9,,9,9,,1,,,,,,1,2,4,2,2,1,1,2,2,4,3,4,3,1,2,2,3,2,2,5,32,4,5,2
718,1,2,2,,,3,1,,2,1,1,2,1,4,4,4,1,1,11,3,1,1,1,2,3,1,3,97,5,1,1,97,1,97,10,5,5,7,1,1,96,2,,97,97,97,97,97,97,97,97,97,97,97,97,4,4,2,2,1,1,2,3,1,1,2,1,1,2,1,1,1,2,,2,1,,1,,,,,,3,,4,1,1,1,1,1,1,4,4,4,4,2,4,4,4,3,,3,80,9,5,1
718,3,2,1,,1,3,2,2,,,,,,,,,,,,,,,,,,,,,,,,,,,,,,,,,,,,,,,,,,,,,,,,,,,,,,,,,,,,9,9,9,9,9,9,9,9,9,9,,,,,,,,,,,,,,,,,,,,,,,,,,1,33,,1,4
718,1,2,1,,,1,,,2,1,3,2,9,4,2,3,1,1,9,2,3,2,2,2,1,8,3,9,97,97,8,97,97,9,8,97,97,8,8,1,1,2,,1,10,1,1,1,1,1,1,99,1,1,1,4,3,4,1,1,1,1,3,2,1,2,1,1,2,1,1,2,2,1,1,1,,2,1,3,3,3,1,1,4,3,1,1,1,1,1,1,4,4,4,4,1,4,4,4,3,2,5,30,4,5,2
718,1,1,2,,,2,,,9,9,1,1,1,1,4,4,3,,11,3,8,3,1,8,1,3,3,6,3,6,6,5,3,4,6,5,6,6,6,1,12,2,,8,6,5,5,5,5,6,6,5,5,5,5,4,4,3,3,2,9,2,3,1,3,2,9,1,2,1,1,1,1,,1,1,,2,,,,,,3,,3,9,9,9,9,9,9,4,4,4,3,8,3,3,4,2,8,2,72,1,5,1
718,1,1,1,,,1,,,3,3,1,1,1,1,5,5,3,,96,,,,,,,,,9,9,8,8,9,8,9,6,9,9,7,7,2,,2,,5,8,5,6,8,6,4,6,6,6,7,6,1,1,1,1,2,2,2,3,2,1,2,2,2,2,1,1,1,2,1,1,1,,2,1,10,3,1,3,1,1,2,1,1,1,1,1,1,4,4,3,3,1,3,3,4,2,2,6,36,6,4,4
718,1,2,1,,,3,1,,1,3,1,2,4,4,4,4,3,,7,3,3,2,2,2,3,2,3,97,3,97,4,4,4,97,97,97,97,97,97,2,,2,,5,4,97,4,4,3,3,3,4,97,97,97,4,4,4,1,1,1,3,3,1,1,2,2,2,1,1,1,1,2,1,1,1,,1,2,,,,,1,1,2,1,1,1,1,1,1,4,4,4,4,1,4,4,4,2,,5,48,4,4,2
718,1,2,1,,,1,,,2,9,3,2,3,3,3,3,1,2,8,1,2,2,2,2,1,3,8,1,1,1,1,1,1,1,1,1,1,1,1,8,,8,,1,10,1,1,1,1,1,97,10,5,97,5,1,1,4,1,1,1,1,1,1,1,2,9,1,1,1,1,1,1,1,1,1,,1,1,18,2,9,9,1,4,2,9,9,9,9,9,9,4,1,4,4,1,4,4,4,2,2,6,41,4,9,9
718,1,2,2,,,2,,,2,1,1,1,1,2,2,2,1,1,11,3,2,8,2,8,1,1,1,97,5,5,6,5,9,7,7,7,7,9,5,1,9,1,2,7,8,5,7,6,5,7,8,8,97,8,5,3,3,1,2,2,2,3,3,3,1,2,1,1,2,1,1,1,2,,1,1,,1,,,,,,3,,1,9,9,9,9,9,9,4,4,4,4,2,4,4,4,2,2,5,67,6,5,1
718,1,2,2,,,3,1,,1,1,1,1,4,3,3,4,1,2,17,2,8,1,3,8,3,8,8,97,97,97,5,97,9,5,97,7,9,9,8,1,96,8,,98,10,98,2,98,7,4,98,98,7,7,7,2,2,2,1,9,1,9,3,2,1,2,1,2,9,1,1,2,1,,1,1,,1,,,,,,3,,2,1,1,1,1,1,1,4,2,4,4,1,4,4,4,2,,6,60,5,5,1
718,1,2,2,,,2,,,1,3,1,1,4,4,4,4,1,2,9,2,3,3,3,3,3,3,3,7,8,7,7,7,7,7,8,7,7,7,7,2,,2,,5,9,6,3,4,3,3,6,9,10,5,5,3,2,3,3,2,1,3,3,3,3,1,1,1,1,1,1,1,1,,1,1,,1,,,,,,1,1,2,1,1,1,1,1,1,4,4,4,4,4,3,4,4,2,1,5,21,4,5,1
718,3,1,2,,4,3,3,2,,,,,,,,,,,,,,,,,,,,,,,,,,,,,,,,,,,,,,,,,,,,,,,,,,,,,,,,,,,,9,9,9,9,9,9,,9,9,9,,,,,,,,,,,,,,,,,,,,,,,,,,2,18,,4,4
718,1,2,1,,,3,1,,1,3,1,9,4,4,4,4,1,2,15,3,3,3,2,3,3,3,2,7,9,98,6,7,8,8,8,8,9,8,7,1,9,1,5,7,8,7,5,6,8,7,4,4,4,4,5,3,3,3,3,2,2,2,2,1,1,2,2,1,1,1,1,1,1,1,1,1,,1,1,11,3,3,3,1,4,3,1,2,1,1,1,2,3,3,3,3,1,4,3,3,3,,6,42,4,4,4
718,1,2,2,,,1,,,9,3,2,1,2,2,2,2,1,1,98,,3,3,3,2,3,2,3,7,7,7,7,7,7,7,7,7,7,7,6,1,9,2,,6,3,2,2,6,2,2,3,5,5,5,2,2,2,4,3,1,1,3,2,1,1,1,9,1,1,1,1,1,1,,1,1,,1,,,,,,1,1,2,1,1,1,1,1,1,4,4,4,4,2,4,4,4,2,2,5,40,4,5,2
718,1,1,2,,,1,,,2,3,2,1,4,4,3,4,1,1,4,2,3,1,1,2,3,3,2,5,8,1,5,6,6,4,6,7,8,6,5,2,,2,,10,9,6,9,8,7,8,7,7,8,8,7,4,4,4,2,1,3,2,3,2,3,2,2,2,2,1,1,1,1,,1,1,,2,,,,,,2,2,3,1,1,9,1,1,1,3,4,4,4,4,4,4,4,3,2,2,20,2,2,4
718,1,1,2,,,2,,,2,3,1,1,9,4,4,4,1,1,9,3,3,3,3,3,1,3,3,5,3,5,4,5,5,8,98,98,98,98,98,1,5,2,,4,8,3,3,3,3,2,4,8,8,6,5,4,4,4,9,3,2,3,3,3,3,1,1,1,1,1,1,1,1,,1,1,,1,,,,,,1,4,3,1,1,1,1,1,1,4,4,4,3,3,4,4,4,2,1,5,21,3,5,2
718,3,2,1,,1,1,,,2,2,2,2,1,1,5,5,1,2,96,,,,,,,,,6,7,2,5,2,6,1,2,6,2,6,1,2,,8,,2,7,2,6,6,6,2,8,8,1,8,1,3,1,2,1,9,1,1,2,3,1,1,2,1,1,1,2,1,2,2,2,1,,9,1,4,1,2,3,1,1,4,2,1,1,1,2,2,3,3,1,1,1,1,4,3,1,1,2,33,2,1,4
718,1,2,2,,,3,1,,2,2,1,1,4,4,4,4,3,,18,3,3,3,3,2,3,2,3,8,7,7,1,5,3,8,3,4,2,4,1,1,9,1,3,7,5,5,3,5,1,4,4,6,6,1,5,3,3,4,1,1,1,3,1,2,3,2,2,2,1,1,1,2,2,,1,1,,1,,,,,,1,1,3,1,1,1,1,1,1,4,3,1,1,1,3,3,3,2,,5,26,3,5,2
718,1,1,2,,,3,1,,3,1,1,2,1,1,1,1,1,1,9,2,1,2,3,3,1,1,1,8,6,97,8,8,8,8,10,10,10,8,10,1,7,1,9,1,10,7,1,1,1,1,5,8,9,1,9,4,4,4,1,1,1,1,1,1,1,1,1,1,1,1,1,1,1,,1,1,,1,,,,,,1,1,1,1,1,1,1,1,1,4,4,4,4,1,4,4,4,4,,7,54,7,5,1
718,1,2,2,,,1,,,1,3,3,2,2,2,2,2,1,1,17,1,2,2,2,2,2,2,2,7,5,2,5,4,4,7,4,4,4,4,4,2,,1,96,5,4,3,2,3,2,5,3,5,5,97,2,2,4,2,1,1,1,2,2,1,1,2,1,2,1,1,1,1,2,,1,1,,1,,,,,,2,1,4,1,1,1,1,1,1,4,4,4,4,2,4,4,4,2,2,2,33,2,5,1
718,1,1,2,,,1,,,1,3,2,2,9,2,2,2,1,1,8,3,2,8,2,3,3,2,3,8,10,5,8,10,2,1,5,8,8,7,5,2,,1,7,7,97,8,7,97,6,2,8,7,7,97,7,2,4,4,1,1,1,1,3,1,1,1,2,2,2,2,1,2,2,,2,2,,2,,,,,,4,,2,1,1,1,1,1,1,4,4,4,4,2,4,1,4,2,2,3,23,3,5,2
718,1,2,2,,,3,1,,9,3,1,9,9,9,9,9,9,,2,9,3,2,8,1,1,8,8,2,8,4,3,3,98,4,6,8,98,7,3,1,9,1,5,97,97,97,97,97,97,97,97,97,97,97,97,3,8,1,1,3,3,3,3,1,1,1,1,9,9,9,9,9,9,,9,9,,1,,,,,,1,4,2,2,9,1,9,1,1,3,4,2,4,3,4,4,4,9,,6,35,5,5,1
718,1,2,2,,,1,,,2,3,3,3,1,1,1,1,1,1,11,9,1,1,8,8,1,1,3,9,7,8,8,5,2,10,6,8,7,7,8,1,1,8,,9,6,7,9,6,5,9,7,5,5,7,8,4,4,4,1,1,1,1,1,1,1,1,2,2,2,2,9,2,2,,2,2,,2,,,,,,1,3,3,1,1,1,1,1,1,4,4,4,4,1,4,3,4,3,1,5,24,6,5,2
718,1,1,2,,,3,1,,1,1,1,3,2,4,4,3,1,2,4,2,3,2,2,3,3,1,3,6,5,1,1,8,3,2,5,7,7,5,4,1,9,2,,4,8,1,2,3,1,2,3,6,5,2,2,2,4,4,2,1,1,2,2,1,2,2,2,1,2,1,1,1,1,,1,1,,2,,,,,,6,,3,1,1,1,1,1,1,4,4,4,2,1,2,2,4,2,,5,36,3,4,4
718,1,2,2,,,3,3,2,,,,,,,,,,,,,,,,,,,,,,,,,,,,,,,,,,,,,,,,,,,,,,,,,,,,,,,,,,,,9,9,9,9,9,9,,9,9,9,,,,,,,,,,,,,,,,,,,,,,,,,,5,18,,5,2
718,1,2,2,,,3,2,2,,,,,,,,,,,,,,,,,,,,,,,,,,,,,,,,,,,,,,,,,,,,,,,,,,,,,,,,,,,,9,9,9,9,9,9,,9,9,9,,,,,,,,,,,,,,,,,,,,,,,,,,5,24,,5,3
718,3,1,2,,2,2,,,3,3,1,3,3,3,3,3,1,1,8,2,3,2,2,2,1,1,1,2,5,2,5,6,6,5,2,2,2,2,2,2,,2,,4,6,3,1,1,97,1,3,4,5,97,2,4,4,4,1,3,1,1,1,1,1,1,1,1,1,1,1,1,1,,1,1,,1,,,,,,1,4,3,1,1,1,2,2,2,3,3,3,3,3,3,3,3,2,2,5,44,3,2,4
718,1,2,1,,,2,,,1,2,1,1,2,2,2,2,1,1,11,3,2,2,2,2,3,2,3,7,7,4,4,5,4,7,5,3,6,6,6,2,,1,4,8,7,4,4,7,97,6,97,97,97,7,7,1,3,4,1,1,1,1,2,1,1,2,1,1,1,2,2,1,2,1,1,1,,1,1,9,3,2,1,1,1,3,1,1,1,1,1,1,4,4,4,4,1,4,4,4,1,2,6,47,5,5,1
718,1,2,1,,,2,,,2,1,2,3,1,4,4,2,1,1,7,1,3,3,3,3,3,3,3,4,9,5,5,5,1,10,4,5,5,5,5,8,,1,4,5,9,8,2,8,1,1,2,2,2,2,1,1,3,1,1,1,1,1,1,2,2,1,9,1,2,1,1,1,2,2,1,1,,1,1,7,1,1,1,4,,3,1,1,1,1,1,1,4,4,4,4,1,4,4,1,2,2,3,58,9,5,2
718,1,1,2,,,3,1,,9,3,1,1,9,9,9,9,9,,5,2,3,3,8,3,3,3,3,97,98,97,98,98,97,97,98,98,98,97,97,8,,1,4,3,97,6,2,3,97,2,3,97,97,4,5,4,4,3,9,9,3,3,3,3,9,2,9,1,2,2,2,2,2,,2,2,,2,,,,,,3,,9,2,2,2,9,2,2,4,1,4,3,1,4,4,4,2,,6,80,9,5,1
718,1,1,2,,,2,,,3,2,2,2,4,4,1,4,3,,8,3,3,1,3,3,1,1,1,97,7,97,10,7,6,4,8,7,97,97,7,2,,2,,97,7,3,4,4,5,3,6,97,7,97,97,4,4,4,3,3,1,1,3,3,1,2,9,1,1,9,1,1,1,,1,9,,1,,,,,,1,1,3,1,1,1,1,1,1,4,4,4,4,2,4,4,4,2,1,5,37,5,4,4
718,1,2,2,,,3,2,2,,,,,,,,,,,,,,,,,,,,,,,,,,,,,,,,,,,,,,,,,,,,,,,,,,,,,,,,,,,,9,9,9,9,9,9,,9,9,9,,,,,,,,,,,,,,,,,,,,,,,,,,3,47,,5,3
718,2,2,1,2,,1,,,1,1,1,1,1,4,1,4,1,1,15,3,1,3,3,3,1,3,3,7,9,7,98,7,5,1,5,10,97,8,8,8,,1,7,1,3,7,98,1,1,98,98,5,5,3,2,3,4,4,1,3,3,3,3,3,1,2,1,1,1,1,1,1,2,1,1,1,,1,9,,,,,2,1,3,1,1,1,1,1,1,4,4,4,2,4,4,4,4,2,2,3,60,4,5,2
718,1,1,2,,,2,,,1,1,1,1,2,4,4,4,3,,99,,3,3,3,3,3,3,3,4,2,6,8,6,7,9,5,8,4,3,9,1,9,1,7,4,3,97,7,97,6,8,97,6,97,4,7,4,4,4,3,1,3,2,1,1,3,2,1,2,2,2,2,2,1,,2,2,,2,,,,,,3,,2,1,1,1,1,1,1,4,4,4,4,4,4,4,4,2,2,3,66,8,2,1
718,1,2,2,,,1,,,1,2,1,1,3,3,3,3,1,1,3,9,2,8,8,2,2,2,2,5,10,2,5,5,4,5,6,6,6,6,6,8,,1,3,4,6,97,97,4,97,4,97,5,5,5,5,3,4,2,2,1,1,2,2,3,2,2,2,2,2,2,2,2,2,,9,2,9,2,,,,,,1,4,3,9,9,9,9,9,9,3,3,3,3,1,1,4,4,2,1,3,43,2,5,1
718,1,2,2,,,3,1,,3,2,2,2,4,4,4,4,1,1,8,9,2,2,2,3,2,8,2,10,10,1,5,10,5,10,10,10,10,9,5,1,7,1,7,10,10,10,1,10,7,8,10,10,8,10,97,4,4,4,1,3,3,3,2,1,1,1,9,9,9,9,9,9,9,,9,9,,2,,,,,,1,1,3,1,1,1,1,2,1,4,4,4,4,4,4,4,4,1,,3,32,4,4,2
718,1,2,1,,,1,,,1,1,2,2,3,2,2,3,1,1,17,3,3,3,3,2,1,3,3,5,5,5,3,3,5,2,1,5,5,3,5,1,96,2,,97,6,97,2,4,2,7,3,4,4,97,3,4,2,3,1,1,1,2,2,2,1,2,2,2,2,1,1,1,2,1,1,1,,2,2,,,,,2,4,3,1,1,1,1,1,1,4,4,4,4,2,4,4,4,3,2,5,47,6,2,4
718,1,1,2,,,3,2,1,3,3,1,1,1,1,4,4,3,,7,1,2,3,2,1,1,1,1,8,3,5,6,3,4,10,10,9,10,10,10,1,7,1,96,9,10,8,4,8,5,10,10,10,10,7,7,2,1,2,1,3,1,3,1,1,2,2,1,1,2,1,1,2,1,,1,1,,2,,,,,,4,,4,2,2,2,2,2,2,4,2,3,2,1,4,2,4,2,,1,56,4,5,2
718,1,1,2,,,1,,,1,1,1,1,4,4,4,4,3,,97,,3,3,2,3,3,3,1,98,98,98,98,98,98,98,97,97,97,97,97,2,,2,,97,98,98,98,98,98,98,98,98,98,98,98,4,4,4,3,3,3,3,3,3,3,2,2,1,2,2,2,1,2,,1,1,,2,,,,,,3,,3,1,1,1,1,1,1,4,4,4,4,4,4,4,4,2,1,3,72,9,5,1
718,1,2,2,,,1,,,2,3,3,3,3,2,2,3,1,1,2,2,2,2,3,3,3,3,2,97,6,5,7,7,7,6,8,8,97,97,5,8,,8,,2,10,3,3,5,98,4,6,5,7,3,3,3,3,2,2,1,1,2,1,2,1,1,1,2,1,1,1,2,1,,1,1,,2,,,,,,1,1,2,1,1,1,1,1,1,4,4,2,4,2,2,4,4,2,2,7,33,6,5,1
718,1,2,2,,,2,,,9,3,2,2,4,4,4,4,3,,10,9,3,3,3,3,3,3,3,98,98,98,98,98,98,98,98,1,98,98,10,2,,2,,10,98,98,98,98,98,98,98,98,98,98,98,3,4,4,2,1,1,2,2,3,1,9,2,2,2,1,1,1,2,,1,2,,2,,,,,,4,,2,1,1,1,1,1,1,4,4,4,4,4,4,4,4,9,2,3,33,3,5,1
718,1,2,2,,,1,,,2,3,1,1,4,4,1,1,3,,10,9,1,3,3,3,1,3,3,7,8,7,7,8,7,8,7,8,8,7,7,2,,2,,4,8,4,5,6,4,5,4,6,7,6,6,4,4,4,3,2,2,3,3,2,3,1,1,1,1,1,1,1,2,,1,1,,1,,,,,,1,3,4,1,1,1,1,1,1,4,4,4,4,4,3,4,4,2,2,5,19,5,5,1
718,1,2,2,,,3,3,1,2,3,1,2,3,2,3,3,1,1,10,1,2,2,2,2,2,2,2,1,9,1,1,2,5,5,1,1,1,1,1,2,,2,,1,9,5,10,2,4,1,1,5,5,7,1,4,4,4,1,1,1,1,3,1,3,1,1,1,1,1,1,1,2,,1,1,,2,,,,,,1,1,3,9,1,9,1,9,9,4,4,4,4,1,4,4,4,9,,6,53,5,2,1
718,3,1,2,,1,2,,,2,1,2,2,2,2,2,4,1,1,99,,8,2,2,8,2,8,2,98,98,98,98,98,98,98,98,98,98,98,98,9,,8,,7,8,5,6,7,6,5,5,8,8,5,6,1,3,4,2,3,2,2,3,9,2,1,9,2,1,1,2,2,1,,1,2,,1,,,,,,1,4,4,1,1,1,1,1,1,1,8,2,8,8,4,4,4,2,1,3,56,9,1,4
718,2,1,2,2,,3,1,,9,3,1,1,9,2,2,2,1,1,97,,2,2,2,8,1,8,2,6,6,7,5,98,98,98,8,8,98,98,7,8,,8,,5,3,2,98,3,98,5,5,4,98,98,4,4,2,8,1,1,3,3,1,1,3,2,1,2,2,1,1,2,2,,1,1,,2,,,,,,1,9,3,9,9,9,9,9,9,4,4,4,4,1,4,4,4,2,,3,50,5,5,2
718,1,1,1,,,3,1,,2,3,1,1,1,4,4,4,1,1,8,3,2,1,3,3,1,1,1,8,7,6,4,7,5,7,8,5,5,6,7,1,9,1,7,7,6,4,5,5,6,7,6,7,6,7,8,3,4,4,3,2,1,3,1,2,2,1,1,1,1,1,2,1,2,1,2,1,,2,1,7,1,3,1,6,,3,1,1,1,1,1,1,3,4,4,4,3,3,4,4,2,,5,30,4,5,2
718,1,1,2,,,1,,,2,1,2,2,2,2,2,2,1,1,4,2,2,2,2,2,2,2,2,1,10,98,1,98,1,1,1,5,2,3,98,2,,1,4,1,10,98,1,5,1,1,1,1,1,1,98,1,1,1,1,1,1,2,2,1,1,1,1,9,9,9,9,9,9,,9,9,,1,,,,,,1,4,2,2,2,2,2,2,2,1,1,4,1,1,4,4,1,1,2,5,74,9,5,1
718,1,1,1,,,1,,,2,1,3,1,4,2,9,2,1,1,12,3,2,8,2,2,2,2,3,7,6,6,6,6,5,7,6,7,7,4,4,2,,2,,4,7,4,6,6,4,5,5,7,7,5,5,3,4,4,1,1,1,1,2,1,1,2,1,2,1,1,1,1,2,9,1,1,,2,2,,,,,1,4,3,1,1,1,1,1,1,4,3,4,1,1,4,4,4,2,1,5,32,4,5,2
718,3,1,1,,4,3,2,2,,,,,,,,,,,,,,,,,,,,,,,,,,,,,,,,,,,,,,,,,,,,,,,,,,,,,,,,,,,,9,9,9,9,9,9,9,9,9,9,,,,,,,,,,,,,,,,,,,,,,,,,,2,42,,4,4
718,1,2,1,,,3,3,2,,,,,,,,,,,,,,,,,,,,,,,,,,,,,,,,,,,,,,,,,,,,,,,,,,,,,,,,,,,,9,9,9,9,9,9,9,9,9,9,,,,,,,,,,,,,,,,,,,,,,,,,,5,35,,5,4
718,1,1,2,,,3,1,,1,3,1,1,2,2,2,2,1,2,2,2,2,8,3,3,3,2,3,5,8,4,5,97,97,2,5,6,6,6,6,2,,2,,2,6,6,97,2,2,4,6,5,8,5,4,2,4,2,9,9,9,3,3,1,1,2,1,2,2,2,1,1,2,,1,1,,1,,,,,,1,1,2,9,9,9,9,9,9,4,2,2,2,2,8,4,4,1,,6,65,9,5,1
718,1,1,2,,,1,,,2,3,1,2,2,2,2,2,1,1,5,2,2,3,2,3,3,2,3,5,98,5,2,1,5,5,5,5,98,7,7,2,,1,5,7,6,3,5,1,5,5,3,5,8,5,4,4,3,4,3,1,3,3,3,3,3,1,1,1,1,1,1,1,2,,1,1,,2,,,,,,1,3,1,1,1,1,1,1,1,4,4,4,4,1,4,4,4,2,2,6,47,7,5,1
718,1,1,2,,,3,3,2,,,,,,,,,,,,,,,,,,,,,,,,,,,,,,,,,,,,,,,,,,,,,,,,,,,,,,,,,,,,9,9,9,9,9,9,,9,9,9,,,,,,,,,,,,,,,,,,,,,,,,,,2,60,,2,4
718,1,1,1,,,3,3,1,9,9,1,1,9,4,4,4,3,,17,2,3,3,3,3,3,2,8,98,6,7,5,98,97,4,7,4,6,97,5,1,96,1,6,98,98,98,98,98,98,98,99,98,98,98,98,3,1,3,1,1,3,9,3,3,3,2,2,2,1,1,1,1,1,1,1,1,,1,1,9,3,3,3,1,1,2,1,1,9,1,1,1,4,4,4,4,4,4,4,4,3,,5,35,7,5,4
718,1,1,2,,,3,1,,3,3,9,1,1,9,9,9,3,,97,,3,1,8,8,1,8,1,97,97,98,97,97,98,5,5,97,6,6,97,2,,2,,1,98,1,1,2,1,2,1,2,5,3,2,4,4,4,1,3,3,1,1,1,2,1,2,1,1,1,2,1,2,,2,2,,2,,,,,,1,1,9,1,1,1,1,1,1,3,4,4,4,1,4,2,4,3,,5,38,9,5,9
718,1,1,2,,,3,3,2,,,,,,,,,,,,,,,,,,,,,,,,,,,,,,,,,,,,,,,,,,,,,,,,,,,,,,,,,,,,9,9,9,9,9,9,,9,9,9,,,,,,,,,,,,,,,,,,,,,,,,,,6,45,,5,3
718,1,1,1,,,3,1,,1,3,1,1,1,1,1,1,1,2,2,3,1,1,1,1,1,1,1,6,6,6,6,6,6,6,6,6,6,6,6,1,2,2,,1,6,1,1,6,1,6,6,1,1,1,1,1,1,4,1,1,1,1,2,2,2,2,1,1,1,1,1,2,1,1,1,1,,1,1,2,3,2,1,1,1,1,1,1,1,1,1,1,4,4,3,4,1,3,4,4,1,,7,42,7,5,1
719,1,2,1,,,1,,,3,3,1,2,2,2,4,2,1,1,9,3,2,2,2,2,8,2,3,97,10,97,1,98,98,98,97,97,97,97,97,8,,1,4,3,8,97,1,97,1,5,97,4,6,97,1,4,4,4,2,1,1,3,1,3,1,2,1,2,2,2,2,2,2,1,1,1,,2,1,4,9,2,1,1,1,3,1,1,1,1,1,1,8,4,4,4,1,4,4,4,4,2,5,45,5,5,4
757,2,2,2,2,,1,,,3,3,2,1,4,4,1,1,2,,14,1,1,3,3,3,1,3,3,10,1,97,97,8,2,9,4,7,6,97,6,1,9,1,7,10,1,97,97,97,97,10,97,4,97,97,97,2,4,4,1,3,2,3,2,2,3,1,2,2,1,1,1,1,2,,1,1,,2,,,,,,1,4,3,1,1,1,1,1,1,2,2,1,4,2,2,4,4,2,2,3,28,1,5,2
757,2,1,2,2,,2,,,2,9,1,1,1,3,1,4,3,,16,3,3,3,3,3,1,3,3,5,97,5,97,6,97,10,7,5,5,3,5,1,96,2,,8,6,1,97,5,97,8,4,7,3,5,5,4,2,8,1,1,3,1,3,1,3,1,2,9,9,9,9,9,9,,9,9,,2,,,,,,1,1,2,2,1,1,1,1,2,3,2,3,1,3,3,3,4,2,2,6,22,3,5,2
757,1,2,2,,,1,,,2,3,3,3,3,4,4,4,3,,17,3,3,3,3,3,3,3,3,4,6,5,5,4,4,4,6,5,5,5,4,2,,8,,5,4,4,98,4,3,3,2,4,4,98,3,4,3,4,3,1,1,3,3,2,3,2,2,2,2,1,1,1,1,,1,1,,2,,,,,,1,2,2,9,9,9,9,9,9,2,4,4,4,1,4,4,4,2,2,3,48,9,5,2
757,1,2,2,,,2,,,2,3,1,2,2,4,4,4,9,,17,2,3,2,3,3,3,1,3,3,7,3,1,2,2,3,5,5,7,4,4,1,96,1,1,4,6,97,97,4,4,4,97,7,6,97,5,2,3,2,2,1,1,1,2,1,2,1,2,1,2,1,1,1,2,,2,1,,1,,,,,,3,,2,2,2,2,2,1,2,4,4,4,4,2,4,4,4,1,2,7,80,5,5,1
757,2,1,1,2,,2,,,1,3,1,9,2,4,4,4,3,,98,,3,8,3,3,3,3,3,10,10,5,5,99,5,5,4,4,4,8,5,2,,2,,4,9,3,3,4,3,3,4,4,4,3,3,4,4,3,1,3,1,3,9,1,3,2,2,2,1,1,1,2,2,1,1,1,,2,2,,,,,1,3,2,1,1,1,1,1,1,4,4,4,4,1,4,3,4,2,2,3,41,4,5,2
757,1,1,2,,,2,,,2,1,1,2,3,4,4,4,3,,13,2,3,3,3,3,3,3,3,7,6,5,2,6,3,2,5,5,3,3,4,1,2,1,6,5,5,5,1,2,2,1,3,3,2,2,4,2,2,2,1,1,1,1,3,3,2,2,2,1,2,1,1,2,1,,9,1,,2,,,,,,3,,2,2,1,1,1,1,1,3,3,4,2,1,4,4,4,1,2,6,78,3,5,1
770,1,1,1,,,3,1,,2,3,1,2,2,9,9,9,1,2,9,2,2,2,2,2,1,2,2,3,5,6,3,3,2,2,6,7,7,3,4,1,10,1,4,5,5,5,3,97,97,97,97,5,7,97,4,4,4,4,1,1,2,1,3,1,2,2,1,1,1,1,1,1,1,1,1,1,,2,2,,,,,1,1,3,1,1,1,1,1,1,4,4,4,1,2,4,4,4,3,,3,34,5,5,1
770,2,1,1,2,,2,,,2,3,2,2,4,2,2,2,3,,4,9,3,3,3,2,3,3,2,8,3,5,7,5,3,8,8,3,3,3,8,2,,2,,7,7,7,4,6,5,4,7,7,7,6,4,4,4,4,2,2,2,2,3,3,2,2,2,1,2,1,1,1,1,1,1,1,,2,1,12,1,3,1,1,1,2,1,1,1,1,1,1,4,4,4,4,1,4,4,4,3,2,6,39,5,5,2
770,2,1,2,2,,2,,,1,3,3,3,3,4,9,9,1,1,16,3,3,8,3,9,3,3,3,9,5,7,4,5,4,6,5,5,7,4,4,2,,8,,2,8,4,2,97,3,1,97,97,8,2,3,4,4,4,3,1,1,1,1,1,3,2,2,2,1,1,2,1,2,,1,1,,1,,,,,,4,,1,1,1,1,1,1,1,4,4,4,4,3,4,4,4,2,2,5,43,5,5,2
770,1,1,2,,,2,,,1,3,1,2,3,4,4,4,1,3,7,2,3,3,3,3,3,3,3,5,6,5,5,3,2,3,5,5,5,5,5,2,,1,6,5,5,5,5,5,5,5,5,5,5,5,5,2,2,2,1,1,1,2,2,2,2,2,2,2,2,1,1,2,1,,1,1,,1,,,,,,1,1,2,1,9,1,1,1,1,4,4,4,4,4,4,4,4,1,2,3,47,5,5,1
770,1,1,1,,,1,,,2,3,1,3,2,4,4,4,3,,4,2,3,3,3,3,3,3,3,5,5,5,5,5,1,98,5,5,5,98,98,2,,1,6,5,5,5,5,4,5,5,5,5,5,5,5,2,2,2,1,2,2,2,2,2,2,2,2,1,1,1,1,1,2,2,1,1,,1,2,,,,,1,2,3,1,1,1,1,1,1,2,2,2,2,2,2,2,2,3,2,5,33,5,5,1
770,1,2,1,,,3,1,,1,3,1,1,4,1,4,4,9,,10,1,1,3,3,3,8,1,8,8,8,2,2,8,3,5,8,5,8,6,6,2,,1,4,1,8,1,1,5,1,5,5,3,8,3,3,2,2,2,2,1,1,1,1,2,2,1,2,1,2,1,1,1,2,1,1,1,,2,1,1,1,3,1,4,,2,1,1,1,1,1,1,1,1,1,1,4,4,1,1,3,,6,36,4,5,1
770,1,2,2,,,2,,,1,3,1,1,4,4,4,4,1,9,4,2,3,3,8,3,3,3,3,7,8,6,5,6,5,6,8,8,8,7,6,2,,2,,7,8,7,5,6,5,7,7,6,6,6,5,4,2,2,1,3,1,3,1,1,2,2,2,1,2,1,1,1,2,,1,1,,1,,,,,,1,3,3,9,9,9,1,9,1,4,4,1,4,4,4,4,4,1,2,5,28,8,5,1
770,1,2,1,,,2,,,1,3,1,1,1,1,1,1,9,,4,9,8,1,8,8,1,8,8,10,10,10,10,10,97,10,10,10,10,10,10,2,,2,,10,10,97,10,10,10,97,10,10,6,97,10,4,2,4,3,2,1,3,3,3,3,2,9,1,1,1,1,9,9,1,1,1,,1,1,18,1,3,1,1,4,3,1,1,1,1,1,1,4,4,3,3,3,2,2,4,2,2,6,43,4,5,1
770,1,1,2,,,1,,,1,3,1,1,1,1,1,1,1,1,9,2,3,3,3,3,1,1,1,8,8,8,7,7,7,7,7,8,8,8,8,1,12,1,6,8,9,8,2,2,5,2,8,8,8,8,8,4,4,3,1,2,1,3,3,2,2,1,1,2,2,1,1,1,1,,1,1,,1,,,,,,1,1,2,1,1,1,1,1,1,3,2,2,4,4,4,4,4,3,2,6,36,7,5,1
770,1,2,1,,,2,,,1,1,9,1,3,9,4,4,1,3,11,1,1,8,2,2,1,1,3,5,5,3,97,97,3,5,4,6,97,97,3,1,9,2,,3,98,1,3,98,3,4,6,6,6,5,97,3,3,4,3,3,1,3,1,1,3,2,2,2,2,1,2,1,1,1,2,2,,1,1,1,1,3,1,4,,4,1,1,1,1,1,1,4,4,4,3,1,2,4,4,2,2,5,42,1,5,2
770,1,2,1,,,2,,,9,3,1,2,4,4,4,4,9,,9,2,3,3,3,3,3,3,3,10,10,10,10,10,10,10,10,10,10,10,10,8,,8,,97,97,97,97,97,97,97,97,97,97,97,97,4,4,4,9,9,9,9,9,9,9,2,9,9,9,9,9,9,9,9,2,9,9,1,9,,,,,1,9,2,1,1,1,1,1,1,4,4,4,4,4,4,4,4,1,2,5,40,9,5,1
770,2,2,2,2,,1,,,2,9,2,2,2,2,2,4,2,,13,9,2,3,3,3,3,8,3,97,97,2,5,5,97,9,7,4,3,4,2,2,,1,9,97,97,97,4,3,4,4,97,97,97,97,97,3,3,4,3,1,1,9,3,3,3,2,9,2,2,1,1,1,2,,1,1,,2,,,,,,1,2,2,9,9,9,9,9,9,3,3,3,3,1,3,3,4,3,2,6,39,3,5,2
770,2,2,1,2,,1,,,9,3,3,1,2,2,1,4,1,1,9,1,1,3,8,3,3,1,3,10,10,9,10,10,9,10,7,9,9,9,9,1,10,2,,5,10,7,1,5,2,2,6,97,9,7,7,4,4,4,3,1,1,2,3,1,2,2,2,2,1,1,1,1,1,1,1,1,,1,1,5,1,9,1,1,1,2,1,1,1,1,1,1,4,4,2,2,2,4,4,4,2,2,5,34,5,2,2
770,1,1,2,,,2,,,1,2,1,1,1,1,1,1,1,1,4,2,1,3,3,3,3,3,3,5,5,4,8,8,10,5,5,10,10,8,9,1,9,2,,8,10,4,6,8,10,5,8,10,10,8,8,4,4,4,1,1,3,3,1,1,3,2,2,2,1,1,1,1,1,,1,1,,2,,,,,,1,4,3,1,1,1,1,1,1,4,4,4,4,2,4,4,4,1,1,7,55,7,5,1
770,1,1,2,,,3,3,2,,,,,,,,,,,,,,,,,,,,,,,,,,,,,,,,,,,,,,,,,,,,,,,,,,,,,,,,,,,,9,9,9,9,9,9,,9,9,9,,,,,,,,,,,,,,,,,,,,,,,,,,8,22,,1,4
770,1,1,2,,,2,,,2,2,3,3,2,2,2,3,1,2,97,,3,3,1,1,3,1,2,1,2,1,4,1,1,2,2,2,2,4,3,9,,1,1,1,1,1,1,1,1,3,2,2,2,2,1,2,1,4,1,2,1,1,2,1,1,9,1,2,2,2,2,2,2,,2,2,,2,,,,,,2,3,2,9,1,2,9,2,2,2,4,3,3,2,2,2,2,1,8,6,96,1,5,1
770,1,2,2,,,1,,,2,1,2,2,2,2,2,2,1,1,17,2,2,2,2,2,1,2,2,97,97,1,1,97,1,3,1,1,1,1,1,1,9,1,9,8,97,2,1,2,1,5,97,6,6,97,4,4,4,4,1,1,1,2,1,1,1,2,2,2,2,1,1,1,2,,1,1,,1,,,,,,2,4,2,2,2,2,2,2,2,4,4,4,4,4,4,4,4,3,2,1,72,3,5,2
773,1,2,2,,,3,1,,1,3,1,1,1,1,1,1,9,,1,3,3,8,3,3,1,1,3,8,8,8,6,7,7,7,8,8,8,8,8,1,12,1,4,7,7,8,7,7,8,7,7,7,7,7,7,3,3,3,3,1,1,3,3,1,1,2,1,2,1,1,1,1,2,,2,1,,1,,,,,,1,1,3,1,1,1,1,1,1,2,4,4,2,2,2,2,4,2,,6,29,3,5,1
773,1,1,2,,,2,,,9,3,1,1,9,9,9,9,9,,2,2,3,8,8,3,1,3,1,99,99,99,99,99,99,99,99,99,99,99,99,1,10,9,,8,8,4,4,99,98,5,3,7,7,98,5,4,8,4,1,2,1,2,1,1,1,1,1,1,1,1,1,2,1,,1,1,,1,,,,,,1,4,2,1,1,1,1,1,1,8,4,4,4,2,4,4,4,2,2,7,61,5,5,1
773,1,2,1,,,1,,,2,3,2,2,4,4,4,4,1,2,9,2,3,3,3,3,3,3,3,1,1,1,1,1,1,1,1,1,1,1,1,2,,2,,3,3,3,2,3,2,2,2,4,5,3,4,2,2,2,2,2,1,2,1,3,3,1,9,9,9,9,9,9,9,9,9,9,,2,2,,,,,1,3,3,1,1,1,1,1,1,4,3,3,4,3,4,4,4,2,2,5,33,8,5,2
773,1,1,2,,,1,,,2,2,2,2,4,4,4,4,9,,97,,3,3,3,3,3,3,3,99,99,99,99,99,99,99,99,99,99,99,99,1,96,2,,5,97,4,4,4,7,4,4,5,7,97,3,4,2,4,1,9,3,1,3,9,1,2,2,2,1,1,2,1,2,,2,1,,1,,,,,,4,,3,9,9,9,9,9,9,4,3,4,2,3,3,3,4,3,2,6,39,4,5,1
773,1,1,1,,,1,,,2,3,1,2,4,4,1,4,1,1,9,3,2,3,2,2,3,3,3,97,97,97,7,97,97,97,97,97,97,97,97,8,,8,,2,9,97,3,6,2,4,3,6,6,4,3,4,2,4,1,1,1,3,3,1,1,1,1,1,1,1,1,2,1,1,1,1,,1,1,4,3,3,3,1,3,4,1,1,1,1,1,1,4,4,4,4,4,4,4,4,2,2,3,49,1,5,2
773,2,1,2,2,,1,,,9,3,1,2,9,9,9,4,9,,2,9,3,3,3,8,1,3,3,5,5,5,5,5,5,5,5,5,5,5,5,2,,2,,2,8,1,3,3,5,3,4,3,5,3,3,4,4,4,3,2,3,3,3,3,3,1,1,9,2,2,9,9,9,,2,2,,2,,,,,,3,,2,1,1,1,1,1,1,4,4,4,4,3,4,4,4,3,2,5,65,5,5,2
801,1,2,2,,,3,1,,1,2,1,1,1,2,1,4,1,2,9,2,2,2,2,2,1,8,2,6,8,5,3,5,5,5,4,5,6,97,4,1,9,1,4,4,5,5,1,3,4,3,9,97,4,97,4,4,2,1,1,1,1,3,3,3,1,1,1,1,1,1,1,1,1,,1,1,,1,,,,,,2,3,1,1,1,1,1,1,1,4,4,4,4,1,4,4,4,2,,5,18,6,2,3
801,1,1,2,,,2,,,1,9,1,2,9,9,4,1,1,3,9,2,3,1,3,3,1,8,1,97,7,6,5,4,97,97,6,7,8,97,4,1,10,1,4,97,6,6,3,3,97,97,4,5,7,4,4,4,2,4,2,1,2,2,3,3,1,2,1,2,2,1,2,2,2,,1,1,,1,,,,,,3,,3,1,1,1,1,1,1,3,4,4,4,3,3,4,3,3,2,7,81,4,5,1
801,1,1,2,,,2,,,2,3,1,2,2,4,4,4,1,1,17,2,3,3,2,2,3,3,2,6,10,3,5,6,4,5,5,2,5,5,6,2,,1,4,5,5,3,5,5,3,5,5,5,4,5,5,1,2,1,3,1,1,2,3,1,2,2,2,2,1,2,1,2,2,,1,1,,1,,,,,,1,1,3,1,1,1,1,1,1,4,4,3,4,4,4,4,4,3,2,5,31,3,5,9
801,1,2,2,,,1,,,1,3,1,1,4,5,5,5,1,3,8,3,3,3,3,3,3,3,3,8,9,8,97,8,97,8,8,9,9,8,9,1,10,2,,6,7,6,5,7,6,7,7,8,8,7,8,4,4,4,1,9,1,2,2,2,2,2,1,2,2,1,2,2,2,,1,1,,1,,,,,,2,3,2,1,1,1,1,1,1,4,3,4,3,2,3,4,4,1,2,3,18,9,5,3
801,1,2,1,,,1,,,2,1,1,1,2,4,4,4,1,1,4,2,3,3,1,3,3,3,3,97,8,5,4,5,98,97,97,5,5,6,5,2,,2,,5,7,5,7,5,1,1,97,4,6,4,5,4,4,1,1,1,3,3,3,3,1,2,2,1,2,1,1,2,2,2,1,1,,2,2,,,,,2,1,2,2,1,1,1,1,1,4,4,4,4,1,4,4,4,1,1,5,65,4,5,1
801,1,1,2,,,1,,,1,3,1,1,1,1,1,1,1,3,4,2,1,1,3,3,1,1,1,7,6,6,6,7,6,6,8,9,8,8,6,2,,2,,4,6,4,3,5,4,97,97,6,4,4,3,4,4,4,3,2,1,2,1,1,2,2,1,1,2,2,1,1,1,,1,1,,1,,,,,,1,4,2,1,1,1,1,1,1,3,3,3,4,3,3,3,4,1,1,7,27,6,5,1
802,1,2,1,,,2,,,2,3,3,1,4,4,4,4,1,3,9,3,3,3,3,3,3,3,3,5,5,5,5,5,5,5,5,5,5,5,5,2,,2,,2,6,5,5,5,97,6,5,5,5,2,2,4,4,4,1,1,3,2,3,1,3,2,1,2,2,1,1,2,2,1,1,1,,1,2,,,,,1,9,3,1,1,1,1,1,1,4,4,4,4,3,4,4,4,3,2,6,33,2,5,1
802,1,1,2,,,2,,,2,1,1,2,2,2,2,4,1,1,17,2,3,2,2,2,3,3,3,10,10,1,1,10,98,1,10,1,1,1,1,2,,1,12,1,10,1,1,1,10,1,1,10,10,1,1,1,1,1,3,1,1,2,3,2,2,2,1,1,2,1,1,1,2,,1,1,,2,,,,,,1,4,2,1,1,1,1,1,1,2,4,4,2,1,4,4,4,2,2,2,37,4,5,1
802,1,1,2,,,1,,,2,3,2,2,3,4,4,4,3,,97,,3,3,3,3,3,3,3,7,10,5,4,7,4,6,7,9,9,6,7,1,9,1,4,2,8,1,2,98,3,97,97,7,7,1,97,4,3,4,3,1,1,3,3,3,3,1,2,2,2,2,1,2,2,,2,2,,1,,,,,,1,4,2,1,1,1,1,1,1,4,3,4,3,1,3,4,4,3,2,3,21,5,5,1
802,1,1,2,,,1,,,2,1,1,2,2,4,4,4,1,2,97,,2,3,3,3,3,3,3,98,98,98,98,98,98,98,98,98,98,98,98,2,,2,,98,98,98,98,98,98,98,98,98,98,98,98,2,2,2,3,1,1,2,3,1,2,2,2,1,2,1,1,1,2,,1,1,,2,,,,,,1,4,2,1,1,1,1,1,1,2,2,2,2,2,2,2,4,4,2,3,51,4,5,1
803,2,1,2,2,,2,,,1,3,1,1,4,4,4,4,1,2,9,3,3,2,2,2,1,3,3,7,4,5,4,4,5,5,7,5,5,4,4,2,,2,,4,9,4,3,3,6,1,8,8,8,4,2,3,2,1,1,1,1,2,3,1,3,2,2,2,1,1,1,1,2,,1,1,,1,,,,,,1,3,2,1,1,1,1,1,1,4,4,1,4,2,4,2,4,2,2,5,34,5,5,2
803,1,1,2,,,1,,,2,3,1,1,9,1,1,4,1,1,9,2,1,8,3,1,1,1,3,6,97,97,9,97,97,97,97,97,97,97,97,2,,2,,10,8,8,8,5,7,97,8,8,6,97,9,4,4,4,3,3,3,1,2,1,1,2,1,2,1,2,1,2,2,,2,1,,1,,,,,,1,1,2,2,2,2,2,2,2,4,4,1,3,4,4,4,4,2,2,5,28,3,5,1
803,1,1,2,,,1,,,1,3,2,2,9,4,9,4,9,,97,,3,3,3,3,3,3,1,10,9,7,1,10,1,1,2,1,1,5,5,2,,1,99,10,4,5,5,5,1,1,10,1,1,5,1,4,4,4,1,1,1,1,3,1,1,2,2,2,2,2,1,2,2,,1,1,,2,,,,,,1,4,4,1,1,1,1,1,1,4,4,4,3,4,3,3,4,3,2,2,49,2,5,2
803,3,1,2,,1,2,,,2,1,2,2,2,2,4,4,3,,14,1,3,1,2,2,3,2,2,8,10,4,7,5,2,10,1,1,1,1,1,2,,1,12,6,8,7,1,4,3,7,9,1,1,1,1,1,3,1,1,1,1,1,1,1,2,2,1,2,2,1,1,1,2,,1,2,,2,,,,,,1,4,3,1,1,1,1,1,1,4,4,1,1,1,4,4,4,2,2,1,25,1,1,4
803,2,2,2,2,,1,,,3,3,1,2,3,3,3,3,3,,97,,3,3,3,3,3,3,3,10,9,8,8,9,10,10,8,8,7,8,7,8,,1,6,10,5,8,9,10,8,9,8,8,9,8,8,4,3,4,1,3,2,2,1,1,1,2,2,2,2,1,2,2,2,,2,2,,2,,,,,,4,,2,1,1,1,1,1,1,4,4,4,3,4,4,4,4,2,2,3,35,2,5,2
803,1,1,1,,,2,,,2,3,2,2,2,2,3,2,3,,4,2,3,3,2,3,3,3,3,7,7,3,3,5,2,3,1,3,3,3,3,2,,1,6,8,97,97,2,6,1,1,9,97,7,97,97,3,3,4,3,1,1,9,3,9,2,2,1,1,2,1,1,1,2,1,1,1,,2,1,18,1,3,1,1,3,2,1,1,1,1,1,1,4,4,4,4,4,4,4,4,2,2,5,30,5,5,1
803,1,2,2,,,1,,,2,9,2,2,2,4,4,4,3,,97,,3,3,3,3,8,3,8,97,97,97,97,97,97,97,97,97,97,97,97,2,,8,,99,6,99,98,2,5,6,99,97,98,97,98,4,2,4,2,2,3,1,3,2,2,1,2,1,1,9,2,2,1,,9,2,,1,,,,,,1,1,1,9,2,1,2,9,2,4,1,3,2,4,3,2,1,1,8,6,49,3,5,1
803,2,2,2,2,,2,,,9,3,2,2,4,4,5,5,3,,96,,,,,,,,,97,97,97,97,97,97,97,97,97,97,97,97,1,10,1,5,97,97,97,97,97,97,97,97,97,97,97,97,3,3,4,2,1,1,1,2,1,2,2,2,2,1,1,1,1,2,,1,1,,2,,,,,,1,3,3,2,2,1,1,1,1,4,4,2,2,1,4,4,4,2,2,3,60,3,5,2
803,2,2,2,2,,1,,,3,1,1,1,9,4,4,4,3,,4,9,3,3,3,3,3,3,3,10,10,1,10,10,10,10,2,10,10,10,10,1,10,2,,8,8,8,8,8,1,8,8,8,8,8,8,4,4,4,3,3,1,3,3,3,3,2,2,2,1,2,1,1,2,,9,1,,1,,,,,,2,3,2,1,1,1,1,1,1,4,4,4,4,4,4,4,4,9,2,5,19,8,5,2
803,1,2,2,,,2,,,2,1,2,2,2,4,9,2,1,1,7,3,2,2,2,3,3,3,2,1,1,5,8,5,1,1,5,1,1,1,1,2,,1,6,1,1,5,8,5,1,5,5,5,5,1,1,1,2,3,1,1,1,1,3,1,1,2,9,1,2,2,1,2,2,,1,1,,2,,,,,,3,,4,2,2,2,2,2,2,4,4,4,4,1,4,4,4,1,2,1,63,2,5,1
803,1,1,2,,,1,,,2,3,3,1,4,4,4,4,3,,9,3,8,3,3,3,8,3,2,8,10,6,7,5,7,2,97,10,10,10,8,8,,8,,6,9,4,5,5,6,7,8,8,7,10,7,4,4,4,2,2,2,2,2,1,1,2,9,2,1,1,1,1,2,,1,1,,1,,,,,,2,3,2,2,1,1,1,1,2,4,4,3,4,3,4,4,4,1,2,5,19,8,5,1
803,2,2,2,2,,1,,,9,1,1,1,4,4,4,4,3,,16,9,3,3,3,3,3,3,3,8,97,97,97,5,97,6,6,97,97,6,5,8,,2,,2,98,97,97,98,97,97,97,97,98,98,98,3,3,4,2,9,2,2,1,1,9,2,2,2,2,1,1,2,1,,2,1,,2,,,,,,1,4,1,1,1,1,1,1,1,2,2,2,2,1,4,4,4,2,2,3,44,4,5,2
803,1,1,2,,,1,,,2,3,1,1,4,4,4,4,1,1,97,2,3,3,3,3,3,3,3,97,97,97,97,98,97,97,97,97,97,98,97,2,,2,,98,98,98,98,98,98,98,98,98,98,98,98,4,4,4,1,1,1,1,1,1,2,2,9,2,2,1,1,2,2,,2,1,,2,,,,,,1,9,3,1,1,1,1,1,1,1,1,1,1,1,1,1,1,2,2,3,33,3,5,2
803,1,2,2,,,2,,,9,3,1,1,4,4,5,5,3,,96,,,,,,,,,8,8,7,7,8,7,6,9,9,9,7,7,1,10,1,96,4,8,5,4,6,4,5,6,7,9,6,4,4,3,4,2,1,2,1,1,1,2,2,2,2,2,2,1,1,2,,2,2,,2,,,,,,1,4,2,1,1,1,1,1,1,4,4,4,3,3,4,4,4,2,1,6,26,3,5,1
804,1,2,2,,,3,3,1,2,3,1,1,2,3,2,2,1,1,98,1,2,2,3,1,2,1,3,7,7,5,5,5,5,98,5,9,4,10,5,1,11,1,9,5,6,6,4,5,4,5,5,1,2,3,5,2,2,4,1,1,2,1,2,2,2,2,1,1,2,1,1,1,2,,1,1,,1,,,,,,2,1,4,1,1,1,1,1,1,4,4,4,4,4,4,4,4,3,,5,44,2,5,1
805,1,2,2,,,3,1,,1,3,9,1,9,4,4,4,1,1,4,2,3,1,1,1,1,2,1,7,9,7,6,6,7,7,1,8,8,7,7,2,,1,4,5,8,5,6,6,7,7,10,7,7,7,6,4,3,4,2,1,2,3,3,1,2,1,2,9,9,9,9,9,9,,9,9,,1,,,,,,1,1,2,1,1,1,1,1,1,1,1,1,1,1,1,1,4,1,,6,31,4,4,4
805,1,1,2,,,1,,,2,1,1,2,4,2,1,4,1,1,4,3,3,2,3,2,1,3,3,5,8,8,5,9,8,6,6,8,8,8,5,2,,2,,4,9,6,5,5,5,4,7,8,8,5,5,2,2,4,1,2,1,2,1,2,2,1,9,1,2,1,1,1,1,,1,1,,1,,,,,,1,4,2,2,2,2,1,2,1,4,2,2,2,1,3,4,4,3,2,6,20,3,3,2
805,1,2,2,,,2,,,2,1,1,2,2,2,4,4,1,1,4,2,3,3,3,3,3,3,3,98,8,7,8,8,98,98,8,8,8,8,8,8,,1,4,98,98,98,98,98,97,98,98,98,98,98,98,4,2,2,1,1,1,2,3,2,2,2,9,2,1,1,1,1,1,,1,1,,1,,,,,,1,4,3,1,1,1,1,1,1,4,4,4,2,1,4,4,4,1,2,3,61,4,5,1
805,1,2,2,,,2,,,2,3,2,1,2,2,2,5,1,1,4,2,2,2,2,2,2,2,3,5,5,5,1,5,5,5,5,5,5,5,5,1,9,1,4,5,97,97,3,7,5,97,97,7,7,3,3,1,1,1,1,1,2,3,3,1,3,2,2,1,1,1,1,2,1,,1,1,,2,,,,,,1,1,2,1,1,1,1,1,1,1,2,2,2,1,1,2,4,1,2,3,32,6,5,1
805,1,2,2,,,2,,,1,2,3,3,4,4,4,4,9,,17,9,3,8,3,8,2,2,8,97,97,97,97,97,97,97,97,97,97,97,97,1,9,8,,1,7,6,2,6,1,2,6,7,6,6,6,3,3,3,1,1,1,3,3,2,3,2,2,2,2,2,2,2,2,,2,2,9,1,,,,,,3,,3,2,2,2,2,2,1,4,4,4,3,1,4,4,4,1,1,3,70,9,5,1
805,1,2,2,,,1,,,3,3,1,1,4,4,4,4,1,1,4,3,3,8,3,3,8,8,8,5,5,5,5,5,5,5,5,5,5,5,5,1,9,1,4,8,7,98,5,6,6,9,5,5,5,5,5,2,2,2,1,2,1,3,1,1,2,2,9,2,2,1,1,1,2,,1,1,,1,,,,,,3,,2,1,1,1,1,1,1,4,4,4,4,1,4,4,4,2,2,3,64,8,5,1
805,1,2,2,,,2,,,1,2,1,1,3,3,1,1,3,,4,2,1,2,3,3,1,2,3,8,8,8,6,7,5,5,5,8,8,6,8,2,,2,,8,5,4,4,6,98,5,98,8,6,98,5,3,3,4,2,2,3,3,3,1,1,1,2,2,1,1,1,2,1,,1,1,,1,,,,,,2,1,2,1,1,1,1,1,1,4,4,3,2,4,4,4,4,2,2,6,22,3,5,1
805,1,2,2,,,2,,,9,3,1,1,3,2,3,4,3,,4,2,3,2,8,3,3,8,3,5,5,5,5,5,5,5,5,5,5,5,5,2,,2,,97,5,97,4,97,97,7,5,97,97,97,4,3,3,4,3,1,2,3,2,3,2,2,2,2,2,1,1,2,1,,1,1,,1,,,,,,1,3,2,1,1,1,1,1,1,3,4,4,4,2,4,4,4,3,1,7,41,6,5,1
805,3,1,2,,4,1,,,1,3,1,1,4,1,4,4,9,,9,2,1,1,8,2,1,1,3,97,6,6,8,97,7,97,97,7,97,97,7,1,4,1,4,7,8,7,5,4,7,98,98,6,4,7,9,4,4,4,2,2,2,2,2,3,3,1,2,1,2,2,1,2,1,,1,9,,2,,,,,,2,3,3,1,1,1,1,1,1,3,4,4,3,3,1,3,4,1,2,2,18,8,4,4
805,1,1,1,,,2,,,1,1,1,1,4,4,4,4,3,,4,2,3,3,3,3,1,3,3,7,9,7,7,7,5,5,5,7,7,9,7,2,,2,,7,10,4,1,4,5,6,7,5,9,5,3,4,4,4,1,1,3,3,2,1,1,1,1,1,1,1,1,1,1,1,1,1,,1,1,4,3,2,1,1,1,1,1,1,1,1,1,1,4,4,1,2,1,4,3,4,1,2,3,37,5,5,1
805,1,1,2,,,2,,,2,1,3,1,2,2,2,2,1,1,4,3,2,2,2,2,3,2,3,6,6,4,1,1,1,4,5,2,1,2,1,1,8,1,4,9,5,6,9,5,8,4,6,6,8,97,5,1,1,1,1,1,1,3,3,3,1,2,1,2,2,1,1,2,2,,2,1,,2,,,,,,3,,3,1,1,1,2,2,1,3,2,4,2,1,4,4,4,1,1,7,73,1,5,1
805,1,2,2,,,2,,,2,3,1,1,1,4,5,5,9,,96,,,,,,,,,10,10,10,10,10,10,10,10,10,10,10,10,2,,2,,2,8,4,2,3,3,4,3,8,9,4,4,4,4,4,1,1,1,3,1,1,3,1,9,2,2,1,1,1,2,,1,1,,1,,,,,,1,1,1,1,1,1,1,1,1,4,4,4,4,1,4,2,4,2,2,7,56,6,5,1
805,1,1,1,,,3,3,2,,,,,,,,,,,,,,,,,,,,,,,,,,,,,,,,,,,,,,,,,,,,,,,,,,,,,,,,,,,,9,9,9,9,9,9,9,9,9,9,,,,,,,,,,,,,,,,,,,,,,,,,,1,37,,1,4
805,1,2,2,,,1,,,2,3,1,1,1,1,1,4,1,3,4,2,2,1,3,3,3,3,3,97,6,5,5,5,97,97,6,97,97,97,97,2,,2,,97,97,97,97,97,97,97,97,97,97,97,97,4,4,4,1,2,2,1,3,2,3,2,9,1,2,1,1,1,1,,1,1,,2,,,,,,3,,1,1,1,1,1,1,1,4,4,4,3,3,4,4,4,1,2,5,59,5,5,1
805,1,2,2,,,2,,,2,3,1,3,3,3,3,4,1,1,4,2,8,2,8,3,1,3,1,8,8,5,9,9,97,97,97,8,9,97,7,1,1,8,,98,8,3,6,98,98,98,98,98,8,98,98,4,4,4,1,1,2,3,1,2,1,2,1,2,1,1,1,2,2,,1,1,,1,,,,,,1,4,3,1,1,1,1,1,1,4,4,4,4,2,4,4,4,2,2,7,53,4,5,1
805,1,1,1,,,1,,,2,3,1,2,2,2,3,4,1,2,9,2,2,2,2,3,8,1,3,6,8,4,4,5,3,4,5,4,6,4,4,8,,1,6,5,6,3,4,5,2,5,97,5,7,6,3,1,2,1,1,1,2,3,2,1,1,2,2,1,2,1,1,1,1,1,1,1,,2,1,4,2,2,1,1,4,2,1,1,1,1,1,1,3,4,4,2,1,2,4,4,3,2,5,42,5,5,1
806,1,1,1,,,1,,,2,1,2,2,4,4,4,4,1,1,4,1,1,1,1,1,1,1,1,8,5,10,5,8,4,10,97,9,9,8,9,2,,2,,5,10,9,5,5,6,2,10,10,10,10,5,4,4,4,1,1,1,1,1,1,1,2,1,1,2,2,1,2,1,1,1,1,,2,1,4,2,1,3,2,4,3,2,2,2,2,2,2,3,4,3,1,3,4,4,4,2,2,1,51,9,4,4
806,3,1,2,,1,2,,,1,3,1,2,4,4,1,1,2,,9,2,3,1,3,2,1,2,3,8,7,6,7,7,6,5,6,7,7,6,5,2,,1,4,5,5,4,6,7,4,5,6,6,6,5,5,4,4,4,1,2,1,1,1,2,1,2,2,1,1,1,1,1,2,,1,1,,1,,,,,,1,3,2,1,1,1,1,1,1,4,4,4,3,2,3,4,4,2,2,3,19,1,1,4
806,3,1,2,,2,2,,,1,2,2,1,4,1,1,1,3,,9,3,3,3,3,3,1,3,3,7,6,5,8,6,6,5,5,5,5,5,5,2,,2,,5,6,5,5,5,4,5,5,4,5,4,4,4,4,4,1,1,2,2,1,2,1,2,2,1,1,1,1,2,1,,1,1,,1,,,,,,1,3,2,1,1,1,1,1,1,4,4,4,4,4,4,4,4,2,2,3,19,3,2,4
806,1,2,1,,,3,1,,2,1,3,1,2,2,2,2,9,,5,9,3,3,2,1,3,2,3,97,97,97,10,97,97,97,97,97,97,97,97,8,,8,,98,98,98,98,98,1,98,98,98,98,98,98,4,4,4,2,1,1,9,2,1,1,2,2,2,2,2,2,2,2,9,2,2,2,2,2,,,,,2,9,3,2,2,2,2,2,2,4,4,4,4,4,4,4,4,2,,2,38,8,1,4
806,1,2,1,,,2,,,2,2,1,1,4,3,3,4,9,,9,2,2,2,3,3,3,2,3,97,8,97,5,5,97,4,97,5,6,5,97,1,11,1,11,3,6,1,3,2,3,3,4,4,4,3,2,1,2,1,1,1,1,2,3,1,1,1,2,1,2,1,1,9,2,1,1,1,,1,9,,,,,4,,3,1,1,1,1,1,1,4,4,4,3,4,3,4,4,1,2,5,42,4,5,1
810,1,1,2,,,1,,,1,3,1,1,4,1,5,5,9,,96,,,,,,,,,10,10,10,10,10,10,10,10,10,10,10,10,2,,2,,2,9,4,5,5,3,5,5,5,9,5,4,4,4,4,1,1,1,1,1,1,1,2,2,9,1,9,9,1,2,,9,9,,2,,,,,,1,1,1,1,1,1,1,1,1,4,4,4,4,2,4,4,4,3,1,5,47,5,5,1
810,1,1,2,,,1,,,2,3,1,1,1,4,1,1,3,,3,1,1,3,3,3,1,1,3,10,10,10,7,7,10,8,10,10,10,10,10,1,12,1,7,2,10,2,3,3,3,3,3,10,10,10,10,4,4,4,3,3,3,3,3,1,1,2,9,9,1,1,1,1,2,,1,1,,1,,,,,,1,1,2,1,1,1,1,1,1,4,4,4,4,8,4,4,4,3,1,5,73,9,5,1
810,1,1,2,,,2,,,2,3,1,1,1,1,1,1,1,2,3,3,3,8,3,3,3,1,3,5,5,7,1,97,5,5,5,4,6,5,5,2,,2,,6,3,5,1,5,9,5,2,2,2,3,3,4,4,4,1,1,3,3,3,3,3,2,9,1,1,1,1,1,2,,1,1,,2,,,,,,1,1,3,1,1,1,1,1,1,4,4,4,2,2,1,4,4,3,2,4,33,4,5,1
810,1,2,2,,,2,,,1,1,1,1,3,4,5,5,1,2,96,,,,,,,,,4,5,3,4,3,4,3,6,4,4,3,6,2,,2,,5,6,6,4,5,4,3,7,6,6,4,6,3,2,2,1,1,1,3,2,2,1,2,1,2,2,2,1,2,2,,1,1,,2,,,,,,3,,4,2,2,2,2,2,2,3,3,3,3,2,3,3,3,3,2,4,76,3,5,1
810,1,2,2,,,1,,,2,3,1,3,4,9,4,4,1,2,3,9,3,2,3,3,1,3,3,8,8,5,8,8,8,8,8,8,8,8,8,1,1,2,,9,9,97,97,97,9,97,7,8,8,97,97,3,4,2,1,1,1,2,2,1,2,2,1,1,2,1,1,1,2,,1,1,,2,,,,,,2,4,3,1,1,1,1,1,1,3,4,2,4,1,4,4,4,2,2,6,29,1,5,1
810,1,1,2,,,2,,,1,3,1,1,9,9,9,9,9,,97,,8,8,8,8,8,8,8,9,9,9,9,9,9,9,9,9,9,9,9,2,,1,4,8,8,2,2,3,3,2,6,8,5,5,6,4,4,4,1,1,1,3,1,1,3,1,2,2,2,1,1,1,2,,2,2,,1,,,,,,2,4,3,1,1,1,1,1,1,4,4,4,3,4,4,4,4,2,2,3,18,7,5,1
810,1,1,1,,,2,,,2,1,2,2,2,4,4,4,1,2,3,1,2,2,2,3,3,2,3,5,5,3,5,5,2,4,3,2,2,7,2,1,9,1,3,5,8,2,3,5,2,5,5,10,10,5,5,2,2,4,2,2,2,2,2,2,2,2,1,2,2,1,1,1,2,1,1,1,,2,2,,,,,1,1,2,1,1,1,1,1,1,1,4,1,2,2,2,4,4,3,2,3,21,2,1,4
810,1,1,2,,,1,,,2,9,2,2,2,2,4,4,1,3,97,,2,3,2,2,3,2,2,4,2,2,99,6,5,3,6,4,4,1,3,8,,1,3,2,2,5,3,4,4,2,4,3,2,1,2,4,3,3,3,1,1,2,3,2,3,1,2,2,2,1,2,2,1,,1,1,,2,,,,,,1,1,4,2,1,1,1,1,1,4,3,4,3,3,2,4,4,2,2,5,30,2,5,1
810,1,2,1,,,1,,,3,3,2,2,3,2,2,4,1,2,11,1,2,3,3,2,1,8,8,10,1,5,2,10,2,1,10,1,1,1,1,1,1,1,9,10,1,5,1,1,1,1,6,1,1,1,5,1,1,1,1,1,1,1,3,3,1,2,1,2,1,1,1,1,2,1,1,1,,1,1,9,3,3,2,1,9,3,2,2,2,2,2,2,2,4,1,1,3,2,2,8,3,2,5,18,1,5,2
810,2,2,1,2,,1,,,2,3,2,2,2,3,4,4,1,1,10,3,2,3,3,3,3,3,3,5,1,5,1,1,1,1,5,1,1,1,1,1,3,8,,1,10,5,1,1,1,1,1,1,1,5,5,4,8,4,1,1,3,1,3,1,1,2,2,2,2,1,2,1,2,2,1,1,,2,2,,,,,4,,1,2,1,1,1,1,1,4,3,1,1,1,4,4,4,4,2,3,37,6,5,2
810,1,2,2,,,3,3,2,,,,,,,,,,,,,,,,,,,,,,,,,,,,,,,,,,,,,,,,,,,,,,,,,,,,,,,,,,,,9,9,9,9,9,9,,9,9,9,,,,,,,,,,,,,,,,,,,,,,,,,,6,30,,5,1
812,3,1,1,,4,2,,,3,9,1,1,1,3,4,1,1,3,18,1,3,3,3,3,3,1,3,8,8,2,8,8,5,8,8,1,5,8,5,8,,2,,1,1,1,1,1,1,1,1,1,1,1,1,4,4,4,1,1,1,3,1,1,1,2,1,1,1,2,2,1,2,1,1,1,,1,1,5,1,3,2,1,4,2,1,1,1,1,1,1,3,4,4,4,2,4,4,4,2,2,5,50,4,4,4
812,1,2,2,,,2,,,2,3,2,1,9,9,9,9,3,,4,3,3,2,3,3,3,3,8,1,1,1,1,1,1,1,1,1,1,1,1,1,10,1,6,8,8,4,5,5,5,8,97,8,8,97,5,4,4,2,1,1,1,1,3,3,1,2,2,1,2,9,1,1,2,,2,1,,2,,,,,,4,,2,1,1,1,1,1,1,4,4,4,2,2,4,4,4,3,2,3,21,2,5,1
812,1,2,1,,,1,,,2,1,2,2,3,4,5,5,3,,4,2,3,3,2,3,2,8,3,5,1,5,2,2,2,1,3,2,2,3,3,1,9,1,6,5,5,5,2,6,9,8,2,6,6,5,5,1,1,1,1,1,1,1,2,1,1,2,1,9,9,9,9,9,9,9,9,9,,2,2,,,,,1,4,2,2,2,2,2,2,2,3,3,3,3,1,3,3,4,2,2,3,35,4,5,1
812,1,1,1,,,2,,,1,3,3,9,4,1,9,1,3,,97,,3,3,3,3,3,3,3,98,1,98,1,4,1,5,1,6,6,1,2,1,10,1,6,98,3,3,5,3,3,3,3,3,3,3,3,2,4,1,1,2,2,2,1,2,1,2,2,1,2,1,1,1,2,2,1,1,,2,2,,,,,1,1,1,1,1,1,1,1,1,1,1,1,4,1,4,4,1,1,2,3,36,4,5,1
813,1,1,2,,,3,3,3,,,,,,,,,,,,,,,,,,,,,,,,,,,,,,,,,,,,,,,,,,,,,,,,,,,,,,,,,,,,9,9,9,9,9,9,,9,9,9,,,,,,,,,,,,,,,,,,,,,,,,,,3,36,,5,3
813,1,1,2,,,2,,,2,3,1,1,2,2,4,4,9,,9,9,3,3,3,3,1,8,3,97,5,5,5,5,5,5,5,5,5,5,5,2,,2,,5,7,2,3,5,97,7,3,4,4,97,4,4,4,4,2,1,3,3,3,3,2,1,2,9,1,1,9,9,2,,9,1,,2,,,,,,2,3,4,1,1,1,1,1,1,4,4,4,3,4,4,4,4,1,2,4,21,1,5,1
813,1,2,1,,,1,,,2,2,1,1,1,1,4,3,2,,4,2,3,2,1,1,1,2,2,7,3,1,1,6,2,8,1,7,1,6,1,2,,2,,6,4,5,1,7,5,3,2,3,2,7,2,8,2,1,2,2,3,1,3,1,2,2,2,1,1,2,1,1,1,9,1,1,,1,2,,,,,1,3,1,1,2,2,2,2,1,3,1,1,4,1,4,3,1,1,1,6,59,9,5,1
813,1,2,2,,,2,,,2,3,1,1,9,4,4,4,1,1,97,,8,1,3,3,1,1,1,8,10,8,8,8,8,8,8,8,8,10,9,8,,2,,9,10,8,8,8,8,9,8,6,6,10,8,4,4,4,1,2,2,2,3,2,2,2,2,1,2,2,2,2,2,,9,1,,1,,,,,,3,,2,1,1,1,1,1,1,4,4,4,4,1,4,4,4,1,2,3,66,3,5,1
813,1,1,1,,,1,,,2,1,1,1,4,4,4,4,1,3,97,,1,3,3,3,1,3,3,7,6,6,6,6,6,6,6,6,6,6,6,2,,2,,1,9,1,1,1,1,1,1,1,1,1,1,4,4,4,3,1,3,3,2,1,3,1,1,1,1,1,1,1,1,1,1,1,,2,1,8,3,9,1,1,3,2,1,1,1,1,1,1,4,4,4,4,1,4,4,4,2,2,3,42,5,5,2
813,1,1,2,,,2,,,3,3,1,1,1,4,4,4,3,,17,2,3,3,3,3,3,3,3,7,8,7,8,7,7,7,7,8,8,6,8,2,,2,,97,97,2,2,3,4,1,4,7,5,97,8,4,4,3,2,1,1,3,1,1,2,2,2,2,2,1,1,1,1,,1,1,,1,,,,,,1,1,2,1,1,1,1,1,1,4,4,4,4,3,3,3,4,2,2,7,30,5,5,1
813,1,1,2,,,2,,,2,3,3,1,2,2,2,2,3,,7,2,8,8,2,2,1,2,8,5,7,5,3,5,7,5,98,98,98,98,98,8,,1,4,5,8,3,3,5,7,7,5,7,7,5,5,2,2,4,1,2,2,2,3,1,3,1,1,9,1,1,1,9,1,,1,1,,1,,,,,,1,4,2,1,1,1,1,1,1,2,2,3,3,1,3,2,4,3,2,3,28,4,5,1
813,1,1,2,,,2,,,3,3,1,1,1,1,1,1,1,9,3,2,1,8,3,1,1,1,3,5,7,7,6,5,7,5,7,7,8,8,8,1,2,2,,6,8,8,6,6,8,6,5,7,7,7,8,4,4,4,3,3,3,3,3,3,3,1,1,2,1,1,1,1,1,,1,1,,1,,,,,,1,1,2,1,1,1,1,1,1,4,4,4,4,3,4,4,4,1,1,6,60,7,5,1
813,1,1,2,,,3,1,,3,2,2,1,1,1,5,5,1,1,96,,,,,,,,,3,7,5,1,5,7,6,4,6,5,2,4,2,,2,,3,7,4,5,8,6,4,6,7,3,4,4,4,4,4,1,1,2,1,2,2,1,1,2,1,1,1,2,1,1,,1,2,,2,,,,,,2,1,3,1,1,1,1,1,1,1,3,1,1,2,1,2,1,3,,3,36,5,2,4
813,1,2,2,,,1,,,2,3,1,2,2,4,4,4,1,1,9,1,2,8,2,2,3,2,3,2,8,1,1,98,5,5,8,8,8,5,2,2,,1,96,1,5,1,1,1,1,1,1,5,1,98,98,4,1,4,1,1,1,1,1,1,2,2,2,2,1,1,1,2,2,,2,2,,2,,,,,,4,,4,2,2,1,2,2,2,4,1,4,1,4,3,4,4,1,2,3,44,1,5,1
813,1,1,2,,,1,,,9,9,1,1,1,1,1,1,1,1,9,3,3,3,3,3,3,3,3,8,8,8,8,8,8,8,97,8,8,97,8,2,,2,,97,9,8,5,9,5,9,8,8,8,8,8,4,4,4,3,1,1,3,2,3,1,2,9,2,2,1,1,1,2,,1,1,,1,,,,,,1,3,3,1,1,1,1,1,1,4,4,4,4,3,4,4,4,3,2,1,32,9,5,1
814,1,1,2,,,1,,,2,9,3,3,2,4,4,4,1,3,3,2,2,3,2,3,3,3,3,9,98,5,7,99,4,8,7,9,8,9,8,2,,1,3,8,9,6,6,8,99,7,7,7,7,7,8,3,3,3,2,1,1,2,2,3,1,1,2,2,2,2,1,2,2,,1,1,,2,,,,,,1,1,3,2,9,9,9,9,9,4,4,4,3,3,4,4,4,1,2,3,34,2,5,1
814,1,2,2,,,1,,,9,1,3,9,4,5,5,5,3,,10,9,3,9,2,3,1,1,2,10,10,10,98,98,97,98,10,10,10,98,98,2,,2,,5,5,97,5,98,3,98,5,5,5,98,4,4,4,4,3,1,1,2,3,1,3,2,9,2,1,1,1,1,2,,2,2,,1,,,,,,1,1,2,1,1,1,1,1,1,3,3,3,2,3,3,3,4,1,1,5,33,6,5,1
814,1,2,2,,,1,,,2,2,1,2,2,4,4,4,3,,7,2,3,3,3,3,3,3,3,3,97,3,97,97,97,3,1,1,1,1,97,2,,1,4,3,7,3,4,97,1,3,4,6,6,97,97,3,4,4,3,1,1,3,3,1,1,2,2,2,1,2,1,2,2,,1,1,,1,,,,,,1,4,2,2,1,1,1,1,1,4,4,4,4,3,3,4,4,1,1,4,43,3,5,1
814,1,1,1,,,1,,,2,1,1,1,3,3,3,4,1,1,4,2,2,2,2,2,3,2,3,7,7,4,4,4,4,4,8,8,7,7,7,2,,2,,2,8,3,3,5,3,3,6,3,3,4,4,3,2,1,2,2,1,2,2,2,2,2,2,2,1,1,1,1,2,2,1,1,,1,2,,,,,1,3,3,1,1,1,1,1,1,2,2,4,2,1,2,4,2,3,2,3,37,2,5,1
815,1,2,2,,,1,,,1,1,1,1,4,4,9,4,3,,11,2,3,3,3,3,1,3,1,7,7,5,6,7,7,5,8,8,5,5,6,8,,8,,3,5,3,3,3,3,3,3,4,3,3,3,4,4,4,2,9,2,2,2,2,2,2,9,1,2,1,1,1,2,,1,1,,1,,,,,,3,,2,1,1,1,1,1,1,4,4,4,4,1,2,4,4,2,2,3,62,5,5,1
815,1,1,1,,,1,,,9,3,1,2,2,4,4,4,1,2,4,2,3,3,3,2,3,3,3,5,5,2,2,2,5,5,5,5,3,5,5,1,10,1,4,5,6,5,2,2,6,5,4,4,2,6,5,2,4,1,1,1,1,1,2,1,2,2,2,1,2,1,1,1,2,1,1,1,,1,1,4,3,3,3,1,2,2,1,1,1,1,1,1,3,4,4,1,3,4,4,4,3,2,3,41,4,5,1
815,1,2,2,,,1,,,2,3,2,1,3,1,1,1,1,1,4,2,1,3,2,3,3,3,3,97,8,1,8,5,3,3,3,5,3,5,5,1,4,1,3,97,5,97,5,97,97,3,97,2,8,97,8,1,3,2,1,1,1,2,1,1,2,2,9,1,2,1,1,1,1,,1,1,,1,,,,,,3,,1,1,1,1,1,1,1,4,4,4,4,2,4,4,4,3,1,6,74,4,5,1
815,3,1,2,,1,1,,,2,9,2,1,2,4,5,5,1,3,96,,,,,,,,,7,8,7,7,8,6,8,6,8,8,8,6,8,,8,,6,6,7,5,5,6,5,7,7,1,7,6,4,2,3,1,2,2,2,9,2,2,1,1,2,2,1,2,2,1,,2,2,,2,,,,,,1,2,3,1,1,9,2,2,2,3,2,2,1,1,3,1,2,3,1,3,39,2,1,4
815,1,1,2,,,1,,,1,1,1,1,1,1,1,1,1,1,99,,1,1,1,1,1,1,1,4,7,5,1,5,5,5,5,5,5,5,5,1,1,1,6,5,5,5,5,5,5,5,5,5,5,5,5,4,4,4,3,3,3,3,3,3,3,2,2,1,1,1,1,1,1,,1,1,,1,,,,,,1,1,1,1,1,1,1,1,2,2,4,1,3,1,3,3,1,1,2,7,42,6,5,2
816,3,2,1,,2,3,3,1,3,3,1,3,1,5,4,2,1,1,97,,3,8,1,1,1,3,2,1,4,4,2,8,6,8,6,1,6,2,4,1,98,8,,1,6,6,1,7,7,1,5,7,3,8,8,3,8,1,1,1,3,3,3,1,1,1,2,1,2,2,2,1,1,2,1,2,,2,2,,,,,2,2,3,9,2,2,2,2,2,8,8,8,1,8,2,1,1,1,,5,41,2,2,4
816,1,1,1,,,1,,,2,3,9,9,9,9,9,9,9,,7,9,8,8,8,8,8,8,8,98,98,98,98,98,98,98,98,98,98,98,98,8,,8,,98,98,98,98,98,98,98,98,98,98,98,98,4,8,4,3,1,3,1,3,3,1,2,2,2,2,2,2,2,2,2,2,2,2,1,2,,,,,1,1,3,2,2,2,2,2,2,4,4,4,4,3,4,8,4,9,2,3,33,3,5,1
816,1,2,2,,,1,,,2,3,2,2,3,4,4,4,3,,4,2,3,3,3,3,3,3,3,97,97,97,8,97,97,97,8,8,97,97,8,1,12,2,,5,9,97,2,97,97,5,5,5,5,97,2,4,4,2,2,1,1,2,2,2,1,2,2,2,1,9,2,1,2,,2,2,,2,,,,,,1,3,3,1,1,1,1,1,1,4,4,2,4,1,1,3,4,3,2,7,30,2,5,1
816,1,1,1,,,2,,,1,2,2,2,4,3,4,4,3,,17,2,3,3,3,3,3,3,3,5,6,5,4,5,4,4,6,5,5,5,5,2,,1,4,8,6,8,7,6,7,7,5,6,6,6,6,2,2,2,1,1,1,1,2,2,1,2,2,2,2,2,1,1,2,1,1,1,,1,9,,,,,1,1,2,2,2,2,2,2,2,3,3,4,4,1,4,2,4,4,2,3,44,5,5,1
817,3,1,1,,4,3,1,,2,1,1,1,4,4,4,4,1,1,9,2,3,2,3,2,1,2,2,10,10,10,10,10,10,10,10,10,10,10,10,1,9,2,,10,10,10,10,10,10,10,10,10,10,10,10,4,4,4,3,3,3,3,3,3,3,1,2,9,9,9,9,9,9,9,9,9,,2,2,,,,,1,1,2,1,1,1,1,1,1,4,4,4,4,4,1,4,4,2,,3,32,3,4,2
817,1,2,1,,,1,,,2,2,1,1,4,1,4,5,9,,9,2,1,2,3,3,1,1,8,7,7,6,6,7,97,7,7,7,8,9,8,2,,2,,4,8,4,5,4,4,4,5,6,6,97,6,4,4,4,1,1,1,1,1,2,2,2,2,2,2,1,1,1,2,1,1,1,,1,1,12,1,3,1,1,4,3,1,1,1,1,1,1,4,4,4,3,4,4,4,4,1,2,5,40,3,5,1
817,1,1,2,,,2,,,2,3,1,2,2,1,4,4,1,1,5,2,1,3,2,2,8,1,3,1,98,5,3,5,5,7,3,10,10,3,98,1,9,1,4,4,10,97,5,3,5,7,5,10,10,4,5,4,3,1,1,1,1,2,3,3,1,1,2,9,9,9,9,9,9,,9,9,,2,,,,,,3,,1,2,2,1,1,1,2,3,3,4,4,4,8,4,4,1,2,7,65,9,5,9
817,1,2,1,,,3,1,,9,9,9,9,9,9,9,4,9,,98,,3,8,8,3,3,3,8,7,8,97,5,10,98,8,7,8,8,10,9,8,,1,96,5,1,4,3,98,3,98,5,7,7,5,6,4,8,4,9,9,9,9,9,9,9,2,9,2,2,9,9,1,9,9,1,1,,1,9,,,,,4,,9,1,9,1,1,9,1,8,3,3,1,3,8,3,4,3,,2,33,3,5,3
817,2,1,2,2,,2,,,2,3,1,1,4,1,4,4,1,3,17,2,3,1,3,3,3,1,1,9,98,98,98,98,98,98,98,98,98,98,10,2,,2,,1,8,1,8,5,3,5,7,3,8,5,6,4,4,4,2,1,3,1,3,3,3,1,2,9,9,9,9,9,9,,9,9,,2,,,,,,1,1,2,1,1,1,1,1,1,4,4,4,4,3,4,4,4,3,2,3,39,5,5,2
817,1,1,2,,,1,,,2,3,2,9,2,2,5,5,3,,96,,,,,,,,,4,2,7,7,6,4,5,8,7,6,4,5,1,1,1,2,1,8,6,2,3,5,6,7,7,8,5,7,1,2,3,2,1,1,1,2,1,1,1,2,2,2,1,1,1,1,,1,1,,1,,,,,,1,1,2,1,1,1,1,1,1,4,4,4,4,4,4,4,4,3,2,6,24,3,5,2
817,2,1,1,2,,1,,,2,2,3,2,1,4,3,4,1,2,3,1,2,3,3,1,3,3,3,4,6,5,5,97,97,97,6,6,6,6,6,1,9,1,96,1,1,3,5,3,5,5,5,6,6,6,6,2,2,2,1,1,1,1,3,3,1,1,2,2,1,1,1,1,2,1,1,1,,1,1,3,1,3,1,2,3,3,1,9,1,1,1,1,4,2,4,2,1,4,2,4,2,2,3,42,2,5,2
817,1,2,2,,,1,,,1,3,1,1,1,1,5,5,2,,96,,,,,,,,,5,5,5,5,5,5,5,5,5,5,5,5,2,,2,,3,5,3,3,3,5,3,3,3,3,3,3,4,4,2,2,2,1,2,2,2,2,2,2,1,2,2,1,1,2,,1,1,,2,,,,,,4,,2,1,1,1,1,1,1,4,4,4,4,4,4,4,4,3,2,5,21,1,5,1
817,1,2,2,,,1,,,2,1,1,3,2,2,2,2,1,2,4,2,2,2,2,2,1,2,2,3,5,3,3,3,3,3,3,2,2,1,3,2,,1,8,1,5,1,1,98,98,1,98,98,98,98,98,1,1,1,1,1,1,1,3,1,1,2,2,2,2,1,1,1,2,,1,1,,2,,,,,,3,,3,2,2,2,2,2,2,4,4,4,1,1,3,4,4,9,2,5,80,9,5,1
817,2,1,1,2,,2,,,9,3,1,1,4,4,4,4,3,,9,9,3,3,3,3,3,3,3,6,5,1,6,2,10,4,5,7,7,3,3,1,9,1,99,6,6,1,1,4,1,4,3,1,5,6,2,4,4,4,3,1,2,1,2,1,1,2,2,1,2,1,1,1,2,2,1,1,,2,2,,,,,1,3,3,2,2,2,1,2,2,4,1,1,1,1,3,4,1,1,1,3,25,3,5,2
817,3,1,2,,1,1,,,2,2,2,2,2,2,9,4,9,,4,9,3,8,3,2,3,8,2,10,10,10,10,10,10,10,10,10,10,10,10,8,,2,,98,98,98,98,98,98,98,98,98,98,98,98,3,3,4,1,1,1,2,1,1,3,2,9,2,2,2,9,1,2,,9,9,,2,,,,,,4,,3,1,1,1,1,1,1,4,4,4,4,2,4,4,4,2,2,3,52,8,1,2
817,1,2,2,,,1,,,2,1,2,2,2,2,2,2,1,2,11,9,2,2,2,3,3,3,2,2,98,4,1,3,1,4,2,2,1,2,1,2,,1,6,97,97,97,97,97,97,97,97,97,97,97,97,1,1,1,1,1,1,1,1,1,1,2,2,2,2,1,1,9,1,,1,1,,2,,,,,,2,4,2,2,2,2,2,2,2,1,1,4,1,1,4,1,2,2,2,3,60,5,5,1
818,1,2,2,,,1,,,3,3,1,1,1,1,1,3,1,1,2,2,2,1,3,1,1,2,3,97,97,4,10,10,7,7,8,8,8,7,5,1,4,8,,7,7,4,7,3,4,97,97,7,7,98,5,4,4,4,2,1,1,2,1,1,2,1,1,1,2,1,1,1,1,,1,1,,1,,,,,,1,1,1,2,2,1,1,1,2,4,4,4,4,3,4,4,4,1,2,7,40,6,5,1
818,1,2,2,,,1,,,1,2,3,3,3,2,3,3,1,2,17,1,1,2,3,3,3,1,2,8,6,6,3,4,6,6,6,8,5,7,6,1,12,1,4,7,7,3,7,9,8,9,4,7,8,7,4,3,1,4,2,1,1,2,1,2,3,2,1,1,1,1,1,2,1,,1,1,,1,,,,,,1,1,3,1,1,1,1,1,1,3,4,3,4,2,4,4,4,1,2,7,43,5,5,1
818,1,2,2,,,2,,,1,3,1,1,1,4,1,1,1,1,11,1,3,3,3,3,3,3,3,5,5,5,5,5,5,5,5,5,5,5,5,2,,2,,5,5,5,5,5,5,5,5,5,5,5,5,3,3,3,1,2,1,2,3,3,2,2,1,1,2,1,1,2,1,,1,1,,2,,,,,,1,4,3,1,1,1,1,1,1,4,4,4,4,2,4,3,4,2,1,3,50,6,1,1
818,1,2,2,,,1,,,2,1,2,2,3,3,3,3,1,1,97,2,8,2,2,2,3,2,2,5,5,5,5,5,5,5,5,5,5,5,5,1,98,1,10,6,5,5,6,5,5,5,6,6,6,6,6,3,3,3,2,1,1,1,2,3,2,2,2,1,1,1,1,2,1,,1,1,,1,,,,,,3,,2,1,1,1,1,1,1,4,4,3,2,4,4,4,4,1,2,3,74,1,5,1
818,1,2,2,,,1,,,1,3,1,1,2,1,1,1,1,1,9,3,3,1,2,3,1,2,2,5,5,97,3,6,97,5,5,6,6,6,6,2,,8,,3,7,3,2,3,3,3,5,5,5,5,4,4,1,4,2,1,1,2,2,2,2,1,1,1,1,1,2,2,2,,1,1,,1,,,,,,1,1,4,1,1,1,1,1,1,4,4,4,4,1,3,3,4,3,2,4,26,4,5,1
818,1,2,1,,,2,,,3,3,1,1,1,1,1,1,1,1,18,1,3,3,3,3,3,1,1,9,7,8,9,9,10,8,9,8,8,8,8,2,,2,,4,9,2,1,97,7,5,4,7,7,7,5,4,4,4,1,3,1,1,3,3,2,1,2,9,9,9,9,9,9,9,9,9,,1,9,,,,,1,3,2,1,1,1,1,1,1,4,4,3,4,3,4,4,4,3,2,5,37,4,5,2
818,1,2,1,,,2,,,2,3,1,1,4,4,4,4,3,,4,2,3,3,3,3,3,3,3,7,98,6,8,7,98,98,5,8,98,5,98,2,,2,,5,7,97,4,97,97,5,97,97,6,97,97,4,4,4,1,1,1,3,2,1,2,2,1,2,2,1,2,9,2,1,1,1,,2,2,,,,,1,1,2,1,1,1,1,1,1,4,4,4,4,2,4,4,4,2,2,5,29,4,5,4
818,1,1,2,,,1,,,1,3,1,1,4,1,4,4,1,1,17,2,3,3,3,1,8,1,8,5,5,1,7,6,2,8,3,1,2,5,2,1,4,1,12,3,8,1,5,5,1,5,3,3,3,5,3,2,4,4,1,1,3,3,3,1,3,2,1,2,1,1,1,1,1,,1,1,,2,,,,,,1,1,1,1,1,1,1,1,1,4,4,4,3,3,4,4,4,1,2,6,34,5,5,1
818,1,2,2,,,3,1,,2,1,1,1,1,1,1,1,3,,17,2,3,3,3,3,3,3,3,10,8,6,6,6,7,97,98,6,7,7,7,1,10,1,4,97,97,97,97,97,97,97,97,97,97,97,97,4,4,4,3,3,3,3,3,3,3,1,1,9,9,9,9,9,9,,9,9,,1,,,,,,1,4,2,1,1,1,1,1,1,4,4,4,3,1,3,4,4,1,,5,41,7,5,3
818,1,1,2,,,3,1,,2,3,1,1,1,3,1,1,1,3,9,2,3,2,3,3,1,1,1,8,8,5,7,5,5,6,5,8,8,5,8,1,12,1,4,4,7,3,5,3,3,3,5,4,7,5,6,4,3,4,1,2,1,1,2,2,1,1,1,1,1,1,1,1,1,,1,1,,1,,,,,,1,1,3,1,1,1,1,1,1,3,3,3,3,2,4,3,3,2,,6,25,3,5,3
818,3,1,2,,1,2,,,9,1,9,1,4,9,4,4,3,,97,,3,2,3,2,1,2,3,7,5,5,10,6,6,98,4,3,4,6,5,1,10,8,,3,7,4,3,3,98,97,98,2,5,98,98,2,4,4,3,1,1,1,1,1,2,1,2,9,9,9,9,9,9,,9,9,,1,,,,,,4,,3,1,1,1,1,1,1,4,4,1,4,4,4,2,4,2,1,3,18,8,1,4
818,1,1,2,,,2,,,9,9,1,1,4,1,1,1,1,1,98,,3,3,3,3,1,3,3,10,10,5,7,7,98,98,4,10,10,3,5,1,10,1,96,7,3,5,98,5,98,98,3,7,7,5,5,4,4,4,3,3,3,3,3,3,3,2,1,9,9,9,9,9,9,,9,9,,1,,,,,,3,,3,1,1,1,1,1,1,3,4,4,4,4,4,4,4,9,2,3,65,4,4,3
818,1,1,1,,,3,1,,2,3,1,1,4,2,2,4,1,2,4,2,3,2,2,2,3,2,1,4,5,2,3,4,97,97,5,5,5,6,4,8,,1,96,2,7,2,2,2,3,3,4,4,4,4,3,2,2,3,2,1,2,2,2,2,1,1,9,1,1,1,1,1,1,1,1,1,,1,1,18,3,1,3,1,4,3,1,1,1,1,1,1,4,3,4,4,2,4,4,4,1,,6,45,9,5,1
818,1,1,1,,,1,,,2,9,1,2,2,2,3,3,1,1,2,2,2,2,2,3,2,3,2,97,8,1,2,2,97,97,97,5,97,5,5,1,12,1,4,1,8,1,2,2,4,5,5,4,8,5,7,4,1,3,2,1,2,1,3,2,1,1,1,1,2,1,1,2,1,1,1,1,,2,1,4,3,3,3,1,3,3,1,1,1,1,1,1,4,4,4,4,1,4,4,4,1,2,6,33,5,5,1
818,1,1,2,,,2,,,2,3,1,2,1,1,1,1,3,,98,,1,8,3,2,1,3,3,3,5,2,10,9,6,6,3,1,2,1,1,1,4,1,12,8,9,4,1,3,7,4,2,2,3,1,2,1,1,2,3,2,1,2,3,1,2,2,1,1,1,2,1,2,1,,1,1,,2,,,,,,4,,2,1,1,1,1,1,1,2,2,1,2,2,2,1,2,3,1,3,18,6,1,4
818,1,1,2,,,1,,,1,3,1,1,1,3,1,1,3,,97,,1,1,3,3,3,1,3,8,7,8,9,9,10,97,10,1,9,8,8,2,,1,2,97,9,1,5,5,4,4,6,5,3,3,3,4,4,4,1,1,1,2,1,1,1,1,2,2,1,1,1,1,1,,1,1,,1,,,,,,1,1,2,1,1,1,1,1,1,4,4,4,3,2,4,4,4,2,2,6,36,7,5,1
818,1,1,2,,,1,,,1,3,1,1,1,3,3,1,1,3,4,2,1,2,2,3,1,1,3,5,9,7,7,7,7,5,9,8,9,8,6,1,4,1,4,7,8,1,2,4,2,2,5,7,9,6,7,3,3,2,1,1,1,3,1,3,2,1,1,2,1,1,1,2,2,,1,1,,1,,,,,,1,3,2,1,1,1,1,1,1,2,4,3,2,1,3,3,3,3,2,5,25,1,4,1
818,1,2,2,,,2,,,1,3,1,3,9,9,9,4,1,3,9,3,3,2,3,3,1,3,2,10,10,10,10,10,10,10,10,10,10,10,10,2,,2,,97,97,97,97,97,97,97,97,97,97,97,97,4,4,4,1,1,3,2,2,2,2,1,1,1,1,1,1,1,2,,2,9,,1,,,,,,2,2,3,1,1,1,1,1,1,4,4,4,4,2,4,4,4,1,2,3,67,9,5,1
818,1,1,2,,,3,1,,2,3,1,2,1,4,1,4,3,,9,3,1,3,3,1,3,3,3,7,7,5,8,6,7,4,5,8,8,6,8,1,10,8,,7,8,7,8,8,6,6,7,7,6,5,5,3,4,3,3,3,1,3,3,2,1,1,2,1,1,1,2,2,2,,1,1,,1,,,,,,2,1,2,1,1,1,1,1,1,2,4,3,4,3,3,4,4,2,,2,99,9,1,4
818,1,1,2,,,1,,,2,3,3,1,2,2,3,3,3,,17,3,1,3,3,3,3,3,3,1,1,2,2,4,3,1,4,1,1,1,2,2,,1,10,1,3,98,1,2,98,98,1,1,1,2,98,2,2,2,1,1,1,9,1,1,1,2,2,2,2,2,2,2,2,,2,2,2,2,,,,,,3,,2,1,1,2,1,1,1,8,3,4,1,1,4,2,4,3,2,3,66,3,5,1
818,1,1,1,,,3,1,,2,1,2,3,1,2,4,4,3,,11,3,3,3,3,3,3,3,2,2,1,2,99,10,3,4,4,3,5,7,9,1,4,1,12,8,9,1,1,1,97,1,97,1,10,5,5,4,4,4,1,2,3,1,3,1,1,1,2,1,1,1,1,1,1,2,1,1,,1,2,,,,,1,3,1,1,1,1,1,1,1,2,1,4,4,4,4,4,4,1,,6,37,5,1,4
818,1,1,2,,,2,,,2,3,1,2,1,2,9,3,1,1,4,2,2,3,2,2,1,2,3,6,3,5,3,6,3,5,4,7,8,5,5,2,,2,,3,5,3,2,5,5,5,97,6,6,97,7,4,4,4,1,2,3,3,3,3,3,2,1,2,1,1,1,1,1,,1,1,,2,,,,,,1,1,3,1,1,1,1,1,1,4,4,4,4,1,4,4,4,3,2,3,27,5,5,2
818,1,1,2,,,1,,,2,1,2,2,2,3,9,2,1,1,9,3,2,2,2,8,3,2,2,9,8,99,9,8,8,99,8,8,8,8,8,1,9,1,1,8,7,8,9,8,99,8,8,8,8,8,8,4,4,4,9,9,9,9,9,9,9,2,9,2,1,1,1,1,1,,1,1,,2,,,,,,1,9,2,2,2,2,2,2,2,4,4,4,4,4,4,4,4,9,2,3,20,4,5,2
818,1,2,1,,,1,,,1,3,1,1,4,4,4,4,9,,4,3,8,8,8,8,8,8,8,5,5,5,5,5,5,5,5,5,5,5,5,8,,2,,1,1,1,1,1,1,1,1,1,1,1,1,4,4,4,1,2,3,2,3,1,3,2,1,1,9,1,1,9,2,1,1,1,,2,1,4,3,3,3,2,9,3,1,1,1,1,1,1,4,4,4,3,3,4,4,4,9,2,5,25,3,1,1
818,1,2,2,,,2,,,2,1,1,2,2,2,2,4,3,,2,3,2,2,2,3,3,2,3,97,1,2,1,3,97,97,97,5,5,97,5,2,,1,4,8,6,6,6,6,97,3,97,8,8,7,8,3,3,3,1,1,1,1,2,1,2,2,9,1,2,1,1,1,1,,1,1,,2,,,,,,4,,1,1,1,1,1,1,1,4,4,4,2,3,4,4,4,1,1,6,67,6,5,1
818,1,1,2,,,2,,,2,3,2,2,1,1,1,1,1,3,9,2,1,3,2,3,1,3,2,5,6,4,4,4,4,4,4,4,4,5,4,2,,2,,5,5,5,5,5,5,5,5,5,5,5,5,1,3,1,1,2,2,1,2,2,2,1,2,1,1,1,1,1,1,,1,1,,1,,,,,,1,3,4,1,1,1,1,1,1,4,4,3,4,4,4,4,4,3,2,3,39,3,5,1
818,1,1,2,,,1,,,9,9,1,1,4,4,4,4,3,,2,2,3,8,3,3,1,3,1,8,8,6,8,8,8,8,98,6,6,8,8,2,,2,,6,9,3,3,3,97,4,5,5,6,97,5,4,4,4,1,1,1,1,2,2,2,2,2,2,2,1,1,1,2,,1,1,,1,,,,,,1,4,2,1,1,1,1,1,1,4,4,4,4,3,4,4,4,2,1,5,40,5,4,4
818,1,2,1,,,1,,,2,2,1,2,4,4,3,1,1,1,17,1,2,1,1,2,3,3,3,5,5,5,2,6,5,6,5,2,2,5,2,8,,1,4,4,6,5,4,5,5,5,6,3,3,5,3,1,4,2,3,1,1,2,3,2,1,2,1,1,2,1,1,1,2,1,1,1,,1,9,,,,,1,4,2,1,1,1,2,1,1,4,4,4,4,2,3,4,4,1,1,5,29,5,4,4
818,3,2,2,,1,2,,,3,3,1,1,4,9,2,5,1,1,9,3,2,3,3,3,3,3,8,5,7,7,6,6,5,6,5,8,8,5,5,1,1,2,,8,9,9,9,1,8,6,5,5,6,5,5,3,3,2,3,1,1,2,1,1,1,2,2,2,2,2,1,2,2,,2,2,,2,,,,,,2,4,4,2,2,2,2,1,2,3,1,2,3,1,1,1,4,2,1,2,65,9,1,1
818,1,1,2,,,2,,,2,3,1,1,3,4,1,2,9,,4,2,1,3,3,2,1,2,8,9,9,6,9,4,8,10,2,1,1,7,5,2,,1,10,10,9,6,3,1,8,10,1,1,1,4,1,1,2,2,1,1,1,2,3,2,1,1,2,1,1,1,1,1,2,,1,1,,1,,,,,,1,4,2,2,2,2,2,2,2,4,4,3,4,4,3,4,4,3,2,5,22,8,4,4
847,1,2,2,,,3,3,2,,,,,,,,,,,,,,,,,,,,,,,,,,,,,,,,,,,,,,,,,,,,,,,,,,,,,,,,,,,,9,9,9,9,9,9,,9,9,9,,,,,,,,,,,,,,,,,,,,,,,,,,6,26,,5,1
847,1,1,2,,,2,,,2,2,1,2,2,3,4,4,1,1,9,2,3,3,2,3,3,3,3,5,5,4,7,4,6,97,4,7,8,97,8,1,2,1,5,8,5,97,8,4,97,97,97,4,97,97,97,2,2,1,1,1,2,1,2,2,1,2,1,1,9,1,1,2,1,,1,1,,2,,,,,,3,,3,2,2,1,1,1,1,4,4,4,4,1,4,4,4,1,2,5,73,3,5,1
847,1,1,2,,,1,,,3,3,1,1,4,1,4,4,3,,4,2,3,3,2,3,1,1,3,98,5,3,8,97,97,98,7,3,5,7,98,1,4,1,10,5,5,1,3,3,97,5,3,3,5,97,3,4,4,3,1,2,2,1,1,3,2,1,2,1,1,1,1,1,2,,1,1,,1,,,,,,1,1,2,1,1,1,1,1,1,3,4,3,4,3,4,4,4,3,2,4,26,6,5,1
847,1,2,1,,,1,,,2,2,1,1,3,4,4,4,1,3,14,2,3,3,3,3,3,3,3,7,6,3,4,6,2,5,8,6,6,6,3,2,,1,4,6,7,5,97,6,97,5,5,3,3,98,98,3,3,2,1,1,1,1,1,2,2,2,2,2,2,1,1,1,1,1,1,1,,2,2,,,,,4,,1,1,1,1,1,1,1,4,4,4,3,1,2,4,4,3,2,3,30,9,5,1
847,1,2,2,,,1,,,1,3,2,2,1,1,5,5,1,1,96,,,,,,,,,7,1,2,1,7,8,8,6,1,6,2,7,1,5,8,,7,5,6,3,1,8,2,2,1,2,2,4,3,2,4,1,9,2,1,3,1,1,1,2,2,1,2,2,9,2,,2,2,,1,,,,,,3,,2,2,2,2,2,2,2,3,1,4,2,3,4,1,3,1,2,4,52,3,5,1
847,3,1,1,,1,1,,,2,1,1,2,1,1,4,4,1,1,4,2,3,2,8,3,8,8,8,97,98,97,97,97,97,97,97,97,97,97,97,2,,2,,3,9,97,3,97,97,97,97,3,9,3,3,4,4,4,1,1,1,2,3,1,1,2,2,2,2,2,1,1,2,1,1,1,,2,9,,,,,4,,3,1,1,1,1,1,1,4,4,4,3,3,3,4,4,3,1,3,43,5,1,4
847,1,1,2,,,1,,,1,1,9,2,2,2,3,3,1,2,9,2,2,2,2,2,3,2,2,2,3,3,3,2,3,2,2,2,2,3,3,1,2,1,7,3,5,4,3,4,2,2,2,3,4,3,3,3,3,3,3,1,2,2,3,2,2,2,1,1,1,1,1,1,2,,1,1,,1,,,,,,3,,2,9,9,9,9,9,9,4,4,4,3,2,4,4,4,3,1,6,68,6,5,1
847,1,2,1,,,1,,,2,1,2,2,4,4,4,4,1,1,9,1,2,2,2,2,2,8,3,98,98,4,2,3,3,3,3,1,1,1,6,1,7,1,96,5,6,4,1,3,98,97,98,3,5,2,5,4,1,4,1,1,1,1,2,1,1,2,9,2,1,2,1,1,2,1,1,1,,2,1,4,3,2,3,1,1,3,1,1,1,1,1,1,4,4,3,1,1,4,4,4,2,2,5,37,4,5,1
847,1,1,1,,,2,,,2,1,1,2,2,3,4,4,1,1,4,2,3,3,2,3,3,3,3,97,97,5,3,3,1,4,6,97,97,6,1,1,8,1,12,8,97,6,2,4,3,5,6,3,4,97,3,3,3,2,1,1,2,3,3,1,2,2,2,1,1,2,1,1,1,1,1,1,,2,1,8,3,3,1,1,1,2,9,9,9,2,1,2,4,4,4,4,1,4,4,4,1,2,5,49,6,5,1
847,2,2,1,2,,1,,,2,3,3,3,4,4,4,4,1,1,4,3,3,3,2,3,3,3,3,10,8,8,8,8,10,10,5,1,1,5,1,2,,1,9,5,5,5,5,5,5,5,5,5,5,5,5,4,4,4,1,1,1,2,3,3,1,1,2,9,9,9,9,9,9,9,9,9,,2,1,9,3,3,3,1,1,3,1,1,1,1,1,1,4,4,4,4,1,4,4,4,1,2,5,37,3,5,2
847,1,1,1,,,3,2,1,3,3,1,1,1,1,4,1,1,2,97,,1,1,1,1,1,1,1,10,10,10,10,10,10,10,98,10,10,10,10,2,,2,,97,97,98,97,97,97,97,97,97,97,97,97,4,4,4,9,9,9,1,9,9,9,1,2,2,2,2,2,2,2,2,2,2,,1,1,10,1,1,1,1,1,1,1,1,1,1,1,1,4,4,4,4,3,4,2,4,3,,7,50,9,5,4
847,1,2,2,,,1,,,2,1,1,1,3,3,3,4,1,1,17,2,2,2,2,3,1,2,3,8,8,3,3,5,7,7,5,5,6,8,5,2,,2,,8,8,1,5,5,3,6,8,6,8,6,5,3,3,2,1,1,1,2,2,2,3,2,2,2,1,1,1,1,1,,1,1,,1,,,,,,1,1,1,1,1,1,1,1,1,4,4,4,4,4,4,4,4,2,2,6,23,5,5,1
860,1,1,2,,,3,1,,3,3,1,3,1,1,1,1,1,2,18,2,3,1,3,8,3,1,3,10,10,10,10,10,10,10,10,10,10,10,10,1,96,2,,6,9,4,3,6,3,6,6,6,6,6,3,4,4,4,2,1,1,2,3,2,2,2,1,2,1,1,1,2,2,,1,1,,1,,,,,,1,1,2,1,1,1,1,1,1,4,4,4,4,4,4,4,4,3,,3,42,4,5,1
860,1,1,2,,,2,,,2,1,2,1,1,1,1,1,1,1,6,3,2,3,3,3,3,3,3,10,10,97,8,97,5,10,8,10,10,97,10,2,,1,96,1,6,9,2,97,3,6,1,9,9,97,97,1,1,1,1,1,1,1,1,1,1,1,2,1,1,1,1,1,1,,1,1,,2,,,,,,1,1,4,1,1,1,1,1,1,4,4,4,4,4,4,4,4,3,2,3,97,4,5,4
860,1,2,2,,,1,,,2,9,1,2,2,4,4,4,3,,9,1,3,2,2,2,3,3,3,4,6,6,5,5,4,4,5,5,5,6,6,8,,1,4,4,5,5,4,97,4,4,4,4,4,5,5,4,2,4,1,1,1,2,1,1,1,2,1,1,1,9,1,2,2,,1,1,,1,,,,,,3,,4,2,1,2,2,2,2,4,4,4,2,2,4,4,4,2,2,2,67,9,5,1
860,3,1,1,,1,1,,,2,2,2,1,1,2,5,5,1,2,96,,,,,,,,,5,5,4,6,6,7,5,5,4,6,5,3,2,,1,9,5,4,7,7,6,5,5,8,6,6,8,6,2,2,2,2,1,3,2,2,3,1,1,9,1,1,1,2,1,1,1,1,1,,1,1,2,2,2,1,2,2,2,1,1,1,1,1,1,1,1,1,2,2,2,1,2,2,2,5,28,3,1,1
860,1,1,2,,,2,,,3,3,1,1,2,4,4,4,1,1,17,1,3,3,2,2,1,2,3,5,5,10,7,5,7,10,7,3,10,7,5,1,1,1,2,1,10,7,7,5,8,3,3,2,5,3,5,3,4,4,3,2,1,3,1,3,3,1,1,2,1,2,1,2,2,,1,1,,2,,,,,,2,1,3,1,1,1,1,1,1,4,4,4,3,3,4,4,4,3,1,5,23,1,5,2
860,1,2,2,,,2,,,1,3,1,2,4,4,4,4,1,2,11,1,3,8,3,2,3,3,3,8,8,7,6,7,6,6,7,6,6,8,6,2,,2,,4,8,7,5,6,3,5,5,7,6,6,4,3,2,3,2,2,1,1,3,2,1,1,1,2,2,2,1,2,2,,2,2,,2,,,,,,4,,3,1,1,1,1,1,1,2,3,2,2,2,3,3,4,1,2,1,97,5,5,2
860,3,1,1,,2,2,,,1,2,1,1,4,4,4,4,1,2,17,3,1,1,3,3,1,3,3,7,7,7,5,7,5,5,8,8,8,98,8,1,9,1,6,7,7,7,5,7,5,5,7,8,8,98,8,4,4,4,3,1,1,2,2,1,2,1,2,1,1,1,1,1,2,1,1,1,,1,1,9,1,2,1,1,3,2,1,1,1,1,1,1,4,4,4,4,4,4,4,4,3,2,7,50,6,2,1
860,1,2,1,,,2,,,1,3,1,1,4,4,4,4,3,,13,2,3,3,3,3,3,3,3,97,7,3,5,5,7,5,5,97,3,7,6,2,,2,,1,7,1,2,4,2,3,3,1,1,4,3,3,4,2,2,1,1,2,2,1,2,2,2,1,1,1,1,2,2,1,1,1,,2,9,,,,,1,1,2,1,1,1,1,1,1,3,2,3,4,1,3,4,4,3,2,6,52,5,5,1
860,1,2,2,,,1,,,1,3,1,1,4,4,4,4,3,,17,2,3,3,3,3,3,3,3,5,8,7,5,7,7,4,8,7,7,8,7,2,,2,,97,7,4,3,4,97,97,7,8,8,9,97,4,3,4,2,2,1,2,3,2,2,2,2,1,1,2,1,2,2,,1,1,,1,,,,,,1,1,2,1,1,1,1,1,1,4,4,4,4,1,4,4,4,3,2,7,48,7,5,1
864,1,2,2,,,2,,,2,1,2,2,2,4,2,2,1,1,4,9,2,2,2,2,2,2,3,8,97,6,2,97,7,7,97,8,9,8,97,2,,2,,4,4,4,2,6,3,4,6,6,7,7,4,1,1,4,1,1,1,1,1,3,1,2,1,2,1,1,1,2,2,,1,1,,2,,,,,,4,,3,2,2,2,2,2,2,1,1,1,1,1,1,1,1,2,2,5,53,4,5,2
864,1,2,1,,,2,,,2,2,3,2,3,3,1,4,1,1,4,2,8,3,3,3,1,1,8,98,98,4,5,98,98,98,98,98,10,98,5,1,9,1,4,98,98,98,1,98,98,5,98,98,8,98,4,8,3,4,1,1,1,2,3,1,1,1,9,2,2,1,1,2,2,1,1,1,,1,1,16,1,3,1,4,,2,1,9,1,1,1,1,4,4,4,4,2,4,4,4,1,1,2,39,4,5,1
864,1,1,1,,,1,,,1,3,1,1,4,4,4,4,1,2,4,3,3,3,8,3,1,3,3,8,9,8,9,8,8,8,8,8,9,8,8,2,,2,,5,7,6,4,5,3,7,97,7,8,4,3,3,3,3,2,1,2,3,3,3,3,2,2,2,2,1,1,2,2,9,1,1,,2,9,,,,,1,4,3,2,2,2,2,2,2,2,3,2,3,2,2,3,4,1,2,3,35,2,5,1
864,1,2,2,,,2,,,1,1,2,2,2,2,5,5,3,,13,9,3,3,3,3,3,3,3,10,4,2,3,3,2,8,5,4,2,4,2,2,,8,,2,9,5,5,6,5,7,5,5,5,5,5,1,1,4,3,1,1,2,2,3,2,1,2,2,2,2,1,1,2,,1,1,,1,,,,,,4,,3,1,1,1,1,1,1,4,4,2,4,1,4,4,4,2,2,4,50,3,5,2
864,1,2,2,,,2,,,9,3,1,1,4,4,4,4,3,,98,,8,3,3,3,3,3,3,5,5,5,5,5,5,5,5,5,5,5,5,2,,2,,5,5,5,5,5,5,5,5,5,5,5,5,4,4,4,2,1,1,2,2,3,2,2,2,2,2,2,2,2,2,,2,1,,2,,,,,,6,,3,1,1,1,1,1,1,4,4,4,3,3,4,4,4,3,2,3,22,2,5,1
864,1,2,2,,,2,,,2,1,2,2,2,3,3,3,3,,4,1,2,8,2,3,8,2,8,4,8,4,5,5,3,6,6,3,4,1,7,1,10,1,4,2,98,98,1,2,1,1,98,98,4,4,2,1,1,1,3,1,1,1,3,1,3,2,2,2,2,2,1,1,2,,2,2,,2,,,,,,1,9,4,2,2,2,1,1,1,4,4,4,4,4,4,4,4,9,2,1,55,1,5,1
903,1,1,2,,,2,,,1,3,1,1,1,1,1,4,1,2,9,2,3,2,3,3,3,1,3,5,5,4,5,5,97,5,97,97,97,7,6,1,11,2,,5,6,4,5,5,3,4,97,97,5,5,5,4,4,4,1,1,1,3,2,1,1,2,1,1,2,2,1,1,2,,2,1,,1,,,,,,3,,1,9,1,9,1,1,1,4,4,3,4,2,4,4,4,3,2,3,72,9,5,1
903,1,1,1,,,1,,,2,3,2,3,3,3,3,3,1,3,98,,3,3,3,2,3,3,3,6,5,5,5,6,6,10,7,6,7,6,6,2,,2,,5,8,5,2,5,2,2,2,9,9,6,6,3,3,3,1,1,1,1,2,2,1,1,1,2,2,1,1,1,2,2,1,1,,1,2,,,,,1,4,2,1,1,1,1,1,1,4,4,4,4,4,3,4,4,2,2,4,27,9,5,2
903,1,1,2,,,1,,,2,2,1,1,1,1,1,1,1,1,4,2,3,3,3,3,3,3,3,5,1,5,5,1,1,1,2,1,1,1,2,1,4,8,,1,2,1,5,1,1,1,1,1,1,1,1,3,4,2,1,3,1,9,1,3,1,2,2,2,2,1,1,2,2,,1,1,,1,,,,,,3,,3,2,2,2,2,2,2,4,4,4,4,4,4,4,4,2,2,2,72,9,5,1
903,2,1,2,2,,1,,,2,3,9,9,4,4,4,4,9,,98,,3,8,8,2,3,8,3,5,97,97,5,97,97,97,97,97,97,97,97,8,,8,,1,5,3,4,3,1,1,5,6,6,3,4,4,4,4,1,1,9,9,1,9,9,2,9,2,9,9,2,2,2,,9,9,1,2,,,,,,2,9,4,9,9,9,9,9,9,8,4,4,4,2,4,4,4,2,1,2,67,1,5,2
903,1,1,2,,,2,,,2,2,1,1,1,3,4,4,3,,9,2,1,2,2,3,1,1,2,97,97,5,4,5,97,4,9,9,9,97,8,1,8,2,,5,8,3,5,5,4,3,7,6,8,97,7,4,2,2,2,1,1,2,1,2,2,2,2,2,1,1,1,1,1,,1,1,,1,,,,,,3,,2,2,1,1,1,1,1,4,4,2,4,1,4,4,4,3,1,5,71,4,5,1
904,2,2,1,2,,1,,,1,2,1,1,2,4,4,4,1,2,4,3,3,3,3,3,3,3,3,6,5,4,4,4,2,2,5,5,6,4,5,1,10,8,,2,6,5,4,5,3,2,6,6,7,6,5,2,8,8,1,1,9,3,3,3,9,2,2,2,9,2,1,1,1,1,1,1,,2,2,,,,,3,,3,9,9,9,9,9,9,4,4,4,4,1,4,4,4,2,2,6,63,4,5,2
904,2,1,2,2,,1,,,2,2,1,1,1,4,4,4,3,,9,3,3,3,3,3,3,3,3,9,8,7,9,8,6,10,8,8,1,7,6,2,,2,,7,6,1,6,1,1,8,5,9,9,6,7,4,4,4,2,2,2,2,2,2,3,2,2,2,1,1,1,1,1,,1,1,,1,,,,,,1,2,3,1,1,1,1,1,1,4,4,4,4,4,4,4,4,2,2,3,31,4,5,2
904,1,2,1,,,1,,,2,3,2,1,2,4,3,4,1,1,3,1,1,3,3,3,3,1,3,10,9,8,8,9,5,2,10,10,8,10,10,2,,1,7,1,5,5,10,7,8,8,7,10,10,7,7,4,4,4,2,1,1,1,3,2,3,1,2,9,9,9,9,9,9,9,9,9,,2,2,,,,,1,4,2,1,1,1,1,1,1,4,2,4,4,2,4,4,4,3,1,7,43,4,5,2
904,1,1,2,,,2,,,2,3,1,2,2,4,4,9,1,3,97,,3,3,3,3,3,3,3,99,99,99,99,99,99,99,99,99,99,99,99,8,,8,,98,98,98,98,98,98,98,98,98,98,98,98,4,4,4,1,9,1,3,3,3,2,2,2,9,2,2,9,9,2,,2,9,2,1,,,,,,1,1,1,9,9,9,1,1,1,4,4,4,4,8,4,4,4,1,2,3,60,9,5,1
904,1,2,1,,,2,,,2,1,2,2,2,2,2,2,1,1,9,1,2,3,2,2,3,1,3,5,97,8,1,5,8,5,5,97,5,5,5,1,8,1,4,8,5,97,5,5,5,8,5,97,97,6,6,3,1,4,1,1,1,2,3,3,2,2,1,1,2,2,2,2,2,1,1,1,,2,1,4,2,2,3,1,4,2,2,2,2,2,2,2,4,4,3,1,3,3,3,4,2,2,3,32,2,5,1
904,1,2,1,,,3,1,,1,3,2,1,1,2,4,4,3,,7,2,3,3,3,3,3,3,2,8,8,97,7,97,6,6,6,7,7,7,7,1,10,1,6,7,7,7,5,5,5,5,5,7,8,5,5,3,3,2,1,1,1,2,2,1,2,1,2,1,1,1,1,2,1,1,1,1,,1,2,,,,,1,3,2,1,1,1,1,1,1,2,4,4,2,3,4,4,4,1,,6,32,5,5,1
904,1,2,1,,,2,,,3,2,1,1,2,4,4,4,3,,98,,3,3,2,3,3,3,3,1,1,5,7,3,6,1,5,1,1,4,4,1,11,2,,3,3,1,1,5,1,5,1,5,5,5,8,4,1,4,2,2,2,2,2,2,1,1,1,2,1,1,1,1,1,9,1,1,,1,9,,,,,1,4,1,2,2,2,2,2,2,4,4,4,4,4,4,4,4,1,2,3,24,5,5,1
904,1,2,2,,,1,,,2,3,1,2,2,2,4,3,3,,9,2,3,3,3,3,3,3,3,4,6,97,3,3,1,1,3,4,5,2,4,1,12,1,6,4,6,97,1,3,4,2,97,97,6,1,98,3,4,2,1,1,1,2,9,3,2,2,2,2,2,2,2,2,2,,9,1,,2,,,,,,3,,2,1,1,1,1,1,1,4,4,4,4,3,4,4,4,2,2,3,53,3,5,1
904,1,1,2,,,2,,,2,1,3,3,2,4,4,4,2,,4,3,3,3,3,2,3,3,2,99,99,99,99,99,99,99,99,99,99,99,99,2,,1,6,1,1,1,1,1,1,1,1,1,1,1,1,4,4,4,3,1,3,3,3,3,1,2,2,2,2,2,2,1,2,,2,1,,2,,,,,,3,,3,1,1,1,1,1,1,4,4,4,4,4,4,4,4,2,2,3,54,1,5,3
904,1,1,2,,,3,1,,2,3,2,2,2,3,3,4,3,,13,2,2,3,2,2,2,2,3,5,5,5,5,5,5,5,5,5,5,5,5,1,10,1,7,10,8,5,5,3,9,5,6,5,5,4,9,3,2,4,3,1,1,1,3,1,2,2,2,2,1,1,1,1,1,,1,1,,2,,,,,,1,1,3,1,1,1,1,1,1,4,4,4,4,4,4,4,4,3,,5,54,4,5,1
906,1,1,2,,,1,,,2,1,2,2,2,5,5,5,3,,98,,8,8,2,2,8,8,2,1,8,1,3,1,97,97,97,97,97,97,97,8,,8,,97,98,97,98,98,97,97,98,98,98,98,98,1,1,1,3,1,1,9,3,3,3,2,2,2,2,2,2,2,2,,2,2,2,2,,,,,,3,,3,9,9,9,9,9,9,4,4,4,4,4,4,4,4,3,2,2,71,9,5,1
908,1,2,2,,,1,,,2,9,3,3,9,9,4,4,9,,99,,8,8,3,3,3,9,9,97,10,97,10,97,10,97,97,97,97,97,97,8,,8,,7,10,97,97,97,97,97,10,97,97,97,97,4,4,4,1,1,1,1,1,2,3,1,2,2,2,2,1,2,2,,2,1,,2,,,,,,1,4,2,1,1,1,1,1,1,4,4,4,4,3,4,4,4,3,2,6,37,4,5,1
908,1,1,2,,,2,,,1,1,1,2,3,3,3,4,1,1,4,2,2,1,2,3,3,1,3,5,5,5,5,5,5,5,5,5,5,5,5,1,9,1,4,5,5,5,2,4,2,2,5,8,8,2,2,4,4,3,1,1,1,3,2,1,2,2,2,1,1,1,1,1,1,,1,1,,2,,,,,,1,9,2,1,1,1,1,1,1,4,4,4,2,4,4,4,4,1,2,5,40,4,5,1
908,3,1,2,,4,3,1,,3,3,1,1,1,1,1,1,1,1,5,3,1,8,8,1,1,1,1,8,8,98,8,8,8,8,8,8,8,8,8,8,,1,6,4,9,8,4,5,98,5,7,8,9,7,8,4,4,4,3,9,1,9,3,1,3,1,1,1,1,1,1,1,1,,1,1,,1,,,,,,6,,3,1,1,1,1,1,1,2,1,2,1,1,4,2,4,1,,7,34,2,4,4
908,1,2,2,,,2,,,2,3,2,2,2,4,3,4,1,1,10,1,3,8,3,3,3,3,2,10,4,1,1,1,2,10,6,1,1,1,1,1,9,1,4,1,1,1,1,1,2,1,1,1,1,1,1,1,3,1,1,1,1,1,2,1,1,2,2,1,1,1,1,1,1,,1,1,,1,,,,,,3,,2,2,2,2,1,2,2,4,4,4,1,2,4,2,4,2,2,4,68,1,5,2
908,1,1,2,,,1,,,1,3,1,1,4,4,4,1,1,3,17,3,1,1,3,1,1,1,3,10,5,7,1,5,1,9,3,6,5,9,7,1,10,1,8,1,7,8,3,5,1,7,4,2,9,5,3,2,2,3,1,1,1,3,3,1,1,2,2,2,1,1,1,1,2,,1,1,,1,,,,,,2,3,2,1,1,1,1,1,1,4,4,4,4,1,4,2,4,2,2,5,20,7,5,2
908,1,2,2,,,1,,,2,3,2,2,2,4,4,4,1,2,10,9,3,3,3,3,3,3,3,98,98,98,98,98,98,98,97,98,98,98,98,2,,2,,98,98,98,98,98,98,98,98,98,98,98,98,1,1,1,1,1,1,1,1,1,1,2,2,2,2,1,2,2,2,,1,2,,2,,,,,,3,,2,1,1,1,1,1,1,4,4,4,1,1,4,4,4,2,2,3,66,9,5,1
908,1,1,1,,,1,,,1,1,9,1,1,1,1,1,3,,98,,1,8,3,8,3,3,1,10,10,10,10,10,10,10,10,10,10,10,10,8,,2,,10,10,10,10,10,10,10,10,10,10,10,10,4,4,4,9,9,9,9,9,1,9,2,1,9,9,9,9,9,9,9,9,9,,2,9,,,,,3,,3,1,1,1,1,1,1,4,4,4,4,4,4,4,4,3,2,2,75,9,5,1
908,1,1,2,,,3,1,,2,9,3,3,2,2,2,4,1,1,10,9,2,3,3,2,2,2,2,3,7,1,5,6,1,1,1,2,1,8,1,2,,1,6,2,8,1,8,1,1,1,1,1,1,1,2,1,1,4,2,1,3,2,1,3,2,2,1,1,2,1,1,1,1,,1,1,,1,,,,,,3,,2,2,1,1,9,9,9,1,4,4,4,2,4,4,4,3,,5,75,9,5,1
908,1,1,1,,,3,3,1,3,3,3,2,2,4,4,4,2,,4,3,2,8,3,3,3,3,2,7,7,5,1,7,7,7,5,1,1,7,1,2,,1,4,10,10,10,1,10,10,7,10,10,10,10,8,4,2,4,1,1,2,2,1,2,2,2,9,1,1,1,1,2,2,1,1,1,,2,1,11,3,3,3,1,3,2,1,1,1,1,1,1,4,4,4,4,3,4,4,4,3,,5,29,2,2,4
909,1,1,2,,,2,,,1,3,1,1,1,4,1,4,3,,9,2,3,3,3,3,3,3,3,10,10,10,10,10,10,10,10,10,10,10,10,2,,2,,10,10,10,10,98,98,10,10,10,10,97,10,4,4,4,3,3,3,3,3,3,3,2,2,2,2,2,2,2,2,,9,2,1,2,,,,,,4,,9,1,1,1,1,1,1,2,2,3,3,4,4,4,4,9,1,3,21,8,1,2
909,3,1,2,,1,2,,,2,3,1,1,4,1,4,4,1,2,4,3,3,1,1,3,3,3,3,5,1,5,1,7,5,7,1,1,3,5,5,1,4,2,,1,97,3,1,97,7,97,3,1,3,97,3,4,4,2,1,1,1,1,1,1,1,1,1,2,9,1,1,1,1,,1,1,,1,,,,,,4,,4,1,1,1,1,1,1,4,4,4,4,4,4,4,4,3,2,2,18,4,1,4
909,1,1,2,,,1,,,2,3,1,2,2,2,3,3,3,,9,2,3,1,2,2,1,2,2,9,9,7,4,7,9,9,7,9,9,9,9,1,1,1,4,3,6,5,9,5,7,5,4,2,2,3,6,4,2,3,3,1,1,1,3,3,3,2,1,1,2,1,2,2,2,,2,1,,1,,,,,,2,4,3,1,1,1,1,1,1,4,4,2,2,2,4,2,4,2,1,2,18,4,1,4
909,1,2,2,,,3,1,,1,3,1,1,3,3,4,4,3,,11,3,1,3,3,3,1,3,3,97,97,97,97,97,97,97,97,97,97,97,97,2,,2,,97,97,97,97,97,97,97,97,97,97,97,97,4,4,4,2,2,3,3,3,3,3,2,2,1,1,1,1,1,1,,1,1,,1,,,,,,3,,3,1,1,1,1,1,1,4,4,4,4,4,4,4,4,2,,7,67,9,5,3
909,1,2,1,,,3,1,,1,1,1,3,1,4,3,2,2,,97,,2,3,2,3,2,8,3,1,2,6,2,8,2,4,2,4,2,2,7,9,,2,,2,1,6,1,7,6,3,1,5,4,2,7,2,4,3,2,2,2,3,2,2,2,2,2,9,2,9,9,2,1,2,2,2,,9,2,,,,,3,,1,1,9,1,2,2,2,2,8,1,1,2,8,1,1,1,,4,46,5,5,1
909,1,1,2,,,2,,,9,3,9,9,9,9,1,1,3,,97,,8,2,1,8,1,8,8,5,7,8,7,8,8,8,6,5,7,5,5,8,,8,,5,4,5,5,99,97,97,6,4,8,97,5,3,8,8,9,9,9,9,9,9,2,2,2,9,1,9,9,9,9,,2,2,,2,,,,,,5,,4,9,9,9,9,9,9,4,4,1,4,1,4,4,4,2,2,2,36,1,5,1
909,1,2,2,,,2,,,9,1,1,1,2,4,4,4,1,1,99,,2,8,2,3,1,1,3,97,97,97,9,97,97,97,98,98,98,98,98,2,,2,,1,8,98,1,97,97,98,4,97,1,98,7,4,4,4,1,9,9,3,1,9,1,2,2,1,2,1,1,1,1,,1,1,,1,,,,,,4,,3,1,1,1,1,1,1,4,4,4,4,1,4,4,4,3,1,8,77,1,5,1
909,3,2,1,,4,2,,,2,3,2,2,2,2,4,4,1,2,9,2,2,2,2,3,3,8,3,5,5,5,3,5,5,5,3,3,3,3,3,2,,1,4,3,5,5,2,5,5,5,97,3,3,5,3,2,1,2,1,1,1,2,3,1,1,2,1,1,2,1,1,2,1,1,1,1,,2,1,4,2,1,3,1,4,3,2,2,1,1,1,1,4,4,4,2,1,4,4,4,4,2,5,40,3,4,4
909,3,1,2,,1,1,,,2,3,1,2,2,2,2,3,3,,9,3,2,3,2,3,3,2,3,2,3,3,1,2,2,2,2,2,3,2,1,2,,1,4,2,5,2,2,2,2,2,1,1,4,2,1,3,2,2,2,1,3,1,3,2,1,2,2,1,2,1,1,2,2,,2,1,,2,,,,,,1,1,2,1,1,1,1,1,1,1,4,4,4,2,4,4,4,1,1,6,49,4,1,1
909,1,2,2,,,2,,,2,3,1,2,3,2,5,5,9,,96,,,,,,,,,2,10,3,8,8,4,4,5,5,8,3,8,1,2,1,96,98,98,98,98,98,98,98,98,98,98,98,98,4,4,2,1,1,1,3,9,1,3,2,2,2,2,2,2,2,1,,2,2,,2,,,,,,3,,3,2,2,1,1,1,2,4,4,4,2,1,4,4,4,1,2,6,95,2,5,1
909,1,1,2,,,2,,,1,2,1,1,4,4,4,4,3,,17,1,3,3,2,2,2,2,3,8,8,7,8,6,97,6,7,97,8,97,4,2,,1,96,3,9,97,1,3,97,6,5,6,6,2,6,1,1,1,2,1,1,1,1,2,1,2,2,2,2,2,9,2,2,,9,9,2,2,,,,,,1,3,3,1,1,1,1,1,1,4,4,2,4,1,4,2,4,2,1,3,48,3,1,4
909,2,1,2,2,,2,,,2,1,2,1,2,2,2,4,1,1,4,2,2,2,2,2,2,2,3,9,6,1,4,6,2,4,3,7,5,5,4,2,,1,4,1,10,1,2,4,2,4,7,8,9,5,3,2,2,4,3,1,1,1,1,1,2,2,1,9,9,9,9,9,9,,9,9,,1,,,,,,1,1,3,1,1,1,1,1,1,2,2,3,2,1,4,4,4,2,2,6,32,5,5,2
909,3,2,1,,1,2,,,2,1,1,1,1,1,2,4,3,,16,2,2,2,2,2,1,1,3,5,4,5,6,5,3,4,7,6,5,6,6,1,4,1,96,1,1,1,1,1,1,1,1,1,1,1,1,1,1,1,1,1,1,1,1,1,1,1,2,9,9,9,9,9,9,9,9,9,,2,2,,,,,4,,3,2,2,2,2,2,2,3,3,3,2,2,3,3,3,3,1,2,51,1,1,4
909,1,1,2,,,2,,,2,9,2,2,4,2,3,4,1,2,4,3,2,3,2,8,8,2,2,7,97,7,6,97,97,97,97,8,8,97,8,1,12,1,4,8,8,7,8,7,8,7,8,8,8,8,9,3,1,1,1,1,2,3,3,3,1,2,1,1,2,1,1,2,1,,9,2,,1,,,,,,1,1,3,2,1,1,1,1,1,4,4,4,4,1,4,4,4,9,2,5,59,5,5,1
909,1,1,2,,,2,,,2,2,2,1,3,2,2,2,1,1,4,2,3,2,2,3,3,2,8,5,7,2,5,6,1,2,7,10,9,9,10,1,10,1,4,2,7,1,2,5,1,5,1,7,10,5,1,4,2,4,1,2,3,1,3,1,3,2,1,2,1,1,2,1,2,,2,1,,2,,,,,,1,3,2,1,1,1,1,1,1,1,4,4,4,2,4,4,4,3,2,3,19,6,5,2
909,1,2,2,,,1,,,2,1,1,2,4,3,4,4,3,,13,2,3,3,2,3,3,3,3,5,6,5,4,2,4,4,4,5,5,5,6,1,12,1,4,5,5,5,5,5,97,97,97,5,5,97,5,2,2,4,1,1,2,2,3,3,1,2,2,2,1,1,1,1,2,,2,1,,2,,,,,,1,3,2,1,1,1,1,1,1,4,4,4,2,4,4,4,4,1,1,3,48,9,5,1
910,2,1,2,2,,1,,,9,3,9,1,9,9,9,4,1,1,4,3,8,2,2,8,8,2,3,10,5,10,98,10,5,10,98,98,10,10,10,1,12,2,,10,10,10,10,10,5,10,10,10,10,10,10,2,3,8,1,1,1,9,3,2,9,1,2,9,9,9,9,9,9,,9,9,,9,,,,,,4,,9,1,1,1,1,1,1,3,3,3,3,3,8,8,4,2,2,3,65,8,5,2
910,2,1,2,2,,2,,,9,3,1,1,4,4,1,4,3,,9,9,1,3,3,3,1,1,3,8,7,98,6,5,98,98,8,7,98,98,7,8,,1,3,9,9,2,5,5,7,6,5,8,9,6,7,2,8,2,3,3,2,3,3,2,3,2,9,2,2,1,1,1,2,,1,1,,2,,,,,,1,4,3,1,1,1,9,1,1,4,4,4,4,3,4,4,4,4,2,5,34,3,5,2
910,1,2,2,,,1,,,2,3,1,3,2,2,4,2,1,1,4,2,2,3,2,3,3,3,3,5,10,8,5,8,5,97,8,8,8,8,8,1,10,1,4,97,9,7,5,97,5,98,97,98,8,8,8,4,2,3,1,1,2,9,3,3,2,2,1,1,2,2,1,2,2,,1,1,,2,,,,,,3,,3,1,1,1,1,1,1,4,3,3,1,3,3,4,4,2,2,3,59,2,5,1
910,1,2,2,,,3,1,,2,2,1,1,4,4,4,4,3,,17,9,3,3,3,3,3,3,3,97,97,97,97,97,97,97,97,97,97,97,8,2,,2,,97,97,97,5,1,1,97,97,97,10,5,10,4,4,8,1,2,3,1,1,3,3,2,2,9,2,2,9,2,2,,9,1,,2,,,,,,1,4,3,1,1,1,1,1,1,4,4,4,4,4,4,4,4,3,,4,21,2,5,3
910,1,1,2,,,1,,,2,3,2,2,2,2,4,4,1,1,4,2,2,2,3,2,3,2,8,8,6,2,2,6,2,8,8,8,4,6,5,1,9,1,3,6,6,2,4,4,2,7,7,8,4,6,4,2,1,4,1,1,9,2,3,2,2,2,1,2,1,1,1,9,2,,1,1,,1,,,,,,1,1,2,2,2,2,2,2,2,3,3,3,2,2,2,4,3,3,2,3,30,5,5,4
910,1,2,2,,,1,,,2,3,1,1,4,4,4,4,1,3,3,3,3,2,3,3,1,1,3,4,8,7,1,2,2,2,9,10,10,5,4,1,10,1,7,1,9,3,1,3,4,2,7,8,9,97,4,3,3,3,1,2,2,1,3,1,1,2,2,2,1,1,1,1,1,,1,1,,1,,,,,,3,,3,2,2,2,1,1,2,2,3,2,1,1,4,3,4,2,2,7,52,3,5,1
910,1,2,1,,,1,,,2,3,1,1,1,4,4,4,1,1,9,2,3,3,3,3,3,3,3,10,10,8,97,97,97,8,8,10,8,8,97,2,,2,,97,8,97,4,97,4,1,6,97,5,5,2,4,4,4,3,2,1,2,2,2,3,1,2,2,2,2,2,2,2,2,2,1,,2,2,,,,,1,3,3,2,1,1,1,1,9,4,2,3,4,4,2,4,3,3,2,3,38,2,5,2
910,1,2,2,,,2,,,2,3,1,2,2,4,4,4,1,1,17,9,2,2,2,3,3,3,3,8,8,5,5,5,98,5,5,5,5,5,5,2,,1,6,5,5,5,5,5,5,5,5,5,5,5,5,2,8,2,1,1,2,1,3,1,1,2,1,2,2,2,1,2,1,,2,9,,1,,,,,,4,,1,1,1,1,1,1,1,2,4,2,4,1,2,2,4,1,1,6,36,6,3,1
910,1,1,1,,,2,,,2,3,1,2,3,3,4,4,3,,4,3,3,3,3,3,3,1,3,97,6,6,5,4,5,5,97,97,97,5,6,2,,2,,5,7,4,4,4,4,5,97,4,5,97,5,3,3,3,3,2,2,2,3,3,2,2,1,1,1,1,1,1,2,1,1,1,,1,1,12,1,3,1,2,1,2,1,1,1,1,1,1,3,3,2,3,2,3,3,4,3,2,5,33,4,5,1
910,1,1,2,,,1,,,2,1,1,1,3,2,2,2,3,,97,,1,1,2,1,1,2,2,10,10,1,10,10,10,10,10,5,5,1,1,2,,1,96,1,5,10,10,10,5,1,10,5,1,10,5,4,4,4,1,1,1,3,1,2,2,1,2,9,9,9,9,9,9,,9,9,,2,,,,,,1,1,2,2,2,2,2,2,2,2,2,2,3,2,2,4,2,2,1,3,24,3,5,1
910,2,2,1,2,,1,,,9,3,3,1,4,4,3,4,1,1,16,1,8,8,3,1,8,8,3,98,8,98,5,98,98,98,98,98,98,3,98,8,,8,,9,8,5,9,8,5,8,8,7,8,6,8,3,3,3,1,1,2,1,2,2,3,1,2,2,1,1,1,1,2,1,1,1,,2,2,,,,,1,1,3,1,1,1,1,1,1,4,2,4,2,1,4,4,4,3,2,3,43,4,5,2
912,2,1,2,2,,1,,,1,3,1,1,4,1,4,4,3,,4,3,3,3,3,3,3,3,3,7,97,7,7,97,97,6,6,5,6,7,97,1,12,2,,10,98,6,5,98,7,6,6,98,98,7,98,2,2,4,2,1,2,1,2,2,2,2,2,2,2,1,2,1,2,,1,1,,1,,,,,,2,4,4,1,1,1,1,1,1,1,4,1,4,1,2,2,4,2,2,5,23,9,5,2
912,1,1,2,,,1,,,1,3,1,1,4,4,4,4,1,2,17,3,3,3,3,3,3,3,3,7,6,4,6,6,4,5,4,7,7,6,5,1,10,2,,6,1,3,6,6,7,8,4,3,2,3,4,4,4,4,1,1,1,1,1,1,3,2,1,2,2,1,1,1,2,,1,1,,1,,,,,,1,3,3,1,1,1,1,1,1,4,4,4,4,4,4,4,4,2,2,3,32,4,5,2
912,2,1,2,2,,1,,,1,9,2,2,2,4,5,5,1,1,4,2,3,8,2,3,3,3,3,7,5,5,5,5,1,1,7,6,6,6,5,1,8,1,6,1,10,8,7,5,6,2,5,5,7,5,4,4,4,4,3,1,1,1,2,2,3,2,1,2,2,2,2,1,2,,2,2,,2,,,,,,1,1,2,1,1,1,1,1,1,3,4,4,4,1,4,4,4,2,2,3,52,5,5,2
912,1,2,2,,,2,,,3,3,1,2,3,4,4,4,1,3,9,2,3,8,8,3,1,1,1,7,7,5,7,5,4,4,7,7,8,5,5,8,,1,7,7,8,4,4,4,4,4,97,7,7,98,4,3,3,4,1,1,1,2,1,2,1,2,2,2,2,9,1,2,1,,9,9,,1,,,,,,1,4,3,1,1,1,1,1,1,2,3,2,4,1,2,2,4,4,2,5,27,5,5,2
912,1,2,2,,,2,,,9,1,1,3,3,3,4,5,3,,10,3,3,3,3,2,3,1,3,97,97,97,97,97,7,97,5,9,97,8,10,8,,1,5,97,8,97,5,5,97,9,97,97,97,9,3,3,1,8,2,1,1,3,2,1,1,2,2,2,2,1,1,1,2,,1,1,,1,,,,,,3,,2,2,1,1,1,1,1,4,2,4,4,2,4,4,4,3,2,5,65,3,5,1
912,1,1,2,,,1,,,2,3,1,1,1,1,1,1,3,,4,3,1,1,2,3,3,1,3,6,2,4,5,1,5,4,3,10,10,8,4,2,,1,1,1,4,4,3,2,3,3,3,6,5,4,2,4,4,4,1,3,1,3,1,3,3,2,2,2,1,1,1,2,2,,1,1,,2,,,,,,1,4,3,1,1,1,1,1,1,4,1,4,4,4,4,4,4,3,2,3,20,5,5,2
912,1,1,2,,,1,,,2,1,3,1,3,4,4,4,1,3,1,3,1,1,3,3,1,3,3,8,8,8,8,8,8,8,8,8,8,8,8,2,,8,,6,7,4,4,7,5,7,7,7,6,5,5,4,4,4,1,1,1,3,3,3,3,1,1,1,1,1,1,1,1,,1,1,,1,,,,,,1,1,3,1,1,1,1,1,1,4,4,4,4,3,4,4,4,3,2,7,31,4,5,2
912,1,1,1,,,2,,,2,1,2,2,2,2,2,2,1,1,4,2,3,2,2,2,2,1,3,5,4,1,1,4,5,6,5,6,4,4,2,2,,2,,5,5,2,5,6,5,3,1,5,5,6,6,1,1,1,1,1,1,1,3,1,1,2,1,1,1,1,1,2,2,1,1,1,,2,1,4,3,3,1,1,1,2,1,1,1,1,1,1,4,4,4,4,4,4,4,4,2,2,3,30,3,5,1
912,1,1,1,,,1,,,3,1,1,1,1,4,1,4,3,,7,3,3,2,3,3,1,1,3,5,6,5,5,6,5,5,5,5,3,5,3,1,9,1,3,4,5,4,5,5,5,5,5,5,4,5,5,4,2,4,2,2,3,3,3,1,3,1,2,2,1,1,1,1,2,1,1,1,,1,1,9,1,3,1,3,,3,1,1,1,1,1,1,4,4,4,4,4,4,4,4,2,2,3,50,3,5,1
913,1,1,2,,,1,,,9,1,3,3,1,4,4,4,9,,97,,3,8,2,3,3,2,3,99,99,99,99,99,99,99,99,99,99,99,99,8,,8,,97,97,98,98,98,98,98,98,98,98,98,98,4,4,4,1,9,9,3,1,3,9,2,9,1,1,1,1,1,1,,1,1,,1,,,,,,3,,4,2,2,2,2,2,2,4,4,4,4,8,4,4,4,2,2,3,81,9,5,1
913,1,2,2,,,1,,,1,1,1,1,4,4,4,4,3,,4,2,3,3,2,3,3,3,3,5,6,4,5,3,6,4,5,6,4,6,5,8,,8,,97,97,97,97,97,97,97,97,97,97,97,97,4,3,3,1,3,1,2,3,1,1,2,2,2,2,2,2,2,2,,2,2,2,2,,,,,,3,,3,2,1,1,1,1,2,4,4,4,4,4,4,4,4,1,2,5,77,9,5,1
913,1,2,2,,,2,,,9,2,1,1,4,1,1,1,9,,10,1,3,1,3,1,1,1,1,5,98,98,98,98,98,98,8,9,9,98,10,2,,2,,4,10,2,7,4,10,4,8,5,5,98,2,4,4,4,1,1,1,1,1,3,1,2,1,2,2,1,1,1,9,,1,1,,2,,,,,,1,4,3,9,9,9,9,9,9,4,4,4,4,2,2,4,4,3,2,5,65,9,5,1
913,2,2,2,2,,2,,,1,3,1,1,4,4,2,1,2,,98,,2,2,3,2,1,1,1,6,6,3,10,7,4,10,8,2,5,8,8,2,,2,,10,3,7,9,7,5,7,8,6,6,2,4,4,4,3,1,1,2,2,2,1,3,2,2,2,2,1,2,2,2,,2,2,,2,,,,,,2,2,3,1,1,1,1,1,1,4,4,4,4,1,4,4,1,3,2,2,18,1,5,2
913,1,1,2,,,1,,,2,1,1,1,9,4,4,4,1,1,4,2,1,1,2,3,1,3,2,97,99,99,99,99,99,99,99,99,99,99,99,2,,2,,4,7,4,4,4,4,4,5,5,5,5,5,4,4,3,1,1,1,1,1,1,2,2,2,1,2,1,1,2,2,,1,1,,2,,,,,,1,3,2,1,1,1,1,1,1,2,2,2,2,2,2,3,3,4,2,3,25,3,5,1
913,1,1,2,,,1,,,2,1,1,2,2,4,4,4,3,,7,3,8,8,8,8,8,8,8,5,8,5,5,5,7,5,5,5,5,7,3,8,,1,6,3,7,3,5,5,7,3,5,3,5,7,3,4,4,4,1,1,1,1,1,1,1,2,2,2,2,1,1,1,2,,1,1,,2,,,,,,3,,2,2,9,2,1,1,1,4,4,4,2,1,4,4,4,1,2,7,71,5,5,1
914,1,2,2,,,3,1,,9,9,1,2,3,4,4,4,1,1,98,,3,3,2,2,1,3,3,7,9,7,6,6,6,6,7,8,9,7,6,1,2,1,6,3,2,8,9,9,9,8,7,7,2,6,9,2,8,2,1,1,1,3,3,1,1,2,2,1,1,1,1,2,1,,1,1,,1,,,,,,4,,2,1,1,1,1,1,1,1,1,1,2,1,1,1,1,9,,3,99,9,5,1
914,1,1,1,,,1,,,2,3,1,1,4,4,4,4,1,1,10,1,1,3,3,3,3,1,3,7,8,8,7,7,5,7,7,8,8,7,7,2,,2,,5,7,2,2,5,2,5,5,7,8,7,6,2,3,2,2,1,2,2,3,2,3,2,1,1,2,1,1,1,2,1,1,1,,2,1,8,3,3,3,1,4,2,9,9,1,9,9,9,4,4,4,8,2,4,4,4,3,2,7,51,5,5,1
914,1,2,1,,,3,2,2,,,,,,,,,,,,,,,,,,,,,,,,,,,,,,,,,,,,,,,,,,,,,,,,,,,,,,,,,,,,9,9,9,9,9,9,9,9,9,9,,,,,,,,,,,,,,,,,,,,,,,,,,3,18,,5,3
914,1,1,2,,,2,,,2,2,1,1,2,2,2,2,1,1,97,,2,2,3,3,3,2,3,2,6,5,2,1,3,1,3,6,7,5,4,2,,1,5,3,6,2,2,2,5,1,5,6,7,4,4,4,3,3,2,2,3,2,1,3,1,2,2,2,2,2,1,2,1,,2,2,,2,,,,,,2,2,2,1,1,1,1,1,1,4,4,4,3,2,4,4,4,3,2,7,74,9,5,1
914,1,2,1,,,2,,,2,1,2,2,3,4,3,4,3,,10,2,2,3,2,2,3,3,3,10,10,1,1,10,1,10,1,10,10,10,10,1,1,1,8,5,5,5,5,5,5,5,5,5,5,5,5,4,3,3,3,1,2,2,3,3,1,2,2,1,1,2,1,2,2,1,1,1,,1,2,,,,,1,1,2,2,2,2,2,1,1,4,2,2,4,1,1,4,4,1,2,6,38,3,5,1
914,1,1,2,,,2,,,3,1,2,2,2,3,5,5,1,2,96,,,,,,,,,1,7,1,6,6,7,1,1,6,1,7,1,2,,1,2,9,3,1,3,3,1,7,2,7,5,7,6,2,2,2,2,2,2,1,3,2,2,2,2,2,9,2,2,2,2,,2,2,2,2,,,,,,1,2,2,2,2,1,2,2,2,2,1,4,2,2,2,2,3,2,2,5,78,3,5,1
914,1,2,2,,,2,,,2,3,1,3,9,4,5,5,3,,96,,,,,,,,,97,10,97,97,97,97,97,97,97,97,97,97,2,,2,,5,10,5,5,98,97,98,98,10,98,98,1,2,2,3,1,1,3,3,3,2,3,2,2,1,1,2,1,1,2,,1,1,,2,,,,,,1,3,2,9,1,1,1,1,1,4,4,4,4,2,4,4,4,1,1,7,63,4,5,1
915,1,1,2,,,1,,,2,2,1,3,2,2,2,4,1,2,4,2,3,2,2,2,3,2,3,9,6,2,2,2,1,1,1,1,5,5,1,1,1,1,4,5,6,1,1,1,1,1,1,1,6,5,1,3,3,2,3,1,1,3,3,1,3,2,2,1,2,1,1,1,1,,1,1,,2,,,,,,1,1,2,1,1,1,1,1,1,4,4,4,2,2,4,4,4,2,2,6,45,4,5,1
915,1,2,1,,,2,,,2,3,1,2,2,2,3,4,2,,97,,2,2,2,3,3,2,3,5,5,2,1,3,2,3,7,5,5,6,7,2,,2,,3,98,2,5,3,2,3,98,5,6,4,4,4,3,1,3,1,2,3,3,1,2,1,2,9,2,1,1,2,2,1,1,1,,2,2,,,,,1,1,2,1,1,1,1,1,1,4,3,4,4,2,4,3,4,1,2,4,34,3,5,1
915,3,2,1,,1,2,,,3,3,1,1,1,1,1,1,2,,4,3,2,1,1,1,1,1,1,5,5,6,8,9,8,7,6,7,5,6,6,1,4,2,,5,6,6,5,5,8,6,6,8,7,8,7,4,4,4,1,1,1,1,1,1,1,1,2,1,1,2,1,1,2,1,1,1,,1,1,4,3,3,3,2,3,1,1,2,1,2,1,2,4,4,3,3,4,3,3,4,3,1,2,33,1,1,4
915,1,1,1,,,2,,,3,1,1,1,4,4,4,4,3,,98,9,8,3,3,3,1,3,8,5,6,3,4,5,3,3,7,7,5,6,5,1,12,1,3,4,7,2,4,3,3,3,4,2,7,97,4,8,4,8,2,1,1,1,1,1,1,1,2,9,9,9,9,9,9,9,9,9,,1,2,,,,,1,4,3,2,9,9,9,9,9,2,2,2,2,1,4,4,4,1,2,6,42,5,5,1
915,3,1,2,,1,2,,,2,9,2,2,2,2,2,2,3,,4,9,3,3,3,3,3,3,3,3,1,1,1,1,1,1,1,3,3,1,1,8,,2,,98,98,98,98,98,98,98,98,98,98,98,98,4,4,4,1,1,1,1,3,3,1,1,9,1,1,1,1,1,1,,1,1,,2,,,,,,1,9,3,1,1,1,1,1,1,4,4,1,4,1,1,4,1,2,1,3,27,3,1,4
915,1,1,2,,,1,,,1,3,1,1,4,4,4,4,3,,4,2,3,1,3,3,3,1,3,98,7,4,5,98,98,98,98,7,98,98,7,2,,2,,3,8,3,2,3,3,3,6,6,7,6,6,4,3,3,2,2,1,2,2,2,2,2,2,2,2,1,1,2,2,,2,1,,1,,,,,,1,3,2,1,1,1,1,1,1,3,3,3,3,4,4,3,3,1,2,7,52,5,5,1
915,1,2,2,,,2,,,1,1,1,1,4,4,4,4,1,3,4,3,3,3,3,3,3,3,3,4,5,7,6,5,5,4,4,6,6,5,5,1,4,2,,5,5,5,6,5,5,4,5,5,4,4,4,3,4,2,3,1,1,1,3,1,1,1,2,1,2,2,2,2,1,,2,2,,2,,,,,,2,4,2,1,1,1,1,1,1,4,4,4,4,3,4,3,4,3,1,3,18,1,4,4
916,3,1,1,,1,1,,,1,1,1,1,1,1,1,1,1,1,2,1,1,1,1,1,1,1,1,1,1,1,1,1,1,1,1,1,1,1,1,1,1,1,1,1,1,1,1,1,1,1,1,1,1,1,1,1,1,1,1,1,1,1,1,1,1,1,1,1,1,1,1,1,1,1,1,1,,1,1,1,1,1,1,1,1,1,1,1,1,1,1,1,1,1,1,1,1,1,1,1,1,1,1,33,1,1,1
916,1,1,2,,,1,,,2,3,1,2,2,4,2,4,1,1,4,2,2,2,2,3,3,2,2,5,97,5,5,5,3,8,97,5,5,5,3,8,,1,4,98,98,98,5,97,97,3,98,98,98,98,98,4,2,2,1,1,1,9,3,2,3,2,2,2,2,2,2,2,2,,2,2,2,2,,,,,,3,,3,2,1,1,1,1,1,4,4,4,2,4,4,4,4,2,2,3,55,9,5,1
916,1,2,2,,,1,,,9,3,1,3,4,1,3,4,1,1,9,3,3,3,3,3,1,1,3,8,8,8,7,5,5,5,8,9,9,6,6,8,,2,,3,7,4,1,2,2,3,4,3,5,2,2,4,4,4,2,1,1,1,3,2,2,1,2,1,1,1,1,2,2,,1,1,,1,,,,,,2,4,3,1,1,1,1,1,1,4,2,4,4,3,3,4,4,1,2,3,18,3,5,1
916,1,1,2,,,2,,,1,2,1,1,4,3,3,4,1,1,9,2,3,2,2,2,1,2,1,7,7,3,7,7,7,6,8,6,6,5,5,1,2,8,,8,8,3,5,6,3,7,5,5,8,5,3,2,2,2,2,1,1,1,1,2,1,2,1,1,1,1,1,1,2,,1,1,,1,,,,,,1,1,9,1,1,1,1,1,1,4,4,4,3,2,2,4,4,2,8,5,32,2,5,1
916,1,1,2,,,2,,,9,1,2,2,2,4,5,5,9,,96,,,,,,,,,5,1,98,5,1,1,1,1,1,1,1,1,8,,1,4,99,99,99,99,99,99,99,99,99,99,99,99,3,2,8,1,1,1,1,3,2,1,2,9,2,2,9,2,2,2,,2,2,2,9,,,,,,1,9,9,2,1,9,1,1,2,1,1,3,8,8,8,1,4,9,2,8,56,8,5,1
916,1,2,1,,,1,,,1,1,1,3,1,4,4,4,1,3,4,2,1,3,2,3,3,3,1,8,8,98,8,7,98,98,5,8,8,98,5,2,,2,,7,8,2,5,97,97,3,97,7,7,97,5,3,4,3,1,1,1,3,2,3,1,2,1,2,2,2,2,2,1,2,1,1,,1,1,12,1,3,1,4,,2,1,1,1,1,1,1,4,2,2,3,2,2,3,4,1,2,6,37,4,5,1
916,1,1,2,,,1,,,3,9,1,3,2,2,2,4,1,1,17,2,3,2,3,3,2,1,1,6,6,6,5,6,97,4,6,5,6,8,4,2,,2,,5,6,5,4,97,4,4,5,4,5,5,5,4,4,8,3,1,1,1,3,3,1,2,1,1,2,2,1,2,2,,1,1,,1,,,,,,3,,2,1,1,1,1,1,1,4,4,4,2,2,4,4,4,2,1,3,63,4,5,4
916,1,2,2,,,2,,,1,3,1,2,4,4,4,9,3,,97,9,3,3,3,3,1,3,3,98,98,98,98,98,98,98,98,98,98,98,98,8,,2,,98,98,98,98,98,98,98,98,98,98,98,98,4,4,4,2,1,2,3,3,3,2,2,9,9,2,2,1,2,2,,9,9,,1,,,,,,3,,2,1,1,1,1,1,1,4,4,4,4,4,4,4,4,2,2,5,65,9,5,1
916,1,1,1,,,2,,,2,3,1,1,4,4,4,4,1,1,98,,3,3,3,3,3,3,2,7,10,2,10,9,8,2,4,8,8,10,10,2,,2,,8,9,8,2,3,5,10,10,8,10,97,8,4,4,3,9,9,9,9,9,9,9,1,1,2,1,1,1,1,1,1,1,1,,2,1,9,3,9,3,1,1,3,9,9,9,9,9,9,4,4,8,4,1,4,4,4,1,2,7,49,5,5,1
916,3,1,2,,1,2,,,3,3,2,2,1,1,1,4,1,1,9,3,3,3,3,3,3,3,3,10,9,10,10,8,5,5,8,10,10,7,10,1,9,1,1,9,5,5,8,5,5,1,1,9,9,5,9,4,4,4,3,1,3,3,3,1,3,1,2,1,2,2,2,2,2,,2,2,,1,,,,,,4,,3,1,1,1,1,1,1,4,3,4,4,4,4,4,4,3,1,2,18,2,1,4
916,1,1,2,,,2,,,1,9,1,3,3,2,2,3,1,1,2,2,3,2,3,3,3,1,3,5,5,5,5,5,5,5,5,5,5,5,5,2,,2,,5,5,5,5,5,5,5,5,5,5,5,5,4,4,4,2,3,2,3,3,3,3,2,2,9,1,1,1,1,2,,1,1,,2,,,,,,2,4,1,1,1,1,1,1,1,4,4,4,4,4,4,4,4,2,1,7,67,5,5,1
918,1,2,2,,,2,,,1,3,1,1,4,4,5,5,3,,96,,,,,,,,,5,5,5,5,5,5,5,5,5,5,5,5,2,,2,,4,7,6,5,5,97,97,5,5,6,5,5,4,4,3,3,1,1,2,1,2,3,1,1,1,1,1,1,1,1,,1,1,,1,,,,,,2,1,3,1,1,1,1,1,1,4,4,3,4,3,3,4,4,1,2,5,20,5,5,1
918,1,2,2,,,2,,,2,3,1,9,9,9,9,9,3,,97,,3,8,3,3,3,3,3,5,8,2,4,3,3,3,4,3,6,3,5,2,,2,,6,5,2,4,4,2,3,4,4,5,3,3,2,2,2,1,1,1,1,3,1,1,2,2,2,1,1,1,2,2,,2,1,,2,,,,,,1,3,1,1,1,1,1,1,1,4,4,4,2,3,3,3,4,1,1,5,59,4,5,1
918,1,1,2,,,1,,,1,3,1,1,4,4,4,4,1,2,9,2,3,3,3,3,3,3,3,7,8,7,7,7,7,97,8,8,7,97,97,2,,2,,4,8,4,4,5,5,3,6,7,7,6,5,4,4,4,1,2,2,2,3,1,1,2,2,2,2,1,1,1,2,,1,1,,2,,,,,,1,3,3,1,1,1,1,1,1,4,4,4,4,1,4,4,4,9,2,5,46,4,4,2
918,1,2,2,,,1,,,9,1,3,1,9,4,4,4,1,3,17,9,3,3,3,1,1,1,3,97,9,97,97,97,97,97,6,97,97,97,8,2,,2,,2,5,1,1,1,1,1,97,97,5,97,3,4,4,2,2,1,2,2,1,1,2,2,2,2,1,1,1,2,2,,1,1,,1,,,,,,1,1,2,2,2,2,1,1,1,4,4,4,3,2,2,4,4,3,2,3,58,6,5,1
919,2,2,2,2,,1,,,1,3,1,9,3,4,4,4,1,1,4,3,3,8,3,3,3,1,3,5,5,97,3,97,4,3,5,3,3,97,3,2,,2,,3,97,97,3,97,97,97,97,97,97,97,97,4,4,4,1,1,3,1,3,1,3,2,2,2,1,1,9,1,2,,2,1,,2,,,,,,1,3,2,1,1,1,1,1,1,4,4,3,1,1,3,4,4,2,2,3,50,3,5,2
919,1,2,2,,,8,9,9,,,,,,,,,,,,,,,,,,,,,,,,,,,,,,,,,,,,,,,,,,,,,,,,,,,,,,,,,,,,9,9,9,9,9,9,,9,9,9,,,,,,,,,,,,,,,,,,,,,,,,,,4,32,,2,1
919,1,1,2,,,2,,,2,2,9,3,3,4,9,4,1,1,4,2,3,3,3,2,1,3,9,4,5,6,9,7,1,3,3,3,2,1,2,2,,8,,3,4,6,10,3,1,5,2,5,2,3,2,4,4,4,3,3,3,9,3,1,3,2,2,1,1,1,1,2,2,,1,1,,1,,,,,,3,,3,2,9,2,1,1,2,4,4,4,4,1,4,4,4,2,2,3,80,1,5,1
919,1,2,2,,,2,,,9,3,3,2,2,4,4,4,3,,98,,3,3,3,3,3,2,3,2,2,2,2,2,1,1,1,2,2,2,2,2,,2,,5,5,5,5,5,97,5,5,5,5,5,5,4,4,4,2,3,2,3,3,3,9,1,2,1,2,1,2,2,2,,1,1,,1,,,,,,3,,2,1,1,1,1,1,1,4,4,4,4,2,4,4,4,3,2,3,62,3,5,1
919,1,1,1,,,1,,,9,3,9,9,9,9,9,9,1,1,9,9,8,8,8,8,8,8,8,5,5,5,5,97,97,97,5,98,98,97,8,8,,8,,98,98,98,1,98,98,98,98,98,98,98,98,8,8,4,2,1,3,3,3,1,3,1,2,2,2,1,1,1,2,1,1,1,,1,1,4,1,9,1,4,,2,1,1,1,1,1,1,4,4,4,4,1,4,4,4,2,2,5,99,9,5,2
919,1,1,1,,,3,1,,3,3,3,1,1,1,5,5,1,1,96,,,,,,,,,1,1,1,1,1,1,1,1,1,1,1,1,1,1,1,1,1,1,1,1,1,1,1,1,1,1,1,1,1,1,1,1,1,1,1,1,1,1,2,2,2,2,2,2,2,2,2,2,2,2,2,1,1,1,1,1,1,1,1,1,1,1,1,1,1,1,1,1,1,1,1,1,1,1,,1,19,1,1,1
919,1,1,2,,,2,,,1,1,1,1,4,1,1,1,1,3,4,2,1,3,3,3,3,1,3,7,97,97,7,97,97,97,97,97,97,97,97,2,,2,,7,97,97,6,7,97,97,97,97,97,97,7,3,4,3,2,3,3,3,3,2,3,2,2,2,2,1,1,2,2,,1,1,,2,,,,,,3,,3,9,9,9,9,9,9,4,4,4,4,3,4,4,4,2,2,4,68,4,5,1
919,1,1,2,,,2,,,3,3,2,1,4,4,4,4,1,1,9,3,3,3,3,3,1,3,3,10,10,10,10,10,1,10,10,10,10,10,10,1,5,2,,4,8,2,6,5,4,7,97,5,7,97,4,4,4,3,3,2,2,2,3,3,2,1,2,2,2,1,1,2,2,,1,1,,1,,,,,,2,3,3,1,1,1,1,1,1,4,3,4,4,3,3,4,4,1,2,6,24,9,5,1
919,1,1,2,,,1,,,3,3,1,1,3,4,4,4,1,1,9,2,3,1,3,3,3,2,1,8,7,5,5,7,4,8,5,4,9,98,5,1,5,1,7,6,7,6,5,5,2,5,5,3,9,4,3,4,4,4,1,1,1,3,2,1,1,1,2,2,1,1,1,2,1,,1,1,,2,,,,,,2,4,4,1,1,1,1,1,1,4,4,4,3,1,4,4,4,2,2,6,24,3,5,2
919,1,1,2,,,1,,,2,1,2,2,2,2,2,4,1,1,4,3,3,1,2,2,1,2,1,1,3,2,1,1,1,1,1,1,1,3,1,2,,2,,1,2,2,1,1,1,1,1,1,1,2,1,3,1,1,1,1,1,1,1,1,1,2,2,2,1,1,1,2,2,,1,1,,2,,,,,,1,1,3,1,1,1,1,1,1,4,8,4,4,1,4,4,4,3,1,3,46,5,5,2
919,1,2,2,,,1,,,2,3,1,2,3,2,2,2,1,1,4,2,3,2,2,3,1,3,8,8,8,1,1,1,98,8,1,2,8,5,5,1,1,1,4,1,10,1,10,10,1,1,10,10,10,5,10,3,3,4,2,1,2,3,3,1,3,2,1,2,1,1,1,2,1,,2,1,,1,,,,,,1,9,2,2,2,1,1,1,2,4,4,4,4,1,4,4,4,2,2,5,25,4,5,2
919,1,2,2,,,3,1,,2,2,2,2,1,5,5,1,3,,97,,2,8,8,8,1,2,1,5,1,4,8,9,7,7,9,7,7,7,8,8,,8,,8,5,7,5,7,4,8,8,6,7,8,1,8,8,3,3,3,9,1,3,1,1,9,2,2,1,2,2,2,2,,2,2,,2,,,,,,1,2,1,1,1,1,1,1,1,4,2,1,4,3,3,1,1,2,,2,46,2,1,4
941,1,2,2,,,2,,,1,9,2,2,2,2,2,4,1,1,4,2,2,2,2,3,3,2,3,5,7,1,1,5,1,3,5,5,5,7,4,1,2,1,4,3,7,1,1,4,1,1,4,6,6,3,1,4,1,1,1,1,1,1,2,2,2,2,2,2,2,1,1,2,2,,2,1,,2,,,,,,1,1,2,1,1,1,1,1,1,4,4,4,4,4,4,4,4,4,2,7,26,5,5,1
941,1,1,2,,,2,,,2,3,9,1,3,3,4,4,3,,7,2,2,2,2,3,3,2,2,5,6,98,5,4,4,2,4,6,6,98,4,1,10,1,6,6,5,98,6,5,3,3,5,7,7,98,5,4,3,4,1,2,1,2,3,1,2,2,2,2,1,1,1,2,2,,1,1,,1,,,,,,1,1,3,2,2,2,2,2,2,1,4,3,4,1,4,4,4,3,2,3,30,2,5,1
941,1,2,2,,,2,,,3,3,1,1,4,4,4,4,2,,10,1,3,3,3,2,3,2,3,5,97,97,3,97,1,3,5,97,97,5,97,2,,2,,10,5,5,5,97,4,8,97,97,5,97,5,3,3,2,2,1,1,1,2,1,1,2,9,2,1,2,1,1,2,,1,1,,2,,,,,,1,1,3,2,2,2,2,2,2,4,4,2,3,2,4,4,2,1,2,3,24,1,5,1
941,1,2,2,,,2,,,2,1,1,2,2,3,3,3,1,2,17,2,3,2,2,3,1,1,3,2,8,3,2,5,1,1,6,8,8,6,6,2,,1,6,1,5,2,2,4,97,1,97,5,5,5,5,4,1,2,1,1,3,3,3,1,2,2,2,1,1,1,1,2,2,,1,1,,1,,,,,,1,4,1,1,1,1,1,1,1,4,4,4,4,4,4,4,4,3,2,6,58,4,5,1
941,1,1,2,,,2,,,2,2,1,2,2,2,2,3,1,1,4,2,2,2,2,3,8,3,3,4,98,1,6,1,5,5,3,1,1,4,2,2,,2,,97,97,97,97,97,97,1,97,97,97,97,97,2,4,4,3,1,1,1,3,3,1,2,2,1,1,1,1,1,1,,1,1,,2,,,,,,3,,3,2,2,2,2,2,2,1,2,1,4,1,4,4,4,2,2,3,58,6,5,1
941,1,2,2,,,2,,,3,3,1,1,1,1,1,1,9,,12,9,1,3,3,1,1,3,3,98,10,8,6,98,7,5,8,8,8,7,10,1,2,2,,8,5,7,98,98,5,98,98,98,98,98,9,4,4,4,1,1,1,1,2,1,1,2,2,1,2,9,9,9,9,,9,9,,2,,,,,,3,,3,9,9,9,9,9,9,2,4,4,2,1,4,4,1,2,1,5,61,8,5,1
941,1,2,1,,,1,,,2,2,2,2,2,9,2,2,1,1,7,9,2,2,2,2,8,2,8,5,97,1,5,5,1,1,1,5,5,5,5,2,,1,6,3,97,97,1,4,1,5,2,97,97,97,97,2,2,2,1,1,1,1,2,2,2,2,9,9,1,1,1,1,1,1,1,1,,2,1,4,2,2,2,2,9,3,2,2,2,2,9,2,4,4,4,2,1,3,3,4,3,2,3,38,3,5,1
941,1,1,1,,,1,,,2,3,3,2,2,4,4,2,1,1,97,,3,1,3,3,1,3,3,6,6,10,6,10,6,6,6,6,6,6,6,2,,2,,1,3,3,1,1,1,1,1,1,98,5,3,4,4,3,2,1,2,2,3,2,3,2,1,9,9,9,9,9,9,9,9,9,,1,9,,,,,1,1,2,1,1,1,1,1,1,4,4,4,4,4,4,4,4,3,2,2,33,3,5,1
941,1,2,1,,,2,,,9,1,1,1,1,1,1,1,3,,8,2,3,3,3,3,3,3,3,10,10,10,10,10,10,10,10,10,10,10,10,8,,8,,5,7,5,5,5,5,5,5,7,7,5,5,4,4,4,1,1,1,1,3,1,1,2,1,1,2,1,1,2,1,1,1,1,,1,1,7,3,3,3,1,1,1,1,1,1,1,1,1,4,4,4,4,4,4,4,4,1,1,3,28,8,1,4
941,1,2,2,,,1,,,2,1,3,9,9,9,4,2,3,,97,,8,8,2,3,8,2,8,97,98,98,98,98,97,98,98,98,98,98,5,8,,8,,5,98,98,5,4,5,98,98,98,98,98,5,3,4,8,1,1,1,1,1,1,3,2,2,2,1,2,1,1,2,,1,1,,2,,,,,,4,,2,9,9,9,9,9,9,4,4,4,8,4,2,2,4,2,2,3,46,5,5,2
954,1,2,2,,,2,,,2,3,2,2,1,1,4,4,1,2,1,2,3,8,8,3,8,3,3,10,98,5,98,5,10,5,5,5,5,5,5,1,6,1,7,10,98,98,98,98,5,98,98,98,98,98,98,1,1,4,3,1,1,3,3,1,1,1,2,1,1,1,1,1,2,,1,1,,2,,,,,,1,4,2,1,1,1,1,1,1,4,4,4,4,1,4,4,4,3,2,3,50,8,5,1
954,2,1,2,2,,1,,,9,3,9,9,1,4,4,4,1,2,9,9,3,2,3,3,3,3,3,5,5,4,5,5,7,7,5,5,6,4,6,2,,2,,6,7,2,4,4,8,3,4,5,5,5,3,4,4,4,1,1,1,3,2,3,1,2,1,9,9,9,9,9,9,,9,9,,2,,,,,,1,4,2,1,1,1,1,1,1,4,4,4,4,3,4,4,4,3,2,3,42,5,5,2
954,1,2,1,,,1,,,1,1,2,2,2,2,5,5,2,,96,,,,,,,,,1,8,6,1,1,7,1,2,7,7,1,7,2,,1,1,1,4,5,3,3,3,3,2,4,2,4,3,3,2,1,2,2,3,3,3,9,1,2,9,2,2,9,1,2,1,2,9,2,,2,2,,,,,3,,3,2,2,2,2,2,2,3,2,2,3,3,4,1,4,1,2,6,33,9,5,1
954,1,2,1,,,2,,,1,1,2,2,3,2,3,4,3,,7,2,2,3,2,3,3,3,3,5,5,3,5,5,3,5,7,7,7,7,5,2,,2,,7,7,5,5,5,3,3,7,7,7,7,5,3,3,2,1,1,3,1,2,2,2,1,2,2,1,1,1,1,1,1,1,1,,1,1,6,3,2,3,1,3,2,1,1,1,1,1,1,3,3,3,3,3,3,3,4,1,2,4,34,6,5,1
954,2,2,1,2,,3,2,1,2,3,1,2,2,4,4,4,1,3,8,3,3,2,2,3,3,2,2,8,3,3,3,3,1,8,8,8,8,5,5,2,,1,6,5,1,1,1,1,1,5,1,4,4,4,5,4,1,4,2,1,1,3,3,2,3,2,2,2,1,1,1,1,2,2,1,1,,2,2,,,,,1,4,4,1,1,1,1,1,1,4,4,4,1,3,2,4,4,2,,4,28,2,5,2
954,1,1,2,,,1,,,3,1,1,2,4,2,4,4,1,1,9,3,2,2,1,3,1,1,8,5,5,5,2,5,3,3,5,8,7,9,7,8,,1,6,3,5,2,3,4,3,3,6,7,8,9,7,4,1,3,3,3,2,3,1,3,1,2,1,1,2,1,1,1,2,,1,1,,1,,,,,,3,,2,1,1,1,1,1,1,4,1,4,4,1,4,4,4,2,1,6,76,3,5,1
970,1,2,2,,,2,,,2,1,1,2,9,4,4,4,9,,17,9,3,8,3,3,3,3,3,97,97,97,97,97,9,97,97,97,97,97,97,2,,2,,5,8,5,3,5,5,5,97,97,10,7,97,3,3,4,3,1,1,3,3,2,1,2,2,2,2,2,2,2,2,,2,2,2,2,,,,,,3,,2,2,2,1,1,1,2,4,4,4,4,2,4,4,4,1,2,6,76,2,5,1
970,1,2,2,,,2,,,2,3,1,9,2,2,2,2,1,2,4,9,2,2,2,8,3,8,8,97,10,97,1,5,97,97,97,97,97,97,97,8,,1,4,4,7,1,5,98,4,3,5,7,8,8,7,2,2,3,2,1,1,1,3,1,1,2,1,2,2,2,9,1,2,,2,1,,9,,,,,,3,,3,9,9,2,9,2,9,4,3,4,4,1,4,4,4,1,2,3,69,2,5,1
970,1,2,1,,,1,,,2,2,1,2,2,2,2,3,1,1,4,2,2,2,2,3,3,2,2,98,98,6,9,98,8,98,98,98,98,98,98,8,,1,4,5,5,3,1,5,3,5,5,5,5,5,5,2,1,2,1,1,1,1,3,1,1,2,2,2,2,1,1,2,1,1,1,1,,2,1,4,2,2,2,2,4,2,1,1,1,1,1,1,2,4,2,2,3,4,4,3,1,2,6,42,9,5,1
972,1,2,1,,,2,,,1,3,1,1,1,1,1,1,3,,4,3,3,3,3,3,3,3,3,6,6,6,6,6,6,6,6,6,6,6,6,2,,2,,4,7,5,4,5,4,5,6,6,8,4,4,4,4,4,3,1,3,2,3,3,3,1,1,1,1,1,1,1,1,1,1,1,,2,1,4,1,3,1,1,3,3,9,9,9,9,9,9,2,2,2,2,2,2,2,4,9,2,6,30,8,5,2
972,3,2,2,,3,1,,,3,3,1,1,3,3,5,5,9,,97,,8,1,1,9,1,8,8,1,5,1,7,5,2,7,1,1,1,1,1,2,,8,,1,8,4,8,1,1,6,1,1,4,7,6,1,8,3,1,9,1,3,1,2,3,1,2,9,2,1,1,1,1,,9,2,,1,,,,,,1,3,1,2,2,2,1,9,1,1,1,8,1,4,8,1,4,2,1,5,46,9,3,1
972,1,2,2,,,1,,,1,2,1,2,1,5,1,4,1,1,97,,3,3,1,3,1,1,1,6,7,1,1,1,6,1,2,4,7,1,7,2,,2,,6,1,6,1,1,8,1,7,1,2,1,5,1,4,3,1,3,2,1,1,3,1,1,2,1,2,2,1,2,1,,1,2,,2,,,,,,1,3,1,1,1,1,1,1,1,1,1,4,2,4,1,8,4,2,1,3,28,2,5,2
972,3,2,2,,2,1,,,3,2,3,2,1,4,1,5,1,1,98,,8,1,3,3,1,1,1,8,7,9,1,9,1,1,1,1,8,1,1,1,1,1,5,98,98,98,98,1,98,98,98,98,9,98,98,3,4,4,3,1,9,3,1,9,1,1,2,2,2,1,1,2,2,,2,1,,2,,,,,,1,2,2,1,1,1,1,1,1,4,4,8,2,2,3,4,4,3,2,2,51,9,2,4
972,2,1,2,2,,1,,,2,1,3,2,2,2,2,2,1,1,9,2,3,8,2,2,3,2,3,10,1,1,1,4,1,6,4,1,1,1,1,8,,1,3,5,7,1,6,4,4,4,4,5,5,5,5,1,3,1,1,1,1,1,1,1,1,1,1,1,1,1,1,1,1,,1,1,,1,,,,,,4,,4,2,2,1,1,1,2,4,1,4,4,4,4,4,4,2,2,3,44,3,5,2
972,1,1,2,,,1,,,3,3,3,2,9,2,3,4,3,,97,,1,2,2,8,8,1,3,8,6,2,1,2,1,3,5,2,5,2,5,1,9,2,,6,2,5,8,6,2,5,1,1,2,8,2,1,4,3,2,2,1,2,1,2,1,1,2,9,2,2,2,1,1,,1,1,,1,,,,,,3,,1,9,2,1,1,1,2,2,1,1,2,2,1,1,2,1,1,4,58,9,5,1
972,1,1,1,,,2,,,9,3,9,9,9,9,9,9,1,1,4,3,9,8,8,3,8,8,8,5,5,5,5,5,5,5,5,5,5,5,5,1,9,8,,5,7,3,3,3,5,5,7,7,7,5,5,4,4,4,3,3,3,3,3,3,3,2,2,1,1,1,1,1,1,1,1,1,,2,2,,,,,1,4,2,1,1,1,1,1,1,3,4,2,4,2,2,4,4,1,2,5,37,5,5,1
972,1,1,1,,,3,1,,2,3,1,2,2,2,2,3,1,2,9,2,2,2,2,2,1,2,8,6,6,4,5,6,3,4,4,6,6,4,6,1,96,1,4,8,7,7,6,6,6,6,7,8,8,8,7,3,2,4,1,1,1,3,3,1,3,2,9,1,1,1,1,1,2,1,1,1,,2,2,,,,,1,4,3,1,1,1,1,1,1,4,4,4,2,1,4,4,4,1,,6,39,5,5,1
972,1,2,1,,,2,,,2,3,1,1,4,4,4,4,3,,9,2,3,3,3,3,3,3,3,6,8,6,6,6,5,5,6,6,6,6,6,1,4,1,10,5,7,98,6,5,97,5,97,5,5,97,98,3,3,3,3,1,2,3,2,1,2,1,9,2,2,1,1,2,2,2,1,1,,1,9,,,,,4,,2,1,1,1,1,1,1,4,4,4,3,1,3,4,4,3,2,3,28,5,5,1
972,1,1,2,,,1,,,1,3,1,2,2,1,5,5,9,,96,,,,,,,,,1,1,2,1,6,1,2,7,2,5,1,2,8,,2,,2,7,1,1,1,3,2,1,3,2,1,1,2,2,1,1,1,1,2,2,2,3,2,1,1,2,2,2,2,2,,1,2,,1,,,,,,1,4,1,1,1,2,1,2,2,3,1,1,3,4,2,2,2,1,1,6,78,9,5,1
972,3,2,1,,1,2,,,2,1,3,1,2,5,5,5,1,3,96,,,,,,,,,4,1,8,7,1,5,7,1,7,1,8,1,1,4,2,,5,8,1,1,7,8,1,1,8,1,9,1,3,3,8,3,3,1,1,3,1,9,1,2,1,2,1,2,2,2,1,2,1,,1,2,,,,,1,2,2,2,2,2,2,2,2,3,4,4,3,1,1,4,3,2,2,5,58,9,1,4
972,1,1,2,,,2,,,9,2,3,2,2,2,1,2,1,1,4,3,2,2,2,2,2,2,2,5,5,5,5,5,5,5,5,5,5,5,5,2,,2,,5,5,5,5,5,5,5,5,5,5,5,5,1,1,1,1,2,1,9,3,3,1,2,1,9,1,1,1,1,2,,1,1,,2,,,,,,1,1,3,1,1,1,1,1,1,4,4,4,4,2,4,4,4,3,2,3,50,3,5,1
972,1,2,2,,,9,9,9,,,,,,,,,,,,,,,,,,,,,,,,,,,,,,,,,,,,,,,,,,,,,,,,,,,,,,,,,,,,9,9,9,9,9,9,,9,9,9,,,,,,,,,,,,,,,,,,,,,,,,,,9,99,,9,9
972,1,1,2,,,1,,,1,3,1,1,1,1,1,4,1,1,4,2,3,1,2,3,1,3,1,4,7,3,2,5,3,3,5,4,6,6,5,1,10,2,,7,9,4,3,3,5,6,4,6,6,97,97,4,4,2,2,1,1,3,2,2,2,1,1,1,1,1,1,2,2,,1,1,,2,,,,,,1,3,3,1,1,1,1,1,1,3,1,1,3,1,4,1,3,1,1,5,39,9,1,4
972,1,1,2,,,2,,,1,3,1,2,2,2,2,4,1,1,4,2,2,2,2,3,2,3,2,4,10,4,4,4,5,5,8,6,8,9,5,2,,1,4,97,9,5,5,5,4,4,97,97,7,97,5,4,4,1,2,1,1,2,2,1,1,1,2,1,1,1,1,1,2,,1,1,,2,,,,,,1,3,1,1,1,1,1,1,1,4,4,4,4,2,4,4,4,3,2,6,51,7,5,1
972,1,1,2,,,2,,,2,1,1,2,4,4,4,4,3,,4,2,3,3,3,3,3,3,3,6,5,6,6,6,5,5,5,5,6,2,2,1,10,2,,3,97,8,6,97,4,3,97,5,8,97,4,4,4,4,1,3,1,2,2,2,1,1,1,2,1,1,1,2,1,,1,1,,1,,,,,,1,3,2,2,2,1,1,1,1,4,4,4,4,2,4,4,4,1,2,3,57,8,5,1
972,1,2,1,,,1,,,2,3,3,2,3,4,3,4,1,2,9,2,3,2,2,3,3,3,3,7,98,98,2,98,4,4,7,7,98,4,98,8,,2,,98,98,98,98,98,98,98,98,98,98,98,98,4,4,3,3,1,1,3,3,1,3,2,2,2,1,1,1,1,2,1,1,1,,2,2,,,,,1,1,2,2,2,2,2,1,2,4,4,4,4,2,4,4,4,1,2,5,29,5,5,1
